material,mass,secondary,r,code,wall
"1"" Stucco",Mass Located Inside Insulation,Stucco and/or Plaster,0.0 - 2.0,A1,No Value
"1"" Stucco",Mass Located Inside Insulation,Stucco and/or Plaster,2.0 - 2.5,A1,No Value
"1"" Stucco",Mass Located Inside Insulation,Stucco and/or Plaster,2.5 - 3.0,A1,No Value
"1"" Stucco",Mass Located Inside Insulation,Stucco and/or Plaster,3.0 - 3.5,A1,No Value
"1"" Stucco",Mass Located Inside Insulation,Stucco and/or Plaster,3.5 - 4.0,A1,No Value
"1"" Stucco",Mass Located Inside Insulation,Stucco and/or Plaster,4.0 - 4.75,A1,No Value
"1"" Stucco",Mass Located Inside Insulation,Stucco and/or Plaster,4.75 - 5.5,A1,No Value
"1"" Stucco",Mass Located Inside Insulation,Stucco and/or Plaster,5.5 - 6.5,A1,No Value
"1"" Stucco",Mass Located Inside Insulation,Stucco and/or Plaster,6.5 - 7.75,A1,No Value
"1"" Stucco",Mass Located Inside Insulation,Stucco and/or Plaster,7.75 - 9.0,A1,No Value
"1"" Stucco",Mass Located Inside Insulation,Stucco and/or Plaster,9.0 - 10.75,A1,No Value
"1"" Stucco",Mass Located Inside Insulation,Stucco and/or Plaster,10.75 - 12.75,A1,No Value
"1"" Stucco",Mass Located Inside Insulation,Stucco and/or Plaster,12.75 - 15.0,A1,No Value
"1"" Stucco",Mass Located Inside Insulation,Stucco and/or Plaster,15.0 - 17.5,A1,No Value
"1"" Stucco",Mass Located Inside Insulation,Stucco and/or Plaster,17.5 - 20.0,A1,No Value
"1"" Stucco",Mass Located Inside Insulation,Stucco and/or Plaster,20.0 - 23.0,A1,No Value
"1"" Stucco",Mass Located Inside Insulation,Stucco and/or Plaster,23.0 - 27.0,A1,No Value
"1"" Stucco",Mass Located Inside Insulation,Steel or other lightweight siding,0.0 - 2.0,A1,No Value
"1"" Stucco",Mass Located Inside Insulation,Steel or other lightweight siding,2.0 - 2.5,A1,No Value
"1"" Stucco",Mass Located Inside Insulation,Steel or other lightweight siding,2.5 - 3.0,A1,No Value
"1"" Stucco",Mass Located Inside Insulation,Steel or other lightweight siding,3.0 - 3.5,A1,No Value
"1"" Stucco",Mass Located Inside Insulation,Steel or other lightweight siding,3.5 - 4.0,A1,No Value
"1"" Stucco",Mass Located Inside Insulation,Steel or other lightweight siding,4.0 - 4.75,A1,No Value
"1"" Stucco",Mass Located Inside Insulation,Steel or other lightweight siding,4.75 - 5.5,A1,No Value
"1"" Stucco",Mass Located Inside Insulation,Steel or other lightweight siding,5.5 - 6.5,A1,No Value
"1"" Stucco",Mass Located Inside Insulation,Steel or other lightweight siding,6.5 - 7.75,A1,No Value
"1"" Stucco",Mass Located Inside Insulation,Steel or other lightweight siding,7.75 - 9.0,A1,No Value
"1"" Stucco",Mass Located Inside Insulation,Steel or other lightweight siding,9.0 - 10.75,A1,No Value
"1"" Stucco",Mass Located Inside Insulation,Steel or other lightweight siding,10.75 - 12.75,A1,No Value
"1"" Stucco",Mass Located Inside Insulation,Steel or other lightweight siding,12.75 - 15.0,A1,No Value
"1"" Stucco",Mass Located Inside Insulation,Steel or other lightweight siding,15.0 - 17.5,A1,No Value
"1"" Stucco",Mass Located Inside Insulation,Steel or other lightweight siding,17.5 - 20.0,A1,No Value
"1"" Stucco",Mass Located Inside Insulation,Steel or other lightweight siding,20.0 - 23.0,A1,No Value
"1"" Stucco",Mass Located Inside Insulation,Steel or other lightweight siding,23.0 - 27.0,A1,No Value
"1"" Stucco",Mass Located Inside Insulation,Face brick,0.0 - 2.0,A1,No Value
"1"" Stucco",Mass Located Inside Insulation,Face brick,2.0 - 2.5,A1,3
"1"" Stucco",Mass Located Inside Insulation,Face brick,2.5 - 3.0,A1,5
"1"" Stucco",Mass Located Inside Insulation,Face brick,3.0 - 3.5,A1,5
"1"" Stucco",Mass Located Inside Insulation,Face brick,3.5 - 4.0,A1,5
"1"" Stucco",Mass Located Inside Insulation,Face brick,4.0 - 4.75,A1,6
"1"" Stucco",Mass Located Inside Insulation,Face brick,4.75 - 5.5,A1,6
"1"" Stucco",Mass Located Inside Insulation,Face brick,5.5 - 6.5,A1,6
"1"" Stucco",Mass Located Inside Insulation,Face brick,6.5 - 7.75,A1,6
"1"" Stucco",Mass Located Inside Insulation,Face brick,7.75 - 9.0,A1,6
"1"" Stucco",Mass Located Inside Insulation,Face brick,9.0 - 10.75,A1,6
"1"" Stucco",Mass Located Inside Insulation,Face brick,10.75 - 12.75,A1,6
"1"" Stucco",Mass Located Inside Insulation,Face brick,12.75 - 15.0,A1,6
"1"" Stucco",Mass Located Inside Insulation,Face brick,15.0 - 17.5,A1,10
"1"" Stucco",Mass Located Inside Insulation,Face brick,17.5 - 20.0,A1,10
"1"" Stucco",Mass Located Inside Insulation,Face brick,20.0 - 23.0,A1,11
"1"" Stucco",Mass Located Inside Insulation,Face brick,23.0 - 27.0,A1,No Value
"1"" Stucco",Mass Evenly Distributed,Stucco and/or Plaster,0.0 - 2.0,A1,1
"1"" Stucco",Mass Evenly Distributed,Stucco and/or Plaster,2.0 - 2.5,A1,1
"1"" Stucco",Mass Evenly Distributed,Stucco and/or Plaster,2.5 - 3.0,A1,1
"1"" Stucco",Mass Evenly Distributed,Stucco and/or Plaster,3.0 - 3.5,A1,1
"1"" Stucco",Mass Evenly Distributed,Stucco and/or Plaster,3.5 - 4.0,A1,1
"1"" Stucco",Mass Evenly Distributed,Stucco and/or Plaster,4.0 - 4.75,A1,1
"1"" Stucco",Mass Evenly Distributed,Stucco and/or Plaster,4.75 - 5.5,A1,1
"1"" Stucco",Mass Evenly Distributed,Stucco and/or Plaster,5.5 - 6.5,A1,1
"1"" Stucco",Mass Evenly Distributed,Stucco and/or Plaster,6.5 - 7.75,A1,1
"1"" Stucco",Mass Evenly Distributed,Stucco and/or Plaster,7.75 - 9.0,A1,1
"1"" Stucco",Mass Evenly Distributed,Stucco and/or Plaster,9.0 - 10.75,A1,1
"1"" Stucco",Mass Evenly Distributed,Stucco and/or Plaster,10.75 - 12.75,A1,1
"1"" Stucco",Mass Evenly Distributed,Stucco and/or Plaster,12.75 - 15.0,A1,2
"1"" Stucco",Mass Evenly Distributed,Stucco and/or Plaster,15.0 - 17.5,A1,2
"1"" Stucco",Mass Evenly Distributed,Stucco and/or Plaster,17.5 - 20.0,A1,2
"1"" Stucco",Mass Evenly Distributed,Stucco and/or Plaster,20.0 - 23.0,A1,2
"1"" Stucco",Mass Evenly Distributed,Stucco and/or Plaster,23.0 - 27.0,A1,No Value
"1"" Stucco",Mass Evenly Distributed,Steel or other lightweight siding,0.0 - 2.0,A1,1
"1"" Stucco",Mass Evenly Distributed,Steel or other lightweight siding,2.0 - 2.5,A1,1
"1"" Stucco",Mass Evenly Distributed,Steel or other lightweight siding,2.5 - 3.0,A1,1
"1"" Stucco",Mass Evenly Distributed,Steel or other lightweight siding,3.0 - 3.5,A1,1
"1"" Stucco",Mass Evenly Distributed,Steel or other lightweight siding,3.5 - 4.0,A1,1
"1"" Stucco",Mass Evenly Distributed,Steel or other lightweight siding,4.0 - 4.75,A1,1
"1"" Stucco",Mass Evenly Distributed,Steel or other lightweight siding,4.75 - 5.5,A1,1
"1"" Stucco",Mass Evenly Distributed,Steel or other lightweight siding,5.5 - 6.5,A1,1
"1"" Stucco",Mass Evenly Distributed,Steel or other lightweight siding,6.5 - 7.75,A1,1
"1"" Stucco",Mass Evenly Distributed,Steel or other lightweight siding,7.75 - 9.0,A1,1
"1"" Stucco",Mass Evenly Distributed,Steel or other lightweight siding,9.0 - 10.75,A1,1
"1"" Stucco",Mass Evenly Distributed,Steel or other lightweight siding,10.75 - 12.75,A1,1
"1"" Stucco",Mass Evenly Distributed,Steel or other lightweight siding,12.75 - 15.0,A1,1
"1"" Stucco",Mass Evenly Distributed,Steel or other lightweight siding,15.0 - 17.5,A1,1
"1"" Stucco",Mass Evenly Distributed,Steel or other lightweight siding,17.5 - 20.0,A1,1
"1"" Stucco",Mass Evenly Distributed,Steel or other lightweight siding,20.0 - 23.0,A1,2
"1"" Stucco",Mass Evenly Distributed,Steel or other lightweight siding,23.0 - 27.0,A1,No Value
"1"" Stucco",Mass Evenly Distributed,Face brick,0.0 - 2.0,A1,3
"1"" Stucco",Mass Evenly Distributed,Face brick,2.0 - 2.5,A1,3
"1"" Stucco",Mass Evenly Distributed,Face brick,2.5 - 3.0,A1,4
"1"" Stucco",Mass Evenly Distributed,Face brick,3.0 - 3.5,A1,No Value
"1"" Stucco",Mass Evenly Distributed,Face brick,3.5 - 4.0,A1,No Value
"1"" Stucco",Mass Evenly Distributed,Face brick,4.0 - 4.75,A1,No Value
"1"" Stucco",Mass Evenly Distributed,Face brick,4.75 - 5.5,A1,No Value
"1"" Stucco",Mass Evenly Distributed,Face brick,5.5 - 6.5,A1,No Value
"1"" Stucco",Mass Evenly Distributed,Face brick,6.5 - 7.75,A1,No Value
"1"" Stucco",Mass Evenly Distributed,Face brick,7.75 - 9.0,A1,No Value
"1"" Stucco",Mass Evenly Distributed,Face brick,9.0 - 10.75,A1,No Value
"1"" Stucco",Mass Evenly Distributed,Face brick,10.75 - 12.75,A1,No Value
"1"" Stucco",Mass Evenly Distributed,Face brick,12.75 - 15.0,A1,No Value
"1"" Stucco",Mass Evenly Distributed,Face brick,15.0 - 17.5,A1,No Value
"1"" Stucco",Mass Evenly Distributed,Face brick,17.5 - 20.0,A1,No Value
"1"" Stucco",Mass Evenly Distributed,Face brick,20.0 - 23.0,A1,No Value
"1"" Stucco",Mass Evenly Distributed,Face brick,23.0 - 27.0,A1,No Value
"1"" Stucco",Mass Located Outside Insulation,Stucco and/or Plaster,0.0 - 2.0,A1,No Value
"1"" Stucco",Mass Located Outside Insulation,Stucco and/or Plaster,2.0 - 2.5,A1,No Value
"1"" Stucco",Mass Located Outside Insulation,Stucco and/or Plaster,2.5 - 3.0,A1,No Value
"1"" Stucco",Mass Located Outside Insulation,Stucco and/or Plaster,3.0 - 3.5,A1,No Value
"1"" Stucco",Mass Located Outside Insulation,Stucco and/or Plaster,3.5 - 4.0,A1,No Value
"1"" Stucco",Mass Located Outside Insulation,Stucco and/or Plaster,4.0 - 4.75,A1,No Value
"1"" Stucco",Mass Located Outside Insulation,Stucco and/or Plaster,4.75 - 5.5,A1,No Value
"1"" Stucco",Mass Located Outside Insulation,Stucco and/or Plaster,5.5 - 6.5,A1,No Value
"1"" Stucco",Mass Located Outside Insulation,Stucco and/or Plaster,6.5 - 7.75,A1,No Value
"1"" Stucco",Mass Located Outside Insulation,Stucco and/or Plaster,7.75 - 9.0,A1,No Value
"1"" Stucco",Mass Located Outside Insulation,Stucco and/or Plaster,9.0 - 10.75,A1,No Value
"1"" Stucco",Mass Located Outside Insulation,Stucco and/or Plaster,10.75 - 12.75,A1,No Value
"1"" Stucco",Mass Located Outside Insulation,Stucco and/or Plaster,12.75 - 15.0,A1,No Value
"1"" Stucco",Mass Located Outside Insulation,Stucco and/or Plaster,15.0 - 17.5,A1,No Value
"1"" Stucco",Mass Located Outside Insulation,Stucco and/or Plaster,17.5 - 20.0,A1,No Value
"1"" Stucco",Mass Located Outside Insulation,Stucco and/or Plaster,20.0 - 23.0,A1,No Value
"1"" Stucco",Mass Located Outside Insulation,Stucco and/or Plaster,23.0 - 27.0,A1,No Value
"1"" Stucco",Mass Located Outside Insulation,Steel or other lightweight siding,0.0 - 2.0,A1,No Value
"1"" Stucco",Mass Located Outside Insulation,Steel or other lightweight siding,2.0 - 2.5,A1,No Value
"1"" Stucco",Mass Located Outside Insulation,Steel or other lightweight siding,2.5 - 3.0,A1,No Value
"1"" Stucco",Mass Located Outside Insulation,Steel or other lightweight siding,3.0 - 3.5,A1,No Value
"1"" Stucco",Mass Located Outside Insulation,Steel or other lightweight siding,3.5 - 4.0,A1,No Value
"1"" Stucco",Mass Located Outside Insulation,Steel or other lightweight siding,4.0 - 4.75,A1,No Value
"1"" Stucco",Mass Located Outside Insulation,Steel or other lightweight siding,4.75 - 5.5,A1,No Value
"1"" Stucco",Mass Located Outside Insulation,Steel or other lightweight siding,5.5 - 6.5,A1,No Value
"1"" Stucco",Mass Located Outside Insulation,Steel or other lightweight siding,6.5 - 7.75,A1,No Value
"1"" Stucco",Mass Located Outside Insulation,Steel or other lightweight siding,7.75 - 9.0,A1,No Value
"1"" Stucco",Mass Located Outside Insulation,Steel or other lightweight siding,9.0 - 10.75,A1,No Value
"1"" Stucco",Mass Located Outside Insulation,Steel or other lightweight siding,10.75 - 12.75,A1,No Value
"1"" Stucco",Mass Located Outside Insulation,Steel or other lightweight siding,12.75 - 15.0,A1,No Value
"1"" Stucco",Mass Located Outside Insulation,Steel or other lightweight siding,15.0 - 17.5,A1,No Value
"1"" Stucco",Mass Located Outside Insulation,Steel or other lightweight siding,17.5 - 20.0,A1,No Value
"1"" Stucco",Mass Located Outside Insulation,Steel or other lightweight siding,20.0 - 23.0,A1,No Value
"1"" Stucco",Mass Located Outside Insulation,Steel or other lightweight siding,23.0 - 27.0,A1,No Value
"1"" Stucco",Mass Located Outside Insulation,Face brick,0.0 - 2.0,A1,No Value
"1"" Stucco",Mass Located Outside Insulation,Face brick,2.0 - 2.5,A1,3
"1"" Stucco",Mass Located Outside Insulation,Face brick,2.5 - 3.0,A1,3
"1"" Stucco",Mass Located Outside Insulation,Face brick,3.0 - 3.5,A1,3
"1"" Stucco",Mass Located Outside Insulation,Face brick,3.5 - 4.0,A1,3
"1"" Stucco",Mass Located Outside Insulation,Face brick,4.0 - 4.75,A1,3
"1"" Stucco",Mass Located Outside Insulation,Face brick,4.75 - 5.5,A1,3
"1"" Stucco",Mass Located Outside Insulation,Face brick,5.5 - 6.5,A1,4
"1"" Stucco",Mass Located Outside Insulation,Face brick,6.5 - 7.75,A1,4
"1"" Stucco",Mass Located Outside Insulation,Face brick,7.75 - 9.0,A1,5
"1"" Stucco",Mass Located Outside Insulation,Face brick,9.0 - 10.75,A1,5
"1"" Stucco",Mass Located Outside Insulation,Face brick,10.75 - 12.75,A1,5
"1"" Stucco",Mass Located Outside Insulation,Face brick,12.75 - 15.0,A1,5
"1"" Stucco",Mass Located Outside Insulation,Face brick,15.0 - 17.5,A1,5
"1"" Stucco",Mass Located Outside Insulation,Face brick,17.5 - 20.0,A1,5
"1"" Stucco",Mass Located Outside Insulation,Face brick,20.0 - 23.0,A1,9
"1"" Stucco",Mass Located Outside Insulation,Face brick,23.0 - 27.0,A1,No Value
"1"" Wood",Mass Located Inside Insulation,Stucco and/or Plaster,0.0 - 2.0,B7,No Value
"1"" Wood",Mass Located Inside Insulation,Stucco and/or Plaster,2.0 - 2.5,B7,No Value
"1"" Wood",Mass Located Inside Insulation,Stucco and/or Plaster,2.5 - 3.0,B7,No Value
"1"" Wood",Mass Located Inside Insulation,Stucco and/or Plaster,3.0 - 3.5,B7,No Value
"1"" Wood",Mass Located Inside Insulation,Stucco and/or Plaster,3.5 - 4.0,B7,No Value
"1"" Wood",Mass Located Inside Insulation,Stucco and/or Plaster,4.0 - 4.75,B7,No Value
"1"" Wood",Mass Located Inside Insulation,Stucco and/or Plaster,4.75 - 5.5,B7,No Value
"1"" Wood",Mass Located Inside Insulation,Stucco and/or Plaster,5.5 - 6.5,B7,No Value
"1"" Wood",Mass Located Inside Insulation,Stucco and/or Plaster,6.5 - 7.75,B7,No Value
"1"" Wood",Mass Located Inside Insulation,Stucco and/or Plaster,7.75 - 9.0,B7,No Value
"1"" Wood",Mass Located Inside Insulation,Stucco and/or Plaster,9.0 - 10.75,B7,No Value
"1"" Wood",Mass Located Inside Insulation,Stucco and/or Plaster,10.75 - 12.75,B7,No Value
"1"" Wood",Mass Located Inside Insulation,Stucco and/or Plaster,12.75 - 15.0,B7,No Value
"1"" Wood",Mass Located Inside Insulation,Stucco and/or Plaster,15.0 - 17.5,B7,No Value
"1"" Wood",Mass Located Inside Insulation,Stucco and/or Plaster,17.5 - 20.0,B7,No Value
"1"" Wood",Mass Located Inside Insulation,Stucco and/or Plaster,20.0 - 23.0,B7,No Value
"1"" Wood",Mass Located Inside Insulation,Stucco and/or Plaster,23.0 - 27.0,B7,No Value
"1"" Wood",Mass Located Inside Insulation,Steel or other lightweight siding,0.0 - 2.0,B7,No Value
"1"" Wood",Mass Located Inside Insulation,Steel or other lightweight siding,2.0 - 2.5,B7,No Value
"1"" Wood",Mass Located Inside Insulation,Steel or other lightweight siding,2.5 - 3.0,B7,No Value
"1"" Wood",Mass Located Inside Insulation,Steel or other lightweight siding,3.0 - 3.5,B7,No Value
"1"" Wood",Mass Located Inside Insulation,Steel or other lightweight siding,3.5 - 4.0,B7,No Value
"1"" Wood",Mass Located Inside Insulation,Steel or other lightweight siding,4.0 - 4.75,B7,No Value
"1"" Wood",Mass Located Inside Insulation,Steel or other lightweight siding,4.75 - 5.5,B7,No Value
"1"" Wood",Mass Located Inside Insulation,Steel or other lightweight siding,5.5 - 6.5,B7,No Value
"1"" Wood",Mass Located Inside Insulation,Steel or other lightweight siding,6.5 - 7.75,B7,No Value
"1"" Wood",Mass Located Inside Insulation,Steel or other lightweight siding,7.75 - 9.0,B7,No Value
"1"" Wood",Mass Located Inside Insulation,Steel or other lightweight siding,9.0 - 10.75,B7,No Value
"1"" Wood",Mass Located Inside Insulation,Steel or other lightweight siding,10.75 - 12.75,B7,No Value
"1"" Wood",Mass Located Inside Insulation,Steel or other lightweight siding,12.75 - 15.0,B7,No Value
"1"" Wood",Mass Located Inside Insulation,Steel or other lightweight siding,15.0 - 17.5,B7,No Value
"1"" Wood",Mass Located Inside Insulation,Steel or other lightweight siding,17.5 - 20.0,B7,No Value
"1"" Wood",Mass Located Inside Insulation,Steel or other lightweight siding,20.0 - 23.0,B7,No Value
"1"" Wood",Mass Located Inside Insulation,Steel or other lightweight siding,23.0 - 27.0,B7,No Value
"1"" Wood",Mass Located Inside Insulation,Face brick,0.0 - 2.0,B7,No Value
"1"" Wood",Mass Located Inside Insulation,Face brick,2.0 - 2.5,B7,No Value
"1"" Wood",Mass Located Inside Insulation,Face brick,2.5 - 3.0,B7,No Value
"1"" Wood",Mass Located Inside Insulation,Face brick,3.0 - 3.5,B7,5
"1"" Wood",Mass Located Inside Insulation,Face brick,3.5 - 4.0,B7,6
"1"" Wood",Mass Located Inside Insulation,Face brick,4.0 - 4.75,B7,6
"1"" Wood",Mass Located Inside Insulation,Face brick,4.75 - 5.5,B7,6
"1"" Wood",Mass Located Inside Insulation,Face brick,5.5 - 6.5,B7,6
"1"" Wood",Mass Located Inside Insulation,Face brick,6.5 - 7.75,B7,6
"1"" Wood",Mass Located Inside Insulation,Face brick,7.75 - 9.0,B7,10
"1"" Wood",Mass Located Inside Insulation,Face brick,9.0 - 10.75,B7,10
"1"" Wood",Mass Located Inside Insulation,Face brick,10.75 - 12.75,B7,10
"1"" Wood",Mass Located Inside Insulation,Face brick,12.75 - 15.0,B7,11
"1"" Wood",Mass Located Inside Insulation,Face brick,15.0 - 17.5,B7,11
"1"" Wood",Mass Located Inside Insulation,Face brick,17.5 - 20.0,B7,11
"1"" Wood",Mass Located Inside Insulation,Face brick,20.0 - 23.0,B7,15
"1"" Wood",Mass Located Inside Insulation,Face brick,23.0 - 27.0,B7,No Value
"1"" Wood",Mass Evenly Distributed,Stucco and/or Plaster,0.0 - 2.0,B7,No Value
"1"" Wood",Mass Evenly Distributed,Stucco and/or Plaster,2.0 - 2.5,B7,1
"1"" Wood",Mass Evenly Distributed,Stucco and/or Plaster,2.5 - 3.0,B7,1
"1"" Wood",Mass Evenly Distributed,Stucco and/or Plaster,3.0 - 3.5,B7,1
"1"" Wood",Mass Evenly Distributed,Stucco and/or Plaster,3.5 - 4.0,B7,1
"1"" Wood",Mass Evenly Distributed,Stucco and/or Plaster,4.0 - 4.75,B7,1
"1"" Wood",Mass Evenly Distributed,Stucco and/or Plaster,4.75 - 5.5,B7,1
"1"" Wood",Mass Evenly Distributed,Stucco and/or Plaster,5.5 - 6.5,B7,2
"1"" Wood",Mass Evenly Distributed,Stucco and/or Plaster,6.5 - 7.75,B7,2
"1"" Wood",Mass Evenly Distributed,Stucco and/or Plaster,7.75 - 9.0,B7,2
"1"" Wood",Mass Evenly Distributed,Stucco and/or Plaster,9.0 - 10.75,B7,2
"1"" Wood",Mass Evenly Distributed,Stucco and/or Plaster,10.75 - 12.75,B7,2
"1"" Wood",Mass Evenly Distributed,Stucco and/or Plaster,12.75 - 15.0,B7,2
"1"" Wood",Mass Evenly Distributed,Stucco and/or Plaster,15.0 - 17.5,B7,2
"1"" Wood",Mass Evenly Distributed,Stucco and/or Plaster,17.5 - 20.0,B7,2
"1"" Wood",Mass Evenly Distributed,Stucco and/or Plaster,20.0 - 23.0,B7,4
"1"" Wood",Mass Evenly Distributed,Stucco and/or Plaster,23.0 - 27.0,B7,No Value
"1"" Wood",Mass Evenly Distributed,Steel or other lightweight siding,0.0 - 2.0,B7,No Value
"1"" Wood",Mass Evenly Distributed,Steel or other lightweight siding,2.0 - 2.5,B7,1
"1"" Wood",Mass Evenly Distributed,Steel or other lightweight siding,2.5 - 3.0,B7,1
"1"" Wood",Mass Evenly Distributed,Steel or other lightweight siding,3.0 - 3.5,B7,1
"1"" Wood",Mass Evenly Distributed,Steel or other lightweight siding,3.5 - 4.0,B7,1
"1"" Wood",Mass Evenly Distributed,Steel or other lightweight siding,4.0 - 4.75,B7,1
"1"" Wood",Mass Evenly Distributed,Steel or other lightweight siding,4.75 - 5.5,B7,1
"1"" Wood",Mass Evenly Distributed,Steel or other lightweight siding,5.5 - 6.5,B7,1
"1"" Wood",Mass Evenly Distributed,Steel or other lightweight siding,6.5 - 7.75,B7,1
"1"" Wood",Mass Evenly Distributed,Steel or other lightweight siding,7.75 - 9.0,B7,2
"1"" Wood",Mass Evenly Distributed,Steel or other lightweight siding,9.0 - 10.75,B7,2
"1"" Wood",Mass Evenly Distributed,Steel or other lightweight siding,10.75 - 12.75,B7,2
"1"" Wood",Mass Evenly Distributed,Steel or other lightweight siding,12.75 - 15.0,B7,2
"1"" Wood",Mass Evenly Distributed,Steel or other lightweight siding,15.0 - 17.5,B7,2
"1"" Wood",Mass Evenly Distributed,Steel or other lightweight siding,17.5 - 20.0,B7,2
"1"" Wood",Mass Evenly Distributed,Steel or other lightweight siding,20.0 - 23.0,B7,4
"1"" Wood",Mass Evenly Distributed,Steel or other lightweight siding,23.0 - 27.0,B7,No Value
"1"" Wood",Mass Evenly Distributed,Face brick,0.0 - 2.0,B7,No Value
"1"" Wood",Mass Evenly Distributed,Face brick,2.0 - 2.5,B7,No Value
"1"" Wood",Mass Evenly Distributed,Face brick,2.5 - 3.0,B7,5
"1"" Wood",Mass Evenly Distributed,Face brick,3.0 - 3.5,B7,5
"1"" Wood",Mass Evenly Distributed,Face brick,3.5 - 4.0,B7,5
"1"" Wood",Mass Evenly Distributed,Face brick,4.0 - 4.75,B7,No Value
"1"" Wood",Mass Evenly Distributed,Face brick,4.75 - 5.5,B7,No Value
"1"" Wood",Mass Evenly Distributed,Face brick,5.5 - 6.5,B7,No Value
"1"" Wood",Mass Evenly Distributed,Face brick,6.5 - 7.75,B7,No Value
"1"" Wood",Mass Evenly Distributed,Face brick,7.75 - 9.0,B7,No Value
"1"" Wood",Mass Evenly Distributed,Face brick,9.0 - 10.75,B7,No Value
"1"" Wood",Mass Evenly Distributed,Face brick,10.75 - 12.75,B7,No Value
"1"" Wood",Mass Evenly Distributed,Face brick,12.75 - 15.0,B7,No Value
"1"" Wood",Mass Evenly Distributed,Face brick,15.0 - 17.5,B7,No Value
"1"" Wood",Mass Evenly Distributed,Face brick,17.5 - 20.0,B7,No Value
"1"" Wood",Mass Evenly Distributed,Face brick,20.0 - 23.0,B7,No Value
"1"" Wood",Mass Evenly Distributed,Face brick,23.0 - 27.0,B7,No Value
"1"" Wood",Mass Located Outside Insulation,Stucco and/or Plaster,0.0 - 2.0,B7,No Value
"1"" Wood",Mass Located Outside Insulation,Stucco and/or Plaster,2.0 - 2.5,B7,No Value
"1"" Wood",Mass Located Outside Insulation,Stucco and/or Plaster,2.5 - 3.0,B7,No Value
"1"" Wood",Mass Located Outside Insulation,Stucco and/or Plaster,3.0 - 3.5,B7,No Value
"1"" Wood",Mass Located Outside Insulation,Stucco and/or Plaster,3.5 - 4.0,B7,No Value
"1"" Wood",Mass Located Outside Insulation,Stucco and/or Plaster,4.0 - 4.75,B7,No Value
"1"" Wood",Mass Located Outside Insulation,Stucco and/or Plaster,4.75 - 5.5,B7,No Value
"1"" Wood",Mass Located Outside Insulation,Stucco and/or Plaster,5.5 - 6.5,B7,No Value
"1"" Wood",Mass Located Outside Insulation,Stucco and/or Plaster,6.5 - 7.75,B7,No Value
"1"" Wood",Mass Located Outside Insulation,Stucco and/or Plaster,7.75 - 9.0,B7,No Value
"1"" Wood",Mass Located Outside Insulation,Stucco and/or Plaster,9.0 - 10.75,B7,No Value
"1"" Wood",Mass Located Outside Insulation,Stucco and/or Plaster,10.75 - 12.75,B7,No Value
"1"" Wood",Mass Located Outside Insulation,Stucco and/or Plaster,12.75 - 15.0,B7,No Value
"1"" Wood",Mass Located Outside Insulation,Stucco and/or Plaster,15.0 - 17.5,B7,No Value
"1"" Wood",Mass Located Outside Insulation,Stucco and/or Plaster,17.5 - 20.0,B7,No Value
"1"" Wood",Mass Located Outside Insulation,Stucco and/or Plaster,20.0 - 23.0,B7,No Value
"1"" Wood",Mass Located Outside Insulation,Stucco and/or Plaster,23.0 - 27.0,B7,No Value
"1"" Wood",Mass Located Outside Insulation,Steel or other lightweight siding,0.0 - 2.0,B7,No Value
"1"" Wood",Mass Located Outside Insulation,Steel or other lightweight siding,2.0 - 2.5,B7,No Value
"1"" Wood",Mass Located Outside Insulation,Steel or other lightweight siding,2.5 - 3.0,B7,No Value
"1"" Wood",Mass Located Outside Insulation,Steel or other lightweight siding,3.0 - 3.5,B7,No Value
"1"" Wood",Mass Located Outside Insulation,Steel or other lightweight siding,3.5 - 4.0,B7,No Value
"1"" Wood",Mass Located Outside Insulation,Steel or other lightweight siding,4.0 - 4.75,B7,No Value
"1"" Wood",Mass Located Outside Insulation,Steel or other lightweight siding,4.75 - 5.5,B7,No Value
"1"" Wood",Mass Located Outside Insulation,Steel or other lightweight siding,5.5 - 6.5,B7,No Value
"1"" Wood",Mass Located Outside Insulation,Steel or other lightweight siding,6.5 - 7.75,B7,No Value
"1"" Wood",Mass Located Outside Insulation,Steel or other lightweight siding,7.75 - 9.0,B7,No Value
"1"" Wood",Mass Located Outside Insulation,Steel or other lightweight siding,9.0 - 10.75,B7,No Value
"1"" Wood",Mass Located Outside Insulation,Steel or other lightweight siding,10.75 - 12.75,B7,No Value
"1"" Wood",Mass Located Outside Insulation,Steel or other lightweight siding,12.75 - 15.0,B7,No Value
"1"" Wood",Mass Located Outside Insulation,Steel or other lightweight siding,15.0 - 17.5,B7,No Value
"1"" Wood",Mass Located Outside Insulation,Steel or other lightweight siding,17.5 - 20.0,B7,No Value
"1"" Wood",Mass Located Outside Insulation,Steel or other lightweight siding,20.0 - 23.0,B7,No Value
"1"" Wood",Mass Located Outside Insulation,Steel or other lightweight siding,23.0 - 27.0,B7,No Value
"1"" Wood",Mass Located Outside Insulation,Face brick,0.0 - 2.0,B7,No Value
"1"" Wood",Mass Located Outside Insulation,Face brick,2.0 - 2.5,B7,No Value
"1"" Wood",Mass Located Outside Insulation,Face brick,2.5 - 3.0,B7,No Value
"1"" Wood",Mass Located Outside Insulation,Face brick,3.0 - 3.5,B7,5
"1"" Wood",Mass Located Outside Insulation,Face brick,3.5 - 4.0,B7,5
"1"" Wood",Mass Located Outside Insulation,Face brick,4.0 - 4.75,B7,5
"1"" Wood",Mass Located Outside Insulation,Face brick,4.75 - 5.5,B7,5
"1"" Wood",Mass Located Outside Insulation,Face brick,5.5 - 6.5,B7,5
"1"" Wood",Mass Located Outside Insulation,Face brick,6.5 - 7.75,B7,5
"1"" Wood",Mass Located Outside Insulation,Face brick,7.75 - 9.0,B7,5
"1"" Wood",Mass Located Outside Insulation,Face brick,9.0 - 10.75,B7,9
"1"" Wood",Mass Located Outside Insulation,Face brick,10.75 - 12.75,B7,10
"1"" Wood",Mass Located Outside Insulation,Face brick,12.75 - 15.0,B7,10
"1"" Wood",Mass Located Outside Insulation,Face brick,15.0 - 17.5,B7,10
"1"" Wood",Mass Located Outside Insulation,Face brick,17.5 - 20.0,B7,10
"1"" Wood",Mass Located Outside Insulation,Face brick,20.0 - 23.0,B7,15
"1"" Wood",Mass Located Outside Insulation,Face brick,23.0 - 27.0,B7,No Value
"2"" Wood",Mass Located Inside Insulation,Stucco and/or Plaster,0.0 - 2.0,B10,No Value
"2"" Wood",Mass Located Inside Insulation,Stucco and/or Plaster,2.0 - 2.5,B10,No Value
"2"" Wood",Mass Located Inside Insulation,Stucco and/or Plaster,2.5 - 3.0,B10,No Value
"2"" Wood",Mass Located Inside Insulation,Stucco and/or Plaster,3.0 - 3.5,B10,No Value
"2"" Wood",Mass Located Inside Insulation,Stucco and/or Plaster,3.5 - 4.0,B10,No Value
"2"" Wood",Mass Located Inside Insulation,Stucco and/or Plaster,4.0 - 4.75,B10,No Value
"2"" Wood",Mass Located Inside Insulation,Stucco and/or Plaster,4.75 - 5.5,B10,No Value
"2"" Wood",Mass Located Inside Insulation,Stucco and/or Plaster,5.5 - 6.5,B10,No Value
"2"" Wood",Mass Located Inside Insulation,Stucco and/or Plaster,6.5 - 7.75,B10,No Value
"2"" Wood",Mass Located Inside Insulation,Stucco and/or Plaster,7.75 - 9.0,B10,No Value
"2"" Wood",Mass Located Inside Insulation,Stucco and/or Plaster,9.0 - 10.75,B10,No Value
"2"" Wood",Mass Located Inside Insulation,Stucco and/or Plaster,10.75 - 12.75,B10,No Value
"2"" Wood",Mass Located Inside Insulation,Stucco and/or Plaster,12.75 - 15.0,B10,No Value
"2"" Wood",Mass Located Inside Insulation,Stucco and/or Plaster,15.0 - 17.5,B10,No Value
"2"" Wood",Mass Located Inside Insulation,Stucco and/or Plaster,17.5 - 20.0,B10,No Value
"2"" Wood",Mass Located Inside Insulation,Stucco and/or Plaster,20.0 - 23.0,B10,No Value
"2"" Wood",Mass Located Inside Insulation,Stucco and/or Plaster,23.0 - 27.0,B10,No Value
"2"" Wood",Mass Located Inside Insulation,Steel or other lightweight siding,0.0 - 2.0,B10,No Value
"2"" Wood",Mass Located Inside Insulation,Steel or other lightweight siding,2.0 - 2.5,B10,No Value
"2"" Wood",Mass Located Inside Insulation,Steel or other lightweight siding,2.5 - 3.0,B10,No Value
"2"" Wood",Mass Located Inside Insulation,Steel or other lightweight siding,3.0 - 3.5,B10,No Value
"2"" Wood",Mass Located Inside Insulation,Steel or other lightweight siding,3.5 - 4.0,B10,No Value
"2"" Wood",Mass Located Inside Insulation,Steel or other lightweight siding,4.0 - 4.75,B10,No Value
"2"" Wood",Mass Located Inside Insulation,Steel or other lightweight siding,4.75 - 5.5,B10,No Value
"2"" Wood",Mass Located Inside Insulation,Steel or other lightweight siding,5.5 - 6.5,B10,No Value
"2"" Wood",Mass Located Inside Insulation,Steel or other lightweight siding,6.5 - 7.75,B10,No Value
"2"" Wood",Mass Located Inside Insulation,Steel or other lightweight siding,7.75 - 9.0,B10,No Value
"2"" Wood",Mass Located Inside Insulation,Steel or other lightweight siding,9.0 - 10.75,B10,No Value
"2"" Wood",Mass Located Inside Insulation,Steel or other lightweight siding,10.75 - 12.75,B10,No Value
"2"" Wood",Mass Located Inside Insulation,Steel or other lightweight siding,12.75 - 15.0,B10,No Value
"2"" Wood",Mass Located Inside Insulation,Steel or other lightweight siding,15.0 - 17.5,B10,No Value
"2"" Wood",Mass Located Inside Insulation,Steel or other lightweight siding,17.5 - 20.0,B10,No Value
"2"" Wood",Mass Located Inside Insulation,Steel or other lightweight siding,20.0 - 23.0,B10,No Value
"2"" Wood",Mass Located Inside Insulation,Steel or other lightweight siding,23.0 - 27.0,B10,No Value
"2"" Wood",Mass Located Inside Insulation,Face brick,0.0 - 2.0,B10,No Value
"2"" Wood",Mass Located Inside Insulation,Face brick,2.0 - 2.5,B10,No Value
"2"" Wood",Mass Located Inside Insulation,Face brick,2.5 - 3.0,B10,No Value
"2"" Wood",Mass Located Inside Insulation,Face brick,3.0 - 3.5,B10,No Value
"2"" Wood",Mass Located Inside Insulation,Face brick,3.5 - 4.0,B10,No Value
"2"" Wood",Mass Located Inside Insulation,Face brick,4.0 - 4.75,B10,10
"2"" Wood",Mass Located Inside Insulation,Face brick,4.75 - 5.5,B10,11
"2"" Wood",Mass Located Inside Insulation,Face brick,5.5 - 6.5,B10,11
"2"" Wood",Mass Located Inside Insulation,Face brick,6.5 - 7.75,B10,11
"2"" Wood",Mass Located Inside Insulation,Face brick,7.75 - 9.0,B10,16
"2"" Wood",Mass Located Inside Insulation,Face brick,9.0 - 10.75,B10,16
"2"" Wood",Mass Located Inside Insulation,Face brick,10.75 - 12.75,B10,16
"2"" Wood",Mass Located Inside Insulation,Face brick,12.75 - 15.0,B10,16
"2"" Wood",Mass Located Inside Insulation,Face brick,15.0 - 17.5,B10,No Value
"2"" Wood",Mass Located Inside Insulation,Face brick,17.5 - 20.0,B10,No Value
"2"" Wood",Mass Located Inside Insulation,Face brick,20.0 - 23.0,B10,No Value
"2"" Wood",Mass Located Inside Insulation,Face brick,23.0 - 27.0,B10,No Value
"2"" Wood",Mass Evenly Distributed,Stucco and/or Plaster,0.0 - 2.0,B10,No Value
"2"" Wood",Mass Evenly Distributed,Stucco and/or Plaster,2.0 - 2.5,B10,No Value
"2"" Wood",Mass Evenly Distributed,Stucco and/or Plaster,2.5 - 3.0,B10,No Value
"2"" Wood",Mass Evenly Distributed,Stucco and/or Plaster,3.0 - 3.5,B10,No Value
"2"" Wood",Mass Evenly Distributed,Stucco and/or Plaster,3.5 - 4.0,B10,2
"2"" Wood",Mass Evenly Distributed,Stucco and/or Plaster,4.0 - 4.75,B10,2
"2"" Wood",Mass Evenly Distributed,Stucco and/or Plaster,4.75 - 5.5,B10,2
"2"" Wood",Mass Evenly Distributed,Stucco and/or Plaster,5.5 - 6.5,B10,4
"2"" Wood",Mass Evenly Distributed,Stucco and/or Plaster,6.5 - 7.75,B10,4
"2"" Wood",Mass Evenly Distributed,Stucco and/or Plaster,7.75 - 9.0,B10,4
"2"" Wood",Mass Evenly Distributed,Stucco and/or Plaster,9.0 - 10.75,B10,4
"2"" Wood",Mass Evenly Distributed,Stucco and/or Plaster,10.75 - 12.75,B10,5
"2"" Wood",Mass Evenly Distributed,Stucco and/or Plaster,12.75 - 15.0,B10,5
"2"" Wood",Mass Evenly Distributed,Stucco and/or Plaster,15.0 - 17.5,B10,5
"2"" Wood",Mass Evenly Distributed,Stucco and/or Plaster,17.5 - 20.0,B10,9
"2"" Wood",Mass Evenly Distributed,Stucco and/or Plaster,20.0 - 23.0,B10,9
"2"" Wood",Mass Evenly Distributed,Stucco and/or Plaster,23.0 - 27.0,B10,9
"2"" Wood",Mass Evenly Distributed,Steel or other lightweight siding,0.0 - 2.0,B10,No Value
"2"" Wood",Mass Evenly Distributed,Steel or other lightweight siding,2.0 - 2.5,B10,No Value
"2"" Wood",Mass Evenly Distributed,Steel or other lightweight siding,2.5 - 3.0,B10,No Value
"2"" Wood",Mass Evenly Distributed,Steel or other lightweight siding,3.0 - 3.5,B10,No Value
"2"" Wood",Mass Evenly Distributed,Steel or other lightweight siding,3.5 - 4.0,B10,2
"2"" Wood",Mass Evenly Distributed,Steel or other lightweight siding,4.0 - 4.75,B10,2
"2"" Wood",Mass Evenly Distributed,Steel or other lightweight siding,4.75 - 5.5,B10,2
"2"" Wood",Mass Evenly Distributed,Steel or other lightweight siding,5.5 - 6.5,B10,2
"2"" Wood",Mass Evenly Distributed,Steel or other lightweight siding,6.5 - 7.75,B10,4
"2"" Wood",Mass Evenly Distributed,Steel or other lightweight siding,7.75 - 9.0,B10,4
"2"" Wood",Mass Evenly Distributed,Steel or other lightweight siding,9.0 - 10.75,B10,4
"2"" Wood",Mass Evenly Distributed,Steel or other lightweight siding,10.75 - 12.75,B10,4
"2"" Wood",Mass Evenly Distributed,Steel or other lightweight siding,12.75 - 15.0,B10,5
"2"" Wood",Mass Evenly Distributed,Steel or other lightweight siding,15.0 - 17.5,B10,5
"2"" Wood",Mass Evenly Distributed,Steel or other lightweight siding,17.5 - 20.0,B10,5
"2"" Wood",Mass Evenly Distributed,Steel or other lightweight siding,20.0 - 23.0,B10,9
"2"" Wood",Mass Evenly Distributed,Steel or other lightweight siding,23.0 - 27.0,B10,9
"2"" Wood",Mass Evenly Distributed,Face brick,0.0 - 2.0,B10,No Value
"2"" Wood",Mass Evenly Distributed,Face brick,2.0 - 2.5,B10,No Value
"2"" Wood",Mass Evenly Distributed,Face brick,2.5 - 3.0,B10,No Value
"2"" Wood",Mass Evenly Distributed,Face brick,3.0 - 3.5,B10,No Value
"2"" Wood",Mass Evenly Distributed,Face brick,3.5 - 4.0,B10,10
"2"" Wood",Mass Evenly Distributed,Face brick,4.0 - 4.75,B10,11
"2"" Wood",Mass Evenly Distributed,Face brick,4.75 - 5.5,B10,11
"2"" Wood",Mass Evenly Distributed,Face brick,5.5 - 6.5,B10,No Value
"2"" Wood",Mass Evenly Distributed,Face brick,6.5 - 7.75,B10,No Value
"2"" Wood",Mass Evenly Distributed,Face brick,7.75 - 9.0,B10,No Value
"2"" Wood",Mass Evenly Distributed,Face brick,9.0 - 10.75,B10,No Value
"2"" Wood",Mass Evenly Distributed,Face brick,10.75 - 12.75,B10,No Value
"2"" Wood",Mass Evenly Distributed,Face brick,12.75 - 15.0,B10,No Value
"2"" Wood",Mass Evenly Distributed,Face brick,15.0 - 17.5,B10,No Value
"2"" Wood",Mass Evenly Distributed,Face brick,17.5 - 20.0,B10,No Value
"2"" Wood",Mass Evenly Distributed,Face brick,20.0 - 23.0,B10,No Value
"2"" Wood",Mass Evenly Distributed,Face brick,23.0 - 27.0,B10,No Value
"2"" Wood",Mass Located Outside Insulation,Stucco and/or Plaster,0.0 - 2.0,B10,No Value
"2"" Wood",Mass Located Outside Insulation,Stucco and/or Plaster,2.0 - 2.5,B10,No Value
"2"" Wood",Mass Located Outside Insulation,Stucco and/or Plaster,2.5 - 3.0,B10,No Value
"2"" Wood",Mass Located Outside Insulation,Stucco and/or Plaster,3.0 - 3.5,B10,No Value
"2"" Wood",Mass Located Outside Insulation,Stucco and/or Plaster,3.5 - 4.0,B10,No Value
"2"" Wood",Mass Located Outside Insulation,Stucco and/or Plaster,4.0 - 4.75,B10,No Value
"2"" Wood",Mass Located Outside Insulation,Stucco and/or Plaster,4.75 - 5.5,B10,No Value
"2"" Wood",Mass Located Outside Insulation,Stucco and/or Plaster,5.5 - 6.5,B10,No Value
"2"" Wood",Mass Located Outside Insulation,Stucco and/or Plaster,6.5 - 7.75,B10,No Value
"2"" Wood",Mass Located Outside Insulation,Stucco and/or Plaster,7.75 - 9.0,B10,No Value
"2"" Wood",Mass Located Outside Insulation,Stucco and/or Plaster,9.0 - 10.75,B10,No Value
"2"" Wood",Mass Located Outside Insulation,Stucco and/or Plaster,10.75 - 12.75,B10,No Value
"2"" Wood",Mass Located Outside Insulation,Stucco and/or Plaster,12.75 - 15.0,B10,No Value
"2"" Wood",Mass Located Outside Insulation,Stucco and/or Plaster,15.0 - 17.5,B10,No Value
"2"" Wood",Mass Located Outside Insulation,Stucco and/or Plaster,17.5 - 20.0,B10,No Value
"2"" Wood",Mass Located Outside Insulation,Stucco and/or Plaster,20.0 - 23.0,B10,No Value
"2"" Wood",Mass Located Outside Insulation,Stucco and/or Plaster,23.0 - 27.0,B10,No Value
"2"" Wood",Mass Located Outside Insulation,Steel or other lightweight siding,0.0 - 2.0,B10,No Value
"2"" Wood",Mass Located Outside Insulation,Steel or other lightweight siding,2.0 - 2.5,B10,No Value
"2"" Wood",Mass Located Outside Insulation,Steel or other lightweight siding,2.5 - 3.0,B10,No Value
"2"" Wood",Mass Located Outside Insulation,Steel or other lightweight siding,3.0 - 3.5,B10,No Value
"2"" Wood",Mass Located Outside Insulation,Steel or other lightweight siding,3.5 - 4.0,B10,No Value
"2"" Wood",Mass Located Outside Insulation,Steel or other lightweight siding,4.0 - 4.75,B10,No Value
"2"" Wood",Mass Located Outside Insulation,Steel or other lightweight siding,4.75 - 5.5,B10,No Value
"2"" Wood",Mass Located Outside Insulation,Steel or other lightweight siding,5.5 - 6.5,B10,No Value
"2"" Wood",Mass Located Outside Insulation,Steel or other lightweight siding,6.5 - 7.75,B10,No Value
"2"" Wood",Mass Located Outside Insulation,Steel or other lightweight siding,7.75 - 9.0,B10,No Value
"2"" Wood",Mass Located Outside Insulation,Steel or other lightweight siding,9.0 - 10.75,B10,No Value
"2"" Wood",Mass Located Outside Insulation,Steel or other lightweight siding,10.75 - 12.75,B10,No Value
"2"" Wood",Mass Located Outside Insulation,Steel or other lightweight siding,12.75 - 15.0,B10,No Value
"2"" Wood",Mass Located Outside Insulation,Steel or other lightweight siding,15.0 - 17.5,B10,No Value
"2"" Wood",Mass Located Outside Insulation,Steel or other lightweight siding,17.5 - 20.0,B10,No Value
"2"" Wood",Mass Located Outside Insulation,Steel or other lightweight siding,20.0 - 23.0,B10,No Value
"2"" Wood",Mass Located Outside Insulation,Steel or other lightweight siding,23.0 - 27.0,B10,No Value
"2"" Wood",Mass Located Outside Insulation,Face brick,0.0 - 2.0,B10,No Value
"2"" Wood",Mass Located Outside Insulation,Face brick,2.0 - 2.5,B10,No Value
"2"" Wood",Mass Located Outside Insulation,Face brick,2.5 - 3.0,B10,No Value
"2"" Wood",Mass Located Outside Insulation,Face brick,3.0 - 3.5,B10,No Value
"2"" Wood",Mass Located Outside Insulation,Face brick,3.5 - 4.0,B10,No Value
"2"" Wood",Mass Located Outside Insulation,Face brick,4.0 - 4.75,B10,10
"2"" Wood",Mass Located Outside Insulation,Face brick,4.75 - 5.5,B10,10
"2"" Wood",Mass Located Outside Insulation,Face brick,5.5 - 6.5,B10,10
"2"" Wood",Mass Located Outside Insulation,Face brick,6.5 - 7.75,B10,10
"2"" Wood",Mass Located Outside Insulation,Face brick,7.75 - 9.0,B10,15
"2"" Wood",Mass Located Outside Insulation,Face brick,9.0 - 10.75,B10,15
"2"" Wood",Mass Located Outside Insulation,Face brick,10.75 - 12.75,B10,15
"2"" Wood",Mass Located Outside Insulation,Face brick,12.75 - 15.0,B10,16
"2"" Wood",Mass Located Outside Insulation,Face brick,15.0 - 17.5,B10,16
"2"" Wood",Mass Located Outside Insulation,Face brick,17.5 - 20.0,B10,16
"2"" Wood",Mass Located Outside Insulation,Face brick,20.0 - 23.0,B10,16
"2"" Wood",Mass Located Outside Insulation,Face brick,23.0 - 27.0,B10,No Value
"4"" Clay tile",Mass Located Inside Insulation,Stucco and/or Plaster,0.0 - 2.0,C1,No Value
"4"" Clay tile",Mass Located Inside Insulation,Stucco and/or Plaster,2.0 - 2.5,C1,No Value
"4"" Clay tile",Mass Located Inside Insulation,Stucco and/or Plaster,2.5 - 3.0,C1,3
"4"" Clay tile",Mass Located Inside Insulation,Stucco and/or Plaster,3.0 - 3.5,C1,4
"4"" Clay tile",Mass Located Inside Insulation,Stucco and/or Plaster,3.5 - 4.0,C1,4
"4"" Clay tile",Mass Located Inside Insulation,Stucco and/or Plaster,4.0 - 4.75,C1,5
"4"" Clay tile",Mass Located Inside Insulation,Stucco and/or Plaster,4.75 - 5.5,C1,5
"4"" Clay tile",Mass Located Inside Insulation,Stucco and/or Plaster,5.5 - 6.5,C1,5
"4"" Clay tile",Mass Located Inside Insulation,Stucco and/or Plaster,6.5 - 7.75,C1,5
"4"" Clay tile",Mass Located Inside Insulation,Stucco and/or Plaster,7.75 - 9.0,C1,5
"4"" Clay tile",Mass Located Inside Insulation,Stucco and/or Plaster,9.0 - 10.75,C1,5
"4"" Clay tile",Mass Located Inside Insulation,Stucco and/or Plaster,10.75 - 12.75,C1,5
"4"" Clay tile",Mass Located Inside Insulation,Stucco and/or Plaster,12.75 - 15.0,C1,10
"4"" Clay tile",Mass Located Inside Insulation,Stucco and/or Plaster,15.0 - 17.5,C1,10
"4"" Clay tile",Mass Located Inside Insulation,Stucco and/or Plaster,17.5 - 20.0,C1,10
"4"" Clay tile",Mass Located Inside Insulation,Stucco and/or Plaster,20.0 - 23.0,C1,10
"4"" Clay tile",Mass Located Inside Insulation,Stucco and/or Plaster,23.0 - 27.0,C1,No Value
"4"" Clay tile",Mass Located Inside Insulation,Steel or other lightweight siding,0.0 - 2.0,C1,No Value
"4"" Clay tile",Mass Located Inside Insulation,Steel or other lightweight siding,2.0 - 2.5,C1,No Value
"4"" Clay tile",Mass Located Inside Insulation,Steel or other lightweight siding,2.5 - 3.0,C1,2
"4"" Clay tile",Mass Located Inside Insulation,Steel or other lightweight siding,3.0 - 3.5,C1,3
"4"" Clay tile",Mass Located Inside Insulation,Steel or other lightweight siding,3.5 - 4.0,C1,3
"4"" Clay tile",Mass Located Inside Insulation,Steel or other lightweight siding,4.0 - 4.75,C1,4
"4"" Clay tile",Mass Located Inside Insulation,Steel or other lightweight siding,4.75 - 5.5,C1,5
"4"" Clay tile",Mass Located Inside Insulation,Steel or other lightweight siding,5.5 - 6.5,C1,5
"4"" Clay tile",Mass Located Inside Insulation,Steel or other lightweight siding,6.5 - 7.75,C1,5
"4"" Clay tile",Mass Located Inside Insulation,Steel or other lightweight siding,7.75 - 9.0,C1,5
"4"" Clay tile",Mass Located Inside Insulation,Steel or other lightweight siding,9.0 - 10.75,C1,5
"4"" Clay tile",Mass Located Inside Insulation,Steel or other lightweight siding,10.75 - 12.75,C1,5
"4"" Clay tile",Mass Located Inside Insulation,Steel or other lightweight siding,12.75 - 15.0,C1,5
"4"" Clay tile",Mass Located Inside Insulation,Steel or other lightweight siding,15.0 - 17.5,C1,6
"4"" Clay tile",Mass Located Inside Insulation,Steel or other lightweight siding,17.5 - 20.0,C1,10
"4"" Clay tile",Mass Located Inside Insulation,Steel or other lightweight siding,20.0 - 23.0,C1,10
"4"" Clay tile",Mass Located Inside Insulation,Steel or other lightweight siding,23.0 - 27.0,C1,No Value
"4"" Clay tile",Mass Located Inside Insulation,Face brick,0.0 - 2.0,C1,No Value
"4"" Clay tile",Mass Located Inside Insulation,Face brick,2.0 - 2.5,C1,No Value
"4"" Clay tile",Mass Located Inside Insulation,Face brick,2.5 - 3.0,C1,No Value
"4"" Clay tile",Mass Located Inside Insulation,Face brick,3.0 - 3.5,C1,11
"4"" Clay tile",Mass Located Inside Insulation,Face brick,3.5 - 4.0,C1,12
"4"" Clay tile",Mass Located Inside Insulation,Face brick,4.0 - 4.75,C1,13
"4"" Clay tile",Mass Located Inside Insulation,Face brick,4.75 - 5.5,C1,No Value
"4"" Clay tile",Mass Located Inside Insulation,Face brick,5.5 - 6.5,C1,No Value
"4"" Clay tile",Mass Located Inside Insulation,Face brick,6.5 - 7.75,C1,No Value
"4"" Clay tile",Mass Located Inside Insulation,Face brick,7.75 - 9.0,C1,No Value
"4"" Clay tile",Mass Located Inside Insulation,Face brick,9.0 - 10.75,C1,No Value
"4"" Clay tile",Mass Located Inside Insulation,Face brick,10.75 - 12.75,C1,No Value
"4"" Clay tile",Mass Located Inside Insulation,Face brick,12.75 - 15.0,C1,No Value
"4"" Clay tile",Mass Located Inside Insulation,Face brick,15.0 - 17.5,C1,No Value
"4"" Clay tile",Mass Located Inside Insulation,Face brick,17.5 - 20.0,C1,No Value
"4"" Clay tile",Mass Located Inside Insulation,Face brick,20.0 - 23.0,C1,No Value
"4"" Clay tile",Mass Located Inside Insulation,Face brick,23.0 - 27.0,C1,No Value
"4"" Clay tile",Mass Evenly Distributed,Stucco and/or Plaster,0.0 - 2.0,C1,No Value
"4"" Clay tile",Mass Evenly Distributed,Stucco and/or Plaster,2.0 - 2.5,C1,2
"4"" Clay tile",Mass Evenly Distributed,Stucco and/or Plaster,2.5 - 3.0,C1,2
"4"" Clay tile",Mass Evenly Distributed,Stucco and/or Plaster,3.0 - 3.5,C1,2
"4"" Clay tile",Mass Evenly Distributed,Stucco and/or Plaster,3.5 - 4.0,C1,No Value
"4"" Clay tile",Mass Evenly Distributed,Stucco and/or Plaster,4.0 - 4.75,C1,No Value
"4"" Clay tile",Mass Evenly Distributed,Stucco and/or Plaster,4.75 - 5.5,C1,No Value
"4"" Clay tile",Mass Evenly Distributed,Stucco and/or Plaster,5.5 - 6.5,C1,No Value
"4"" Clay tile",Mass Evenly Distributed,Stucco and/or Plaster,6.5 - 7.75,C1,No Value
"4"" Clay tile",Mass Evenly Distributed,Stucco and/or Plaster,7.75 - 9.0,C1,No Value
"4"" Clay tile",Mass Evenly Distributed,Stucco and/or Plaster,9.0 - 10.75,C1,No Value
"4"" Clay tile",Mass Evenly Distributed,Stucco and/or Plaster,10.75 - 12.75,C1,No Value
"4"" Clay tile",Mass Evenly Distributed,Stucco and/or Plaster,12.75 - 15.0,C1,No Value
"4"" Clay tile",Mass Evenly Distributed,Stucco and/or Plaster,15.0 - 17.5,C1,No Value
"4"" Clay tile",Mass Evenly Distributed,Stucco and/or Plaster,17.5 - 20.0,C1,No Value
"4"" Clay tile",Mass Evenly Distributed,Stucco and/or Plaster,20.0 - 23.0,C1,No Value
"4"" Clay tile",Mass Evenly Distributed,Stucco and/or Plaster,23.0 - 27.0,C1,No Value
"4"" Clay tile",Mass Evenly Distributed,Steel or other lightweight siding,0.0 - 2.0,C1,No Value
"4"" Clay tile",Mass Evenly Distributed,Steel or other lightweight siding,2.0 - 2.5,C1,2
"4"" Clay tile",Mass Evenly Distributed,Steel or other lightweight siding,2.5 - 3.0,C1,2
"4"" Clay tile",Mass Evenly Distributed,Steel or other lightweight siding,3.0 - 3.5,C1,4
"4"" Clay tile",Mass Evenly Distributed,Steel or other lightweight siding,3.5 - 4.0,C1,No Value
"4"" Clay tile",Mass Evenly Distributed,Steel or other lightweight siding,4.0 - 4.75,C1,No Value
"4"" Clay tile",Mass Evenly Distributed,Steel or other lightweight siding,4.75 - 5.5,C1,No Value
"4"" Clay tile",Mass Evenly Distributed,Steel or other lightweight siding,5.5 - 6.5,C1,No Value
"4"" Clay tile",Mass Evenly Distributed,Steel or other lightweight siding,6.5 - 7.75,C1,No Value
"4"" Clay tile",Mass Evenly Distributed,Steel or other lightweight siding,7.75 - 9.0,C1,No Value
"4"" Clay tile",Mass Evenly Distributed,Steel or other lightweight siding,9.0 - 10.75,C1,No Value
"4"" Clay tile",Mass Evenly Distributed,Steel or other lightweight siding,10.75 - 12.75,C1,No Value
"4"" Clay tile",Mass Evenly Distributed,Steel or other lightweight siding,12.75 - 15.0,C1,No Value
"4"" Clay tile",Mass Evenly Distributed,Steel or other lightweight siding,15.0 - 17.5,C1,No Value
"4"" Clay tile",Mass Evenly Distributed,Steel or other lightweight siding,17.5 - 20.0,C1,No Value
"4"" Clay tile",Mass Evenly Distributed,Steel or other lightweight siding,20.0 - 23.0,C1,No Value
"4"" Clay tile",Mass Evenly Distributed,Steel or other lightweight siding,23.0 - 27.0,C1,No Value
"4"" Clay tile",Mass Evenly Distributed,Face brick,0.0 - 2.0,C1,No Value
"4"" Clay tile",Mass Evenly Distributed,Face brick,2.0 - 2.5,C1,No Value
"4"" Clay tile",Mass Evenly Distributed,Face brick,2.5 - 3.0,C1,5
"4"" Clay tile",Mass Evenly Distributed,Face brick,3.0 - 3.5,C1,10
"4"" Clay tile",Mass Evenly Distributed,Face brick,3.5 - 4.0,C1,10
"4"" Clay tile",Mass Evenly Distributed,Face brick,4.0 - 4.75,C1,10
"4"" Clay tile",Mass Evenly Distributed,Face brick,4.75 - 5.5,C1,10
"4"" Clay tile",Mass Evenly Distributed,Face brick,5.5 - 6.5,C1,10
"4"" Clay tile",Mass Evenly Distributed,Face brick,6.5 - 7.75,C1,11
"4"" Clay tile",Mass Evenly Distributed,Face brick,7.75 - 9.0,C1,15
"4"" Clay tile",Mass Evenly Distributed,Face brick,9.0 - 10.75,C1,15
"4"" Clay tile",Mass Evenly Distributed,Face brick,10.75 - 12.75,C1,16
"4"" Clay tile",Mass Evenly Distributed,Face brick,12.75 - 15.0,C1,16
"4"" Clay tile",Mass Evenly Distributed,Face brick,15.0 - 17.5,C1,16
"4"" Clay tile",Mass Evenly Distributed,Face brick,17.5 - 20.0,C1,16
"4"" Clay tile",Mass Evenly Distributed,Face brick,20.0 - 23.0,C1,No Value
"4"" Clay tile",Mass Evenly Distributed,Face brick,23.0 - 27.0,C1,No Value
"4"" Clay tile",Mass Located Outside Insulation,Stucco and/or Plaster,0.0 - 2.0,C1,No Value
"4"" Clay tile",Mass Located Outside Insulation,Stucco and/or Plaster,2.0 - 2.5,C1,No Value
"4"" Clay tile",Mass Located Outside Insulation,Stucco and/or Plaster,2.5 - 3.0,C1,2
"4"" Clay tile",Mass Located Outside Insulation,Stucco and/or Plaster,3.0 - 3.5,C1,2
"4"" Clay tile",Mass Located Outside Insulation,Stucco and/or Plaster,3.5 - 4.0,C1,2
"4"" Clay tile",Mass Located Outside Insulation,Stucco and/or Plaster,4.0 - 4.75,C1,4
"4"" Clay tile",Mass Located Outside Insulation,Stucco and/or Plaster,4.75 - 5.5,C1,4
"4"" Clay tile",Mass Located Outside Insulation,Stucco and/or Plaster,5.5 - 6.5,C1,4
"4"" Clay tile",Mass Located Outside Insulation,Stucco and/or Plaster,6.5 - 7.75,C1,4
"4"" Clay tile",Mass Located Outside Insulation,Stucco and/or Plaster,7.75 - 9.0,C1,5
"4"" Clay tile",Mass Located Outside Insulation,Stucco and/or Plaster,9.0 - 10.75,C1,5
"4"" Clay tile",Mass Located Outside Insulation,Stucco and/or Plaster,10.75 - 12.75,C1,5
"4"" Clay tile",Mass Located Outside Insulation,Stucco and/or Plaster,12.75 - 15.0,C1,5
"4"" Clay tile",Mass Located Outside Insulation,Stucco and/or Plaster,15.0 - 17.5,C1,5
"4"" Clay tile",Mass Located Outside Insulation,Stucco and/or Plaster,17.5 - 20.0,C1,9
"4"" Clay tile",Mass Located Outside Insulation,Stucco and/or Plaster,20.0 - 23.0,C1,9
"4"" Clay tile",Mass Located Outside Insulation,Stucco and/or Plaster,23.0 - 27.0,C1,No Value
"4"" Clay tile",Mass Located Outside Insulation,Steel or other lightweight siding,0.0 - 2.0,C1,No Value
"4"" Clay tile",Mass Located Outside Insulation,Steel or other lightweight siding,2.0 - 2.5,C1,No Value
"4"" Clay tile",Mass Located Outside Insulation,Steel or other lightweight siding,2.5 - 3.0,C1,2
"4"" Clay tile",Mass Located Outside Insulation,Steel or other lightweight siding,3.0 - 3.5,C1,2
"4"" Clay tile",Mass Located Outside Insulation,Steel or other lightweight siding,3.5 - 4.0,C1,2
"4"" Clay tile",Mass Located Outside Insulation,Steel or other lightweight siding,4.0 - 4.75,C1,2
"4"" Clay tile",Mass Located Outside Insulation,Steel or other lightweight siding,4.75 - 5.5,C1,2
"4"" Clay tile",Mass Located Outside Insulation,Steel or other lightweight siding,5.5 - 6.5,C1,2
"4"" Clay tile",Mass Located Outside Insulation,Steel or other lightweight siding,6.5 - 7.75,C1,2
"4"" Clay tile",Mass Located Outside Insulation,Steel or other lightweight siding,7.75 - 9.0,C1,2
"4"" Clay tile",Mass Located Outside Insulation,Steel or other lightweight siding,9.0 - 10.75,C1,2
"4"" Clay tile",Mass Located Outside Insulation,Steel or other lightweight siding,10.75 - 12.75,C1,4
"4"" Clay tile",Mass Located Outside Insulation,Steel or other lightweight siding,12.75 - 15.0,C1,4
"4"" Clay tile",Mass Located Outside Insulation,Steel or other lightweight siding,15.0 - 17.5,C1,4
"4"" Clay tile",Mass Located Outside Insulation,Steel or other lightweight siding,17.5 - 20.0,C1,4
"4"" Clay tile",Mass Located Outside Insulation,Steel or other lightweight siding,20.0 - 23.0,C1,4
"4"" Clay tile",Mass Located Outside Insulation,Steel or other lightweight siding,23.0 - 27.0,C1,No Value
"4"" Clay tile",Mass Located Outside Insulation,Face brick,0.0 - 2.0,C1,No Value
"4"" Clay tile",Mass Located Outside Insulation,Face brick,2.0 - 2.5,C1,No Value
"4"" Clay tile",Mass Located Outside Insulation,Face brick,2.5 - 3.0,C1,No Value
"4"" Clay tile",Mass Located Outside Insulation,Face brick,3.0 - 3.5,C1,10
"4"" Clay tile",Mass Located Outside Insulation,Face brick,3.5 - 4.0,C1,10
"4"" Clay tile",Mass Located Outside Insulation,Face brick,4.0 - 4.75,C1,10
"4"" Clay tile",Mass Located Outside Insulation,Face brick,4.75 - 5.5,C1,10
"4"" Clay tile",Mass Located Outside Insulation,Face brick,5.5 - 6.5,C1,10
"4"" Clay tile",Mass Located Outside Insulation,Face brick,6.5 - 7.75,C1,11
"4"" Clay tile",Mass Located Outside Insulation,Face brick,7.75 - 9.0,C1,11
"4"" Clay tile",Mass Located Outside Insulation,Face brick,9.0 - 10.75,C1,11
"4"" Clay tile",Mass Located Outside Insulation,Face brick,10.75 - 12.75,C1,11
"4"" Clay tile",Mass Located Outside Insulation,Face brick,12.75 - 15.0,C1,11
"4"" Clay tile",Mass Located Outside Insulation,Face brick,15.0 - 17.5,C1,15
"4"" Clay tile",Mass Located Outside Insulation,Face brick,17.5 - 20.0,C1,16
"4"" Clay tile",Mass Located Outside Insulation,Face brick,20.0 - 23.0,C1,16
"4"" Clay tile",Mass Located Outside Insulation,Face brick,23.0 - 27.0,C1,No Value
"4"" Common brick",Mass Located Inside Insulation,Stucco and/or Plaster,0.0 - 2.0,C4,No Value
"4"" Common brick",Mass Located Inside Insulation,Stucco and/or Plaster,2.0 - 2.5,C4,No Value
"4"" Common brick",Mass Located Inside Insulation,Stucco and/or Plaster,2.5 - 3.0,C4,5
"4"" Common brick",Mass Located Inside Insulation,Stucco and/or Plaster,3.0 - 3.5,C4,5
"4"" Common brick",Mass Located Inside Insulation,Stucco and/or Plaster,3.5 - 4.0,C4,6
"4"" Common brick",Mass Located Inside Insulation,Stucco and/or Plaster,4.0 - 4.75,C4,6
"4"" Common brick",Mass Located Inside Insulation,Stucco and/or Plaster,4.75 - 5.5,C4,6
"4"" Common brick",Mass Located Inside Insulation,Stucco and/or Plaster,5.5 - 6.5,C4,10
"4"" Common brick",Mass Located Inside Insulation,Stucco and/or Plaster,6.5 - 7.75,C4,11
"4"" Common brick",Mass Located Inside Insulation,Stucco and/or Plaster,7.75 - 9.0,C4,11
"4"" Common brick",Mass Located Inside Insulation,Stucco and/or Plaster,9.0 - 10.75,C4,11
"4"" Common brick",Mass Located Inside Insulation,Stucco and/or Plaster,10.75 - 12.75,C4,11
"4"" Common brick",Mass Located Inside Insulation,Stucco and/or Plaster,12.75 - 15.0,C4,11
"4"" Common brick",Mass Located Inside Insulation,Stucco and/or Plaster,15.0 - 17.5,C4,11
"4"" Common brick",Mass Located Inside Insulation,Stucco and/or Plaster,17.5 - 20.0,C4,11
"4"" Common brick",Mass Located Inside Insulation,Stucco and/or Plaster,20.0 - 23.0,C4,16
"4"" Common brick",Mass Located Inside Insulation,Stucco and/or Plaster,23.0 - 27.0,C4,No Value
"4"" Common brick",Mass Located Inside Insulation,Steel or other lightweight siding,0.0 - 2.0,C4,No Value
"4"" Common brick",Mass Located Inside Insulation,Steel or other lightweight siding,2.0 - 2.5,C4,3
"4"" Common brick",Mass Located Inside Insulation,Steel or other lightweight siding,2.5 - 3.0,C4,5
"4"" Common brick",Mass Located Inside Insulation,Steel or other lightweight siding,3.0 - 3.5,C4,5
"4"" Common brick",Mass Located Inside Insulation,Steel or other lightweight siding,3.5 - 4.0,C4,5
"4"" Common brick",Mass Located Inside Insulation,Steel or other lightweight siding,4.0 - 4.75,C4,5
"4"" Common brick",Mass Located Inside Insulation,Steel or other lightweight siding,4.75 - 5.5,C4,6
"4"" Common brick",Mass Located Inside Insulation,Steel or other lightweight siding,5.5 - 6.5,C4,6
"4"" Common brick",Mass Located Inside Insulation,Steel or other lightweight siding,6.5 - 7.75,C4,6
"4"" Common brick",Mass Located Inside Insulation,Steel or other lightweight siding,7.75 - 9.0,C4,6
"4"" Common brick",Mass Located Inside Insulation,Steel or other lightweight siding,9.0 - 10.75,C4,6
"4"" Common brick",Mass Located Inside Insulation,Steel or other lightweight siding,10.75 - 12.75,C4,6
"4"" Common brick",Mass Located Inside Insulation,Steel or other lightweight siding,12.75 - 15.0,C4,6
"4"" Common brick",Mass Located Inside Insulation,Steel or other lightweight siding,15.0 - 17.5,C4,10
"4"" Common brick",Mass Located Inside Insulation,Steel or other lightweight siding,17.5 - 20.0,C4,10
"4"" Common brick",Mass Located Inside Insulation,Steel or other lightweight siding,20.0 - 23.0,C4,11
"4"" Common brick",Mass Located Inside Insulation,Steel or other lightweight siding,23.0 - 27.0,C4,No Value
"4"" Common brick",Mass Located Inside Insulation,Face brick,0.0 - 2.0,C4,No Value
"4"" Common brick",Mass Located Inside Insulation,Face brick,2.0 - 2.5,C4,No Value
"4"" Common brick",Mass Located Inside Insulation,Face brick,2.5 - 3.0,C4,11
"4"" Common brick",Mass Located Inside Insulation,Face brick,3.0 - 3.5,C4,12
"4"" Common brick",Mass Located Inside Insulation,Face brick,3.5 - 4.0,C4,12
"4"" Common brick",Mass Located Inside Insulation,Face brick,4.0 - 4.75,C4,12
"4"" Common brick",Mass Located Inside Insulation,Face brick,4.75 - 5.5,C4,13
"4"" Common brick",Mass Located Inside Insulation,Face brick,5.5 - 6.5,C4,13
"4"" Common brick",Mass Located Inside Insulation,Face brick,6.5 - 7.75,C4,No Value
"4"" Common brick",Mass Located Inside Insulation,Face brick,7.75 - 9.0,C4,No Value
"4"" Common brick",Mass Located Inside Insulation,Face brick,9.0 - 10.75,C4,No Value
"4"" Common brick",Mass Located Inside Insulation,Face brick,10.75 - 12.75,C4,No Value
"4"" Common brick",Mass Located Inside Insulation,Face brick,12.75 - 15.0,C4,No Value
"4"" Common brick",Mass Located Inside Insulation,Face brick,15.0 - 17.5,C4,No Value
"4"" Common brick",Mass Located Inside Insulation,Face brick,17.5 - 20.0,C4,No Value
"4"" Common brick",Mass Located Inside Insulation,Face brick,20.0 - 23.0,C4,No Value
"4"" Common brick",Mass Located Inside Insulation,Face brick,23.0 - 27.0,C4,No Value
"4"" Common brick",Mass Evenly Distributed,Stucco and/or Plaster,0.0 - 2.0,C4,3
"4"" Common brick",Mass Evenly Distributed,Stucco and/or Plaster,2.0 - 2.5,C4,4
"4"" Common brick",Mass Evenly Distributed,Stucco and/or Plaster,2.5 - 3.0,C4,4
"4"" Common brick",Mass Evenly Distributed,Stucco and/or Plaster,3.0 - 3.5,C4,No Value
"4"" Common brick",Mass Evenly Distributed,Stucco and/or Plaster,3.5 - 4.0,C4,No Value
"4"" Common brick",Mass Evenly Distributed,Stucco and/or Plaster,4.0 - 4.75,C4,No Value
"4"" Common brick",Mass Evenly Distributed,Stucco and/or Plaster,4.75 - 5.5,C4,No Value
"4"" Common brick",Mass Evenly Distributed,Stucco and/or Plaster,5.5 - 6.5,C4,No Value
"4"" Common brick",Mass Evenly Distributed,Stucco and/or Plaster,6.5 - 7.75,C4,No Value
"4"" Common brick",Mass Evenly Distributed,Stucco and/or Plaster,7.75 - 9.0,C4,No Value
"4"" Common brick",Mass Evenly Distributed,Stucco and/or Plaster,9.0 - 10.75,C4,No Value
"4"" Common brick",Mass Evenly Distributed,Stucco and/or Plaster,10.75 - 12.75,C4,No Value
"4"" Common brick",Mass Evenly Distributed,Stucco and/or Plaster,12.75 - 15.0,C4,No Value
"4"" Common brick",Mass Evenly Distributed,Stucco and/or Plaster,15.0 - 17.5,C4,No Value
"4"" Common brick",Mass Evenly Distributed,Stucco and/or Plaster,17.5 - 20.0,C4,No Value
"4"" Common brick",Mass Evenly Distributed,Stucco and/or Plaster,20.0 - 23.0,C4,No Value
"4"" Common brick",Mass Evenly Distributed,Stucco and/or Plaster,23.0 - 27.0,C4,No Value
"4"" Common brick",Mass Evenly Distributed,Steel or other lightweight siding,0.0 - 2.0,C4,3
"4"" Common brick",Mass Evenly Distributed,Steel or other lightweight siding,2.0 - 2.5,C4,3
"4"" Common brick",Mass Evenly Distributed,Steel or other lightweight siding,2.5 - 3.0,C4,4
"4"" Common brick",Mass Evenly Distributed,Steel or other lightweight siding,3.0 - 3.5,C4,No Value
"4"" Common brick",Mass Evenly Distributed,Steel or other lightweight siding,3.5 - 4.0,C4,No Value
"4"" Common brick",Mass Evenly Distributed,Steel or other lightweight siding,4.0 - 4.75,C4,No Value
"4"" Common brick",Mass Evenly Distributed,Steel or other lightweight siding,4.75 - 5.5,C4,No Value
"4"" Common brick",Mass Evenly Distributed,Steel or other lightweight siding,5.5 - 6.5,C4,No Value
"4"" Common brick",Mass Evenly Distributed,Steel or other lightweight siding,6.5 - 7.75,C4,No Value
"4"" Common brick",Mass Evenly Distributed,Steel or other lightweight siding,7.75 - 9.0,C4,No Value
"4"" Common brick",Mass Evenly Distributed,Steel or other lightweight siding,9.0 - 10.75,C4,No Value
"4"" Common brick",Mass Evenly Distributed,Steel or other lightweight siding,10.75 - 12.75,C4,No Value
"4"" Common brick",Mass Evenly Distributed,Steel or other lightweight siding,12.75 - 15.0,C4,No Value
"4"" Common brick",Mass Evenly Distributed,Steel or other lightweight siding,15.0 - 17.5,C4,No Value
"4"" Common brick",Mass Evenly Distributed,Steel or other lightweight siding,17.5 - 20.0,C4,No Value
"4"" Common brick",Mass Evenly Distributed,Steel or other lightweight siding,20.0 - 23.0,C4,No Value
"4"" Common brick",Mass Evenly Distributed,Steel or other lightweight siding,23.0 - 27.0,C4,No Value
"4"" Common brick",Mass Evenly Distributed,Face brick,0.0 - 2.0,C4,No Value
"4"" Common brick",Mass Evenly Distributed,Face brick,2.0 - 2.5,C4,10
"4"" Common brick",Mass Evenly Distributed,Face brick,2.5 - 3.0,C4,10
"4"" Common brick",Mass Evenly Distributed,Face brick,3.0 - 3.5,C4,11
"4"" Common brick",Mass Evenly Distributed,Face brick,3.5 - 4.0,C4,11
"4"" Common brick",Mass Evenly Distributed,Face brick,4.0 - 4.75,C4,16
"4"" Common brick",Mass Evenly Distributed,Face brick,4.75 - 5.5,C4,16
"4"" Common brick",Mass Evenly Distributed,Face brick,5.5 - 6.5,C4,16
"4"" Common brick",Mass Evenly Distributed,Face brick,6.5 - 7.75,C4,16
"4"" Common brick",Mass Evenly Distributed,Face brick,7.75 - 9.0,C4,16
"4"" Common brick",Mass Evenly Distributed,Face brick,9.0 - 10.75,C4,No Value
"4"" Common brick",Mass Evenly Distributed,Face brick,10.75 - 12.75,C4,No Value
"4"" Common brick",Mass Evenly Distributed,Face brick,12.75 - 15.0,C4,No Value
"4"" Common brick",Mass Evenly Distributed,Face brick,15.0 - 17.5,C4,No Value
"4"" Common brick",Mass Evenly Distributed,Face brick,17.5 - 20.0,C4,No Value
"4"" Common brick",Mass Evenly Distributed,Face brick,20.0 - 23.0,C4,No Value
"4"" Common brick",Mass Evenly Distributed,Face brick,23.0 - 27.0,C4,No Value
"4"" Common brick",Mass Located Outside Insulation,Stucco and/or Plaster,0.0 - 2.0,C4,No Value
"4"" Common brick",Mass Located Outside Insulation,Stucco and/or Plaster,2.0 - 2.5,C4,3
"4"" Common brick",Mass Located Outside Insulation,Stucco and/or Plaster,2.5 - 3.0,C4,4
"4"" Common brick",Mass Located Outside Insulation,Stucco and/or Plaster,3.0 - 3.5,C4,5
"4"" Common brick",Mass Located Outside Insulation,Stucco and/or Plaster,3.5 - 4.0,C4,5
"4"" Common brick",Mass Located Outside Insulation,Stucco and/or Plaster,4.0 - 4.75,C4,5
"4"" Common brick",Mass Located Outside Insulation,Stucco and/or Plaster,4.75 - 5.5,C4,5
"4"" Common brick",Mass Located Outside Insulation,Stucco and/or Plaster,5.5 - 6.5,C4,5
"4"" Common brick",Mass Located Outside Insulation,Stucco and/or Plaster,6.5 - 7.75,C4,5
"4"" Common brick",Mass Located Outside Insulation,Stucco and/or Plaster,7.75 - 9.0,C4,5
"4"" Common brick",Mass Located Outside Insulation,Stucco and/or Plaster,9.0 - 10.75,C4,5
"4"" Common brick",Mass Located Outside Insulation,Stucco and/or Plaster,10.75 - 12.75,C4,10
"4"" Common brick",Mass Located Outside Insulation,Stucco and/or Plaster,12.75 - 15.0,C4,10
"4"" Common brick",Mass Located Outside Insulation,Stucco and/or Plaster,15.0 - 17.5,C4,10
"4"" Common brick",Mass Located Outside Insulation,Stucco and/or Plaster,17.5 - 20.0,C4,10
"4"" Common brick",Mass Located Outside Insulation,Stucco and/or Plaster,20.0 - 23.0,C4,15
"4"" Common brick",Mass Located Outside Insulation,Stucco and/or Plaster,23.0 - 27.0,C4,No Value
"4"" Common brick",Mass Located Outside Insulation,Steel or other lightweight siding,0.0 - 2.0,C4,No Value
"4"" Common brick",Mass Located Outside Insulation,Steel or other lightweight siding,2.0 - 2.5,C4,3
"4"" Common brick",Mass Located Outside Insulation,Steel or other lightweight siding,2.5 - 3.0,C4,3
"4"" Common brick",Mass Located Outside Insulation,Steel or other lightweight siding,3.0 - 3.5,C4,4
"4"" Common brick",Mass Located Outside Insulation,Steel or other lightweight siding,3.5 - 4.0,C4,4
"4"" Common brick",Mass Located Outside Insulation,Steel or other lightweight siding,4.0 - 4.75,C4,4
"4"" Common brick",Mass Located Outside Insulation,Steel or other lightweight siding,4.75 - 5.5,C4,5
"4"" Common brick",Mass Located Outside Insulation,Steel or other lightweight siding,5.5 - 6.5,C4,5
"4"" Common brick",Mass Located Outside Insulation,Steel or other lightweight siding,6.5 - 7.75,C4,5
"4"" Common brick",Mass Located Outside Insulation,Steel or other lightweight siding,7.75 - 9.0,C4,5
"4"" Common brick",Mass Located Outside Insulation,Steel or other lightweight siding,9.0 - 10.75,C4,5
"4"" Common brick",Mass Located Outside Insulation,Steel or other lightweight siding,10.75 - 12.75,C4,5
"4"" Common brick",Mass Located Outside Insulation,Steel or other lightweight siding,12.75 - 15.0,C4,5
"4"" Common brick",Mass Located Outside Insulation,Steel or other lightweight siding,15.0 - 17.5,C4,5
"4"" Common brick",Mass Located Outside Insulation,Steel or other lightweight siding,17.5 - 20.0,C4,9
"4"" Common brick",Mass Located Outside Insulation,Steel or other lightweight siding,20.0 - 23.0,C4,9
"4"" Common brick",Mass Located Outside Insulation,Steel or other lightweight siding,23.0 - 27.0,C4,No Value
"4"" Common brick",Mass Located Outside Insulation,Face brick,0.0 - 2.0,C4,No Value
"4"" Common brick",Mass Located Outside Insulation,Face brick,2.0 - 2.5,C4,No Value
"4"" Common brick",Mass Located Outside Insulation,Face brick,2.5 - 3.0,C4,10
"4"" Common brick",Mass Located Outside Insulation,Face brick,3.0 - 3.5,C4,11
"4"" Common brick",Mass Located Outside Insulation,Face brick,3.5 - 4.0,C4,11
"4"" Common brick",Mass Located Outside Insulation,Face brick,4.0 - 4.75,C4,11
"4"" Common brick",Mass Located Outside Insulation,Face brick,4.75 - 5.5,C4,11
"4"" Common brick",Mass Located Outside Insulation,Face brick,5.5 - 6.5,C4,12
"4"" Common brick",Mass Located Outside Insulation,Face brick,6.5 - 7.75,C4,12
"4"" Common brick",Mass Located Outside Insulation,Face brick,7.75 - 9.0,C4,16
"4"" Common brick",Mass Located Outside Insulation,Face brick,9.0 - 10.75,C4,16
"4"" Common brick",Mass Located Outside Insulation,Face brick,10.75 - 12.75,C4,No Value
"4"" Common brick",Mass Located Outside Insulation,Face brick,12.75 - 15.0,C4,No Value
"4"" Common brick",Mass Located Outside Insulation,Face brick,15.0 - 17.5,C4,No Value
"4"" Common brick",Mass Located Outside Insulation,Face brick,17.5 - 20.0,C4,No Value
"4"" Common brick",Mass Located Outside Insulation,Face brick,20.0 - 23.0,C4,No Value
"4"" Common brick",Mass Located Outside Insulation,Face brick,23.0 - 27.0,C4,No Value
"4"" Face brick",Mass Located Inside Insulation,Stucco and/or Plaster,0.0 - 2.0,A2,No Value
"4"" Face brick",Mass Located Inside Insulation,Stucco and/or Plaster,2.0 - 2.5,A2,5
"4"" Face brick",Mass Located Inside Insulation,Stucco and/or Plaster,2.5 - 3.0,A2,5
"4"" Face brick",Mass Located Inside Insulation,Stucco and/or Plaster,3.0 - 3.5,A2,5
"4"" Face brick",Mass Located Inside Insulation,Stucco and/or Plaster,3.5 - 4.0,A2,5
"4"" Face brick",Mass Located Inside Insulation,Stucco and/or Plaster,4.0 - 4.75,A2,6
"4"" Face brick",Mass Located Inside Insulation,Stucco and/or Plaster,4.75 - 5.5,A2,6
"4"" Face brick",Mass Located Inside Insulation,Stucco and/or Plaster,5.5 - 6.5,A2,6
"4"" Face brick",Mass Located Inside Insulation,Stucco and/or Plaster,6.5 - 7.75,A2,6
"4"" Face brick",Mass Located Inside Insulation,Stucco and/or Plaster,7.75 - 9.0,A2,6
"4"" Face brick",Mass Located Inside Insulation,Stucco and/or Plaster,9.0 - 10.75,A2,6
"4"" Face brick",Mass Located Inside Insulation,Stucco and/or Plaster,10.75 - 12.75,A2,6
"4"" Face brick",Mass Located Inside Insulation,Stucco and/or Plaster,12.75 - 15.0,A2,10
"4"" Face brick",Mass Located Inside Insulation,Stucco and/or Plaster,15.0 - 17.5,A2,10
"4"" Face brick",Mass Located Inside Insulation,Stucco and/or Plaster,17.5 - 20.0,A2,11
"4"" Face brick",Mass Located Inside Insulation,Stucco and/or Plaster,20.0 - 23.0,A2,11
"4"" Face brick",Mass Located Inside Insulation,Stucco and/or Plaster,23.0 - 27.0,A2,No Value
"4"" Face brick",Mass Located Inside Insulation,Steel or other lightweight siding,0.0 - 2.0,A2,No Value
"4"" Face brick",Mass Located Inside Insulation,Steel or other lightweight siding,2.0 - 2.5,A2,3
"4"" Face brick",Mass Located Inside Insulation,Steel or other lightweight siding,2.5 - 3.0,A2,5
"4"" Face brick",Mass Located Inside Insulation,Steel or other lightweight siding,3.0 - 3.5,A2,5
"4"" Face brick",Mass Located Inside Insulation,Steel or other lightweight siding,3.5 - 4.0,A2,5
"4"" Face brick",Mass Located Inside Insulation,Steel or other lightweight siding,4.0 - 4.75,A2,6
"4"" Face brick",Mass Located Inside Insulation,Steel or other lightweight siding,4.75 - 5.5,A2,6
"4"" Face brick",Mass Located Inside Insulation,Steel or other lightweight siding,5.5 - 6.5,A2,6
"4"" Face brick",Mass Located Inside Insulation,Steel or other lightweight siding,6.5 - 7.75,A2,6
"4"" Face brick",Mass Located Inside Insulation,Steel or other lightweight siding,7.75 - 9.0,A2,6
"4"" Face brick",Mass Located Inside Insulation,Steel or other lightweight siding,9.0 - 10.75,A2,6
"4"" Face brick",Mass Located Inside Insulation,Steel or other lightweight siding,10.75 - 12.75,A2,6
"4"" Face brick",Mass Located Inside Insulation,Steel or other lightweight siding,12.75 - 15.0,A2,6
"4"" Face brick",Mass Located Inside Insulation,Steel or other lightweight siding,15.0 - 17.5,A2,10
"4"" Face brick",Mass Located Inside Insulation,Steel or other lightweight siding,17.5 - 20.0,A2,10
"4"" Face brick",Mass Located Inside Insulation,Steel or other lightweight siding,20.0 - 23.0,A2,11
"4"" Face brick",Mass Located Inside Insulation,Steel or other lightweight siding,23.0 - 27.0,A2,No Value
"4"" Face brick",Mass Located Inside Insulation,Face brick,0.0 - 2.0,A2,No Value
"4"" Face brick",Mass Located Inside Insulation,Face brick,2.0 - 2.5,A2,No Value
"4"" Face brick",Mass Located Inside Insulation,Face brick,2.5 - 3.0,A2,11
"4"" Face brick",Mass Located Inside Insulation,Face brick,3.0 - 3.5,A2,12
"4"" Face brick",Mass Located Inside Insulation,Face brick,3.5 - 4.0,A2,12
"4"" Face brick",Mass Located Inside Insulation,Face brick,4.0 - 4.75,A2,13
"4"" Face brick",Mass Located Inside Insulation,Face brick,4.75 - 5.5,A2,13
"4"" Face brick",Mass Located Inside Insulation,Face brick,5.5 - 6.5,A2,13
"4"" Face brick",Mass Located Inside Insulation,Face brick,6.5 - 7.75,A2,13
"4"" Face brick",Mass Located Inside Insulation,Face brick,7.75 - 9.0,A2,13
"4"" Face brick",Mass Located Inside Insulation,Face brick,9.0 - 10.75,A2,14
"4"" Face brick",Mass Located Inside Insulation,Face brick,10.75 - 12.75,A2,14
"4"" Face brick",Mass Located Inside Insulation,Face brick,12.75 - 15.0,A2,No Value
"4"" Face brick",Mass Located Inside Insulation,Face brick,15.0 - 17.5,A2,No Value
"4"" Face brick",Mass Located Inside Insulation,Face brick,17.5 - 20.0,A2,No Value
"4"" Face brick",Mass Located Inside Insulation,Face brick,20.0 - 23.0,A2,No Value
"4"" Face brick",Mass Located Inside Insulation,Face brick,23.0 - 27.0,A2,No Value
"4"" Face brick",Mass Evenly Distributed,Stucco and/or Plaster,0.0 - 2.0,A2,3
"4"" Face brick",Mass Evenly Distributed,Stucco and/or Plaster,2.0 - 2.5,A2,3
"4"" Face brick",Mass Evenly Distributed,Stucco and/or Plaster,2.5 - 3.0,A2,4
"4"" Face brick",Mass Evenly Distributed,Stucco and/or Plaster,3.0 - 3.5,A2,No Value
"4"" Face brick",Mass Evenly Distributed,Stucco and/or Plaster,3.5 - 4.0,A2,No Value
"4"" Face brick",Mass Evenly Distributed,Stucco and/or Plaster,4.0 - 4.75,A2,No Value
"4"" Face brick",Mass Evenly Distributed,Stucco and/or Plaster,4.75 - 5.5,A2,No Value
"4"" Face brick",Mass Evenly Distributed,Stucco and/or Plaster,5.5 - 6.5,A2,No Value
"4"" Face brick",Mass Evenly Distributed,Stucco and/or Plaster,6.5 - 7.75,A2,No Value
"4"" Face brick",Mass Evenly Distributed,Stucco and/or Plaster,7.75 - 9.0,A2,No Value
"4"" Face brick",Mass Evenly Distributed,Stucco and/or Plaster,9.0 - 10.75,A2,No Value
"4"" Face brick",Mass Evenly Distributed,Stucco and/or Plaster,10.75 - 12.75,A2,No Value
"4"" Face brick",Mass Evenly Distributed,Stucco and/or Plaster,12.75 - 15.0,A2,No Value
"4"" Face brick",Mass Evenly Distributed,Stucco and/or Plaster,15.0 - 17.5,A2,No Value
"4"" Face brick",Mass Evenly Distributed,Stucco and/or Plaster,17.5 - 20.0,A2,No Value
"4"" Face brick",Mass Evenly Distributed,Stucco and/or Plaster,20.0 - 23.0,A2,No Value
"4"" Face brick",Mass Evenly Distributed,Stucco and/or Plaster,23.0 - 27.0,A2,No Value
"4"" Face brick",Mass Evenly Distributed,Steel or other lightweight siding,0.0 - 2.0,A2,3
"4"" Face brick",Mass Evenly Distributed,Steel or other lightweight siding,2.0 - 2.5,A2,3
"4"" Face brick",Mass Evenly Distributed,Steel or other lightweight siding,2.5 - 3.0,A2,4
"4"" Face brick",Mass Evenly Distributed,Steel or other lightweight siding,3.0 - 3.5,A2,No Value
"4"" Face brick",Mass Evenly Distributed,Steel or other lightweight siding,3.5 - 4.0,A2,No Value
"4"" Face brick",Mass Evenly Distributed,Steel or other lightweight siding,4.0 - 4.75,A2,No Value
"4"" Face brick",Mass Evenly Distributed,Steel or other lightweight siding,4.75 - 5.5,A2,No Value
"4"" Face brick",Mass Evenly Distributed,Steel or other lightweight siding,5.5 - 6.5,A2,No Value
"4"" Face brick",Mass Evenly Distributed,Steel or other lightweight siding,6.5 - 7.75,A2,No Value
"4"" Face brick",Mass Evenly Distributed,Steel or other lightweight siding,7.75 - 9.0,A2,No Value
"4"" Face brick",Mass Evenly Distributed,Steel or other lightweight siding,9.0 - 10.75,A2,No Value
"4"" Face brick",Mass Evenly Distributed,Steel or other lightweight siding,10.75 - 12.75,A2,No Value
"4"" Face brick",Mass Evenly Distributed,Steel or other lightweight siding,12.75 - 15.0,A2,No Value
"4"" Face brick",Mass Evenly Distributed,Steel or other lightweight siding,15.0 - 17.5,A2,No Value
"4"" Face brick",Mass Evenly Distributed,Steel or other lightweight siding,17.5 - 20.0,A2,No Value
"4"" Face brick",Mass Evenly Distributed,Steel or other lightweight siding,20.0 - 23.0,A2,No Value
"4"" Face brick",Mass Evenly Distributed,Steel or other lightweight siding,23.0 - 27.0,A2,No Value
"4"" Face brick",Mass Evenly Distributed,Face brick,0.0 - 2.0,A2,6
"4"" Face brick",Mass Evenly Distributed,Face brick,2.0 - 2.5,A2,10
"4"" Face brick",Mass Evenly Distributed,Face brick,2.5 - 3.0,A2,10
"4"" Face brick",Mass Evenly Distributed,Face brick,3.0 - 3.5,A2,11
"4"" Face brick",Mass Evenly Distributed,Face brick,3.5 - 4.0,A2,11
"4"" Face brick",Mass Evenly Distributed,Face brick,4.0 - 4.75,A2,11
"4"" Face brick",Mass Evenly Distributed,Face brick,4.75 - 5.5,A2,11
"4"" Face brick",Mass Evenly Distributed,Face brick,5.5 - 6.5,A2,16
"4"" Face brick",Mass Evenly Distributed,Face brick,6.5 - 7.75,A2,16
"4"" Face brick",Mass Evenly Distributed,Face brick,7.75 - 9.0,A2,16
"4"" Face brick",Mass Evenly Distributed,Face brick,9.0 - 10.75,A2,16
"4"" Face brick",Mass Evenly Distributed,Face brick,10.75 - 12.75,A2,16
"4"" Face brick",Mass Evenly Distributed,Face brick,12.75 - 15.0,A2,16
"4"" Face brick",Mass Evenly Distributed,Face brick,15.0 - 17.5,A2,No Value
"4"" Face brick",Mass Evenly Distributed,Face brick,17.5 - 20.0,A2,No Value
"4"" Face brick",Mass Evenly Distributed,Face brick,20.0 - 23.0,A2,No Value
"4"" Face brick",Mass Evenly Distributed,Face brick,23.0 - 27.0,A2,No Value
"4"" Face brick",Mass Located Outside Insulation,Stucco and/or Plaster,0.0 - 2.0,A2,No Value
"4"" Face brick",Mass Located Outside Insulation,Stucco and/or Plaster,2.0 - 2.5,A2,3
"4"" Face brick",Mass Located Outside Insulation,Stucco and/or Plaster,2.5 - 3.0,A2,3
"4"" Face brick",Mass Located Outside Insulation,Stucco and/or Plaster,3.0 - 3.5,A2,3
"4"" Face brick",Mass Located Outside Insulation,Stucco and/or Plaster,3.5 - 4.0,A2,3
"4"" Face brick",Mass Located Outside Insulation,Stucco and/or Plaster,4.0 - 4.75,A2,4
"4"" Face brick",Mass Located Outside Insulation,Stucco and/or Plaster,4.75 - 5.5,A2,4
"4"" Face brick",Mass Located Outside Insulation,Stucco and/or Plaster,5.5 - 6.5,A2,5
"4"" Face brick",Mass Located Outside Insulation,Stucco and/or Plaster,6.5 - 7.75,A2,5
"4"" Face brick",Mass Located Outside Insulation,Stucco and/or Plaster,7.75 - 9.0,A2,5
"4"" Face brick",Mass Located Outside Insulation,Stucco and/or Plaster,9.0 - 10.75,A2,5
"4"" Face brick",Mass Located Outside Insulation,Stucco and/or Plaster,10.75 - 12.75,A2,5
"4"" Face brick",Mass Located Outside Insulation,Stucco and/or Plaster,12.75 - 15.0,A2,5
"4"" Face brick",Mass Located Outside Insulation,Stucco and/or Plaster,15.0 - 17.5,A2,5
"4"" Face brick",Mass Located Outside Insulation,Stucco and/or Plaster,17.5 - 20.0,A2,5
"4"" Face brick",Mass Located Outside Insulation,Stucco and/or Plaster,20.0 - 23.0,A2,9
"4"" Face brick",Mass Located Outside Insulation,Stucco and/or Plaster,23.0 - 27.0,A2,No Value
"4"" Face brick",Mass Located Outside Insulation,Steel or other lightweight siding,0.0 - 2.0,A2,No Value
"4"" Face brick",Mass Located Outside Insulation,Steel or other lightweight siding,2.0 - 2.5,A2,3
"4"" Face brick",Mass Located Outside Insulation,Steel or other lightweight siding,2.5 - 3.0,A2,3
"4"" Face brick",Mass Located Outside Insulation,Steel or other lightweight siding,3.0 - 3.5,A2,3
"4"" Face brick",Mass Located Outside Insulation,Steel or other lightweight siding,3.5 - 4.0,A2,3
"4"" Face brick",Mass Located Outside Insulation,Steel or other lightweight siding,4.0 - 4.75,A2,3
"4"" Face brick",Mass Located Outside Insulation,Steel or other lightweight siding,4.75 - 5.5,A2,3
"4"" Face brick",Mass Located Outside Insulation,Steel or other lightweight siding,5.5 - 6.5,A2,4
"4"" Face brick",Mass Located Outside Insulation,Steel or other lightweight siding,6.5 - 7.75,A2,4
"4"" Face brick",Mass Located Outside Insulation,Steel or other lightweight siding,7.75 - 9.0,A2,5
"4"" Face brick",Mass Located Outside Insulation,Steel or other lightweight siding,9.0 - 10.75,A2,5
"4"" Face brick",Mass Located Outside Insulation,Steel or other lightweight siding,10.75 - 12.75,A2,5
"4"" Face brick",Mass Located Outside Insulation,Steel or other lightweight siding,12.75 - 15.0,A2,5
"4"" Face brick",Mass Located Outside Insulation,Steel or other lightweight siding,15.0 - 17.5,A2,5
"4"" Face brick",Mass Located Outside Insulation,Steel or other lightweight siding,17.5 - 20.0,A2,5
"4"" Face brick",Mass Located Outside Insulation,Steel or other lightweight siding,20.0 - 23.0,A2,9
"4"" Face brick",Mass Located Outside Insulation,Steel or other lightweight siding,23.0 - 27.0,A2,No Value
"4"" Face brick",Mass Located Outside Insulation,Face brick,0.0 - 2.0,A2,No Value
"4"" Face brick",Mass Located Outside Insulation,Face brick,2.0 - 2.5,A2,No Value
"4"" Face brick",Mass Located Outside Insulation,Face brick,2.5 - 3.0,A2,10
"4"" Face brick",Mass Located Outside Insulation,Face brick,3.0 - 3.5,A2,11
"4"" Face brick",Mass Located Outside Insulation,Face brick,3.5 - 4.0,A2,11
"4"" Face brick",Mass Located Outside Insulation,Face brick,4.0 - 4.75,A2,11
"4"" Face brick",Mass Located Outside Insulation,Face brick,4.75 - 5.5,A2,12
"4"" Face brick",Mass Located Outside Insulation,Face brick,5.5 - 6.5,A2,12
"4"" Face brick",Mass Located Outside Insulation,Face brick,6.5 - 7.75,A2,12
"4"" Face brick",Mass Located Outside Insulation,Face brick,7.75 - 9.0,A2,12
"4"" Face brick",Mass Located Outside Insulation,Face brick,9.0 - 10.75,A2,12
"4"" Face brick",Mass Located Outside Insulation,Face brick,10.75 - 12.75,A2,12
"4"" Face brick",Mass Located Outside Insulation,Face brick,12.75 - 15.0,A2,No Value
"4"" Face brick",Mass Located Outside Insulation,Face brick,15.0 - 17.5,A2,No Value
"4"" Face brick",Mass Located Outside Insulation,Face brick,17.5 - 20.0,A2,No Value
"4"" Face brick",Mass Located Outside Insulation,Face brick,20.0 - 23.0,A2,No Value
"4"" Face brick",Mass Located Outside Insulation,Face brick,23.0 - 27.0,A2,No Value
"4"" Heavyweight concrete",Mass Located Inside Insulation,Stucco and/or Plaster,0.0 - 2.0,C5,No Value
"4"" Heavyweight concrete",Mass Located Inside Insulation,Stucco and/or Plaster,2.0 - 2.5,C5,5
"4"" Heavyweight concrete",Mass Located Inside Insulation,Stucco and/or Plaster,2.5 - 3.0,C5,6
"4"" Heavyweight concrete",Mass Located Inside Insulation,Stucco and/or Plaster,3.0 - 3.5,C5,6
"4"" Heavyweight concrete",Mass Located Inside Insulation,Stucco and/or Plaster,3.5 - 4.0,C5,6
"4"" Heavyweight concrete",Mass Located Inside Insulation,Stucco and/or Plaster,4.0 - 4.75,C5,6
"4"" Heavyweight concrete",Mass Located Inside Insulation,Stucco and/or Plaster,4.75 - 5.5,C5,6
"4"" Heavyweight concrete",Mass Located Inside Insulation,Stucco and/or Plaster,5.5 - 6.5,C5,7
"4"" Heavyweight concrete",Mass Located Inside Insulation,Stucco and/or Plaster,6.5 - 7.75,C5,7
"4"" Heavyweight concrete",Mass Located Inside Insulation,Stucco and/or Plaster,7.75 - 9.0,C5,7
"4"" Heavyweight concrete",Mass Located Inside Insulation,Stucco and/or Plaster,9.0 - 10.75,C5,7
"4"" Heavyweight concrete",Mass Located Inside Insulation,Stucco and/or Plaster,10.75 - 12.75,C5,11
"4"" Heavyweight concrete",Mass Located Inside Insulation,Stucco and/or Plaster,12.75 - 15.0,C5,11
"4"" Heavyweight concrete",Mass Located Inside Insulation,Stucco and/or Plaster,15.0 - 17.5,C5,11
"4"" Heavyweight concrete",Mass Located Inside Insulation,Stucco and/or Plaster,17.5 - 20.0,C5,11
"4"" Heavyweight concrete",Mass Located Inside Insulation,Stucco and/or Plaster,20.0 - 23.0,C5,11
"4"" Heavyweight concrete",Mass Located Inside Insulation,Stucco and/or Plaster,23.0 - 27.0,C5,No Value
"4"" Heavyweight concrete",Mass Located Inside Insulation,Steel or other lightweight siding,0.0 - 2.0,C5,No Value
"4"" Heavyweight concrete",Mass Located Inside Insulation,Steel or other lightweight siding,2.0 - 2.5,C5,5
"4"" Heavyweight concrete",Mass Located Inside Insulation,Steel or other lightweight siding,2.5 - 3.0,C5,3
"4"" Heavyweight concrete",Mass Located Inside Insulation,Steel or other lightweight siding,3.0 - 3.5,C5,5
"4"" Heavyweight concrete",Mass Located Inside Insulation,Steel or other lightweight siding,3.5 - 4.0,C5,5
"4"" Heavyweight concrete",Mass Located Inside Insulation,Steel or other lightweight siding,4.0 - 4.75,C5,5
"4"" Heavyweight concrete",Mass Located Inside Insulation,Steel or other lightweight siding,4.75 - 5.5,C5,6
"4"" Heavyweight concrete",Mass Located Inside Insulation,Steel or other lightweight siding,5.5 - 6.5,C5,6
"4"" Heavyweight concrete",Mass Located Inside Insulation,Steel or other lightweight siding,6.5 - 7.75,C5,6
"4"" Heavyweight concrete",Mass Located Inside Insulation,Steel or other lightweight siding,7.75 - 9.0,C5,6
"4"" Heavyweight concrete",Mass Located Inside Insulation,Steel or other lightweight siding,9.0 - 10.75,C5,6
"4"" Heavyweight concrete",Mass Located Inside Insulation,Steel or other lightweight siding,10.75 - 12.75,C5,7
"4"" Heavyweight concrete",Mass Located Inside Insulation,Steel or other lightweight siding,12.75 - 15.0,C5,7
"4"" Heavyweight concrete",Mass Located Inside Insulation,Steel or other lightweight siding,15.0 - 17.5,C5,7
"4"" Heavyweight concrete",Mass Located Inside Insulation,Steel or other lightweight siding,17.5 - 20.0,C5,11
"4"" Heavyweight concrete",Mass Located Inside Insulation,Steel or other lightweight siding,20.0 - 23.0,C5,11
"4"" Heavyweight concrete",Mass Located Inside Insulation,Steel or other lightweight siding,23.0 - 27.0,C5,No Value
"4"" Heavyweight concrete",Mass Located Inside Insulation,Face brick,0.0 - 2.0,C5,No Value
"4"" Heavyweight concrete",Mass Located Inside Insulation,Face brick,2.0 - 2.5,C5,11
"4"" Heavyweight concrete",Mass Located Inside Insulation,Face brick,2.5 - 3.0,C5,12
"4"" Heavyweight concrete",Mass Located Inside Insulation,Face brick,3.0 - 3.5,C5,12
"4"" Heavyweight concrete",Mass Located Inside Insulation,Face brick,3.5 - 4.0,C5,13
"4"" Heavyweight concrete",Mass Located Inside Insulation,Face brick,4.0 - 4.75,C5,13
"4"" Heavyweight concrete",Mass Located Inside Insulation,Face brick,4.75 - 5.5,C5,13
"4"" Heavyweight concrete",Mass Located Inside Insulation,Face brick,5.5 - 6.5,C5,13
"4"" Heavyweight concrete",Mass Located Inside Insulation,Face brick,6.5 - 7.75,C5,13
"4"" Heavyweight concrete",Mass Located Inside Insulation,Face brick,7.75 - 9.0,C5,13
"4"" Heavyweight concrete",Mass Located Inside Insulation,Face brick,9.0 - 10.75,C5,14
"4"" Heavyweight concrete",Mass Located Inside Insulation,Face brick,10.75 - 12.75,C5,14
"4"" Heavyweight concrete",Mass Located Inside Insulation,Face brick,12.75 - 15.0,C5,No Value
"4"" Heavyweight concrete",Mass Located Inside Insulation,Face brick,15.0 - 17.5,C5,No Value
"4"" Heavyweight concrete",Mass Located Inside Insulation,Face brick,17.5 - 20.0,C5,No Value
"4"" Heavyweight concrete",Mass Located Inside Insulation,Face brick,20.0 - 23.0,C5,No Value
"4"" Heavyweight concrete",Mass Located Inside Insulation,Face brick,23.0 - 27.0,C5,No Value
"4"" Heavyweight concrete",Mass Evenly Distributed,Stucco and/or Plaster,0.0 - 2.0,C5,3
"4"" Heavyweight concrete",Mass Evenly Distributed,Stucco and/or Plaster,2.0 - 2.5,C5,4
"4"" Heavyweight concrete",Mass Evenly Distributed,Stucco and/or Plaster,2.5 - 3.0,C5,4
"4"" Heavyweight concrete",Mass Evenly Distributed,Stucco and/or Plaster,3.0 - 3.5,C5,No Value
"4"" Heavyweight concrete",Mass Evenly Distributed,Stucco and/or Plaster,3.5 - 4.0,C5,No Value
"4"" Heavyweight concrete",Mass Evenly Distributed,Stucco and/or Plaster,4.0 - 4.75,C5,No Value
"4"" Heavyweight concrete",Mass Evenly Distributed,Stucco and/or Plaster,4.75 - 5.5,C5,No Value
"4"" Heavyweight concrete",Mass Evenly Distributed,Stucco and/or Plaster,5.5 - 6.5,C5,No Value
"4"" Heavyweight concrete",Mass Evenly Distributed,Stucco and/or Plaster,6.5 - 7.75,C5,No Value
"4"" Heavyweight concrete",Mass Evenly Distributed,Stucco and/or Plaster,7.75 - 9.0,C5,No Value
"4"" Heavyweight concrete",Mass Evenly Distributed,Stucco and/or Plaster,9.0 - 10.75,C5,No Value
"4"" Heavyweight concrete",Mass Evenly Distributed,Stucco and/or Plaster,10.75 - 12.75,C5,No Value
"4"" Heavyweight concrete",Mass Evenly Distributed,Stucco and/or Plaster,12.75 - 15.0,C5,No Value
"4"" Heavyweight concrete",Mass Evenly Distributed,Stucco and/or Plaster,15.0 - 17.5,C5,No Value
"4"" Heavyweight concrete",Mass Evenly Distributed,Stucco and/or Plaster,17.5 - 20.0,C5,No Value
"4"" Heavyweight concrete",Mass Evenly Distributed,Stucco and/or Plaster,20.0 - 23.0,C5,No Value
"4"" Heavyweight concrete",Mass Evenly Distributed,Stucco and/or Plaster,23.0 - 27.0,C5,No Value
"4"" Heavyweight concrete",Mass Evenly Distributed,Steel or other lightweight siding,0.0 - 2.0,C5,2
"4"" Heavyweight concrete",Mass Evenly Distributed,Steel or other lightweight siding,2.0 - 2.5,C5,2
"4"" Heavyweight concrete",Mass Evenly Distributed,Steel or other lightweight siding,2.5 - 3.0,C5,4
"4"" Heavyweight concrete",Mass Evenly Distributed,Steel or other lightweight siding,3.0 - 3.5,C5,No Value
"4"" Heavyweight concrete",Mass Evenly Distributed,Steel or other lightweight siding,3.5 - 4.0,C5,No Value
"4"" Heavyweight concrete",Mass Evenly Distributed,Steel or other lightweight siding,4.0 - 4.75,C5,No Value
"4"" Heavyweight concrete",Mass Evenly Distributed,Steel or other lightweight siding,4.75 - 5.5,C5,No Value
"4"" Heavyweight concrete",Mass Evenly Distributed,Steel or other lightweight siding,5.5 - 6.5,C5,No Value
"4"" Heavyweight concrete",Mass Evenly Distributed,Steel or other lightweight siding,6.5 - 7.75,C5,No Value
"4"" Heavyweight concrete",Mass Evenly Distributed,Steel or other lightweight siding,7.75 - 9.0,C5,No Value
"4"" Heavyweight concrete",Mass Evenly Distributed,Steel or other lightweight siding,9.0 - 10.75,C5,No Value
"4"" Heavyweight concrete",Mass Evenly Distributed,Steel or other lightweight siding,10.75 - 12.75,C5,No Value
"4"" Heavyweight concrete",Mass Evenly Distributed,Steel or other lightweight siding,12.75 - 15.0,C5,No Value
"4"" Heavyweight concrete",Mass Evenly Distributed,Steel or other lightweight siding,15.0 - 17.5,C5,No Value
"4"" Heavyweight concrete",Mass Evenly Distributed,Steel or other lightweight siding,17.5 - 20.0,C5,No Value
"4"" Heavyweight concrete",Mass Evenly Distributed,Steel or other lightweight siding,20.0 - 23.0,C5,No Value
"4"" Heavyweight concrete",Mass Evenly Distributed,Steel or other lightweight siding,23.0 - 27.0,C5,No Value
"4"" Heavyweight concrete",Mass Evenly Distributed,Face brick,0.0 - 2.0,C5,6
"4"" Heavyweight concrete",Mass Evenly Distributed,Face brick,2.0 - 2.5,C5,10
"4"" Heavyweight concrete",Mass Evenly Distributed,Face brick,2.5 - 3.0,C5,11
"4"" Heavyweight concrete",Mass Evenly Distributed,Face brick,3.0 - 3.5,C5,11
"4"" Heavyweight concrete",Mass Evenly Distributed,Face brick,3.5 - 4.0,C5,11
"4"" Heavyweight concrete",Mass Evenly Distributed,Face brick,4.0 - 4.75,C5,11
"4"" Heavyweight concrete",Mass Evenly Distributed,Face brick,4.75 - 5.5,C5,16
"4"" Heavyweight concrete",Mass Evenly Distributed,Face brick,5.5 - 6.5,C5,11
"4"" Heavyweight concrete",Mass Evenly Distributed,Face brick,6.5 - 7.75,C5,16
"4"" Heavyweight concrete",Mass Evenly Distributed,Face brick,7.75 - 9.0,C5,No Value
"4"" Heavyweight concrete",Mass Evenly Distributed,Face brick,9.0 - 10.75,C5,16
"4"" Heavyweight concrete",Mass Evenly Distributed,Face brick,10.75 - 12.75,C5,No Value
"4"" Heavyweight concrete",Mass Evenly Distributed,Face brick,12.75 - 15.0,C5,16
"4"" Heavyweight concrete",Mass Evenly Distributed,Face brick,15.0 - 17.5,C5,No Value
"4"" Heavyweight concrete",Mass Evenly Distributed,Face brick,17.5 - 20.0,C5,No Value
"4"" Heavyweight concrete",Mass Evenly Distributed,Face brick,20.0 - 23.0,C5,No Value
"4"" Heavyweight concrete",Mass Evenly Distributed,Face brick,23.0 - 27.0,C5,No Value
"4"" Heavyweight concrete",Mass Located Outside Insulation,Stucco and/or Plaster,0.0 - 2.0,C5,No Value
"4"" Heavyweight concrete",Mass Located Outside Insulation,Stucco and/or Plaster,2.0 - 2.5,C5,5
"4"" Heavyweight concrete",Mass Located Outside Insulation,Stucco and/or Plaster,2.5 - 3.0,C5,5
"4"" Heavyweight concrete",Mass Located Outside Insulation,Stucco and/or Plaster,3.0 - 3.5,C5,5
"4"" Heavyweight concrete",Mass Located Outside Insulation,Stucco and/or Plaster,3.5 - 4.0,C5,5
"4"" Heavyweight concrete",Mass Located Outside Insulation,Stucco and/or Plaster,4.0 - 4.75,C5,5
"4"" Heavyweight concrete",Mass Located Outside Insulation,Stucco and/or Plaster,4.75 - 5.5,C5,6
"4"" Heavyweight concrete",Mass Located Outside Insulation,Stucco and/or Plaster,5.5 - 6.5,C5,6
"4"" Heavyweight concrete",Mass Located Outside Insulation,Stucco and/or Plaster,6.5 - 7.75,C5,6
"4"" Heavyweight concrete",Mass Located Outside Insulation,Stucco and/or Plaster,7.75 - 9.0,C5,6
"4"" Heavyweight concrete",Mass Located Outside Insulation,Stucco and/or Plaster,9.0 - 10.75,C5,6
"4"" Heavyweight concrete",Mass Located Outside Insulation,Stucco and/or Plaster,10.75 - 12.75,C5,6
"4"" Heavyweight concrete",Mass Located Outside Insulation,Stucco and/or Plaster,12.75 - 15.0,C5,10
"4"" Heavyweight concrete",Mass Located Outside Insulation,Stucco and/or Plaster,15.0 - 17.5,C5,10
"4"" Heavyweight concrete",Mass Located Outside Insulation,Stucco and/or Plaster,17.5 - 20.0,C5,10
"4"" Heavyweight concrete",Mass Located Outside Insulation,Stucco and/or Plaster,20.0 - 23.0,C5,10
"4"" Heavyweight concrete",Mass Located Outside Insulation,Stucco and/or Plaster,23.0 - 27.0,C5,No Value
"4"" Heavyweight concrete",Mass Located Outside Insulation,Steel or other lightweight siding,0.0 - 2.0,C5,No Value
"4"" Heavyweight concrete",Mass Located Outside Insulation,Steel or other lightweight siding,2.0 - 2.5,C5,2
"4"" Heavyweight concrete",Mass Located Outside Insulation,Steel or other lightweight siding,2.5 - 3.0,C5,2
"4"" Heavyweight concrete",Mass Located Outside Insulation,Steel or other lightweight siding,3.0 - 3.5,C5,3
"4"" Heavyweight concrete",Mass Located Outside Insulation,Steel or other lightweight siding,3.5 - 4.0,C5,3
"4"" Heavyweight concrete",Mass Located Outside Insulation,Steel or other lightweight siding,4.0 - 4.75,C5,3
"4"" Heavyweight concrete",Mass Located Outside Insulation,Steel or other lightweight siding,4.75 - 5.5,C5,3
"4"" Heavyweight concrete",Mass Located Outside Insulation,Steel or other lightweight siding,5.5 - 6.5,C5,3
"4"" Heavyweight concrete",Mass Located Outside Insulation,Steel or other lightweight siding,6.5 - 7.75,C5,4
"4"" Heavyweight concrete",Mass Located Outside Insulation,Steel or other lightweight siding,7.75 - 9.0,C5,4
"4"" Heavyweight concrete",Mass Located Outside Insulation,Steel or other lightweight siding,9.0 - 10.75,C5,4
"4"" Heavyweight concrete",Mass Located Outside Insulation,Steel or other lightweight siding,10.75 - 12.75,C5,5
"4"" Heavyweight concrete",Mass Located Outside Insulation,Steel or other lightweight siding,12.75 - 15.0,C5,5
"4"" Heavyweight concrete",Mass Located Outside Insulation,Steel or other lightweight siding,15.0 - 17.5,C5,5
"4"" Heavyweight concrete",Mass Located Outside Insulation,Steel or other lightweight siding,17.5 - 20.0,C5,5
"4"" Heavyweight concrete",Mass Located Outside Insulation,Steel or other lightweight siding,20.0 - 23.0,C5,9
"4"" Heavyweight concrete",Mass Located Outside Insulation,Steel or other lightweight siding,23.0 - 27.0,C5,No Value
"4"" Heavyweight concrete",Mass Located Outside Insulation,Face brick,0.0 - 2.0,C5,No Value
"4"" Heavyweight concrete",Mass Located Outside Insulation,Face brick,2.0 - 2.5,C5,11
"4"" Heavyweight concrete",Mass Located Outside Insulation,Face brick,2.5 - 3.0,C5,11
"4"" Heavyweight concrete",Mass Located Outside Insulation,Face brick,3.0 - 3.5,C5,11
"4"" Heavyweight concrete",Mass Located Outside Insulation,Face brick,3.5 - 4.0,C5,11
"4"" Heavyweight concrete",Mass Located Outside Insulation,Face brick,4.0 - 4.75,C5,11
"4"" Heavyweight concrete",Mass Located Outside Insulation,Face brick,4.75 - 5.5,C5,12
"4"" Heavyweight concrete",Mass Located Outside Insulation,Face brick,5.5 - 6.5,C5,12
"4"" Heavyweight concrete",Mass Located Outside Insulation,Face brick,6.5 - 7.75,C5,12
"4"" Heavyweight concrete",Mass Located Outside Insulation,Face brick,7.75 - 9.0,C5,12
"4"" Heavyweight concrete",Mass Located Outside Insulation,Face brick,9.0 - 10.75,C5,12
"4"" Heavyweight concrete",Mass Located Outside Insulation,Face brick,10.75 - 12.75,C5,12
"4"" Heavyweight concrete",Mass Located Outside Insulation,Face brick,12.75 - 15.0,C5,No Value
"4"" Heavyweight concrete",Mass Located Outside Insulation,Face brick,15.0 - 17.5,C5,No Value
"4"" Heavyweight concrete",Mass Located Outside Insulation,Face brick,17.5 - 20.0,C5,No Value
"4"" Heavyweight concrete",Mass Located Outside Insulation,Face brick,20.0 - 23.0,C5,No Value
"4"" Heavyweight concrete",Mass Located Outside Insulation,Face brick,23.0 - 27.0,C5,No Value
"4"" Heavyweight concrete block",Mass Located Inside Insulation,Stucco and/or Plaster,0.0 - 2.0,C3,No Value
"4"" Heavyweight concrete block",Mass Located Inside Insulation,Stucco and/or Plaster,2.0 - 2.5,C3,No Value
"4"" Heavyweight concrete block",Mass Located Inside Insulation,Stucco and/or Plaster,2.5 - 3.0,C3,2
"4"" Heavyweight concrete block",Mass Located Inside Insulation,Stucco and/or Plaster,3.0 - 3.5,C3,2
"4"" Heavyweight concrete block",Mass Located Inside Insulation,Stucco and/or Plaster,3.5 - 4.0,C3,3
"4"" Heavyweight concrete block",Mass Located Inside Insulation,Stucco and/or Plaster,4.0 - 4.75,C3,4
"4"" Heavyweight concrete block",Mass Located Inside Insulation,Stucco and/or Plaster,4.75 - 5.5,C3,4
"4"" Heavyweight concrete block",Mass Located Inside Insulation,Stucco and/or Plaster,5.5 - 6.5,C3,5
"4"" Heavyweight concrete block",Mass Located Inside Insulation,Stucco and/or Plaster,6.5 - 7.75,C3,5
"4"" Heavyweight concrete block",Mass Located Inside Insulation,Stucco and/or Plaster,7.75 - 9.0,C3,5
"4"" Heavyweight concrete block",Mass Located Inside Insulation,Stucco and/or Plaster,9.0 - 10.75,C3,5
"4"" Heavyweight concrete block",Mass Located Inside Insulation,Stucco and/or Plaster,10.75 - 12.75,C3,5
"4"" Heavyweight concrete block",Mass Located Inside Insulation,Stucco and/or Plaster,12.75 - 15.0,C3,5
"4"" Heavyweight concrete block",Mass Located Inside Insulation,Stucco and/or Plaster,15.0 - 17.5,C3,5
"4"" Heavyweight concrete block",Mass Located Inside Insulation,Stucco and/or Plaster,17.5 - 20.0,C3,9
"4"" Heavyweight concrete block",Mass Located Inside Insulation,Stucco and/or Plaster,20.0 - 23.0,C3,9
"4"" Heavyweight concrete block",Mass Located Inside Insulation,Stucco and/or Plaster,23.0 - 27.0,C3,No Value
"4"" Heavyweight concrete block",Mass Located Inside Insulation,Steel or other lightweight siding,0.0 - 2.0,C3,No Value
"4"" Heavyweight concrete block",Mass Located Inside Insulation,Steel or other lightweight siding,2.0 - 2.5,C3,2
"4"" Heavyweight concrete block",Mass Located Inside Insulation,Steel or other lightweight siding,2.5 - 3.0,C3,2
"4"" Heavyweight concrete block",Mass Located Inside Insulation,Steel or other lightweight siding,3.0 - 3.5,C3,2
"4"" Heavyweight concrete block",Mass Located Inside Insulation,Steel or other lightweight siding,3.5 - 4.0,C3,2
"4"" Heavyweight concrete block",Mass Located Inside Insulation,Steel or other lightweight siding,4.0 - 4.75,C3,2
"4"" Heavyweight concrete block",Mass Located Inside Insulation,Steel or other lightweight siding,4.75 - 5.5,C3,2
"4"" Heavyweight concrete block",Mass Located Inside Insulation,Steel or other lightweight siding,5.5 - 6.5,C3,3
"4"" Heavyweight concrete block",Mass Located Inside Insulation,Steel or other lightweight siding,6.5 - 7.75,C3,3
"4"" Heavyweight concrete block",Mass Located Inside Insulation,Steel or other lightweight siding,7.75 - 9.0,C3,3
"4"" Heavyweight concrete block",Mass Located Inside Insulation,Steel or other lightweight siding,9.0 - 10.75,C3,3
"4"" Heavyweight concrete block",Mass Located Inside Insulation,Steel or other lightweight siding,10.75 - 12.75,C3,3
"4"" Heavyweight concrete block",Mass Located Inside Insulation,Steel or other lightweight siding,12.75 - 15.0,C3,4
"4"" Heavyweight concrete block",Mass Located Inside Insulation,Steel or other lightweight siding,15.0 - 17.5,C3,4
"4"" Heavyweight concrete block",Mass Located Inside Insulation,Steel or other lightweight siding,17.5 - 20.0,C3,4
"4"" Heavyweight concrete block",Mass Located Inside Insulation,Steel or other lightweight siding,20.0 - 23.0,C3,5
"4"" Heavyweight concrete block",Mass Located Inside Insulation,Steel or other lightweight siding,23.0 - 27.0,C3,No Value
"4"" Heavyweight concrete block",Mass Located Inside Insulation,Face brick,0.0 - 2.0,C3,No Value
"4"" Heavyweight concrete block",Mass Located Inside Insulation,Face brick,2.0 - 2.5,C3,No Value
"4"" Heavyweight concrete block",Mass Located Inside Insulation,Face brick,2.5 - 3.0,C3,6
"4"" Heavyweight concrete block",Mass Located Inside Insulation,Face brick,3.0 - 3.5,C3,11
"4"" Heavyweight concrete block",Mass Located Inside Insulation,Face brick,3.5 - 4.0,C3,12
"4"" Heavyweight concrete block",Mass Located Inside Insulation,Face brick,4.0 - 4.75,C3,12
"4"" Heavyweight concrete block",Mass Located Inside Insulation,Face brick,4.75 - 5.5,C3,12
"4"" Heavyweight concrete block",Mass Located Inside Insulation,Face brick,5.5 - 6.5,C3,12
"4"" Heavyweight concrete block",Mass Located Inside Insulation,Face brick,6.5 - 7.75,C3,13
"4"" Heavyweight concrete block",Mass Located Inside Insulation,Face brick,7.75 - 9.0,C3,13
"4"" Heavyweight concrete block",Mass Located Inside Insulation,Face brick,9.0 - 10.75,C3,13
"4"" Heavyweight concrete block",Mass Located Inside Insulation,Face brick,10.75 - 12.75,C3,13
"4"" Heavyweight concrete block",Mass Located Inside Insulation,Face brick,12.75 - 15.0,C3,13
"4"" Heavyweight concrete block",Mass Located Inside Insulation,Face brick,15.0 - 17.5,C3,13
"4"" Heavyweight concrete block",Mass Located Inside Insulation,Face brick,17.5 - 20.0,C3,No Value
"4"" Heavyweight concrete block",Mass Located Inside Insulation,Face brick,20.0 - 23.0,C3,No Value
"4"" Heavyweight concrete block",Mass Located Inside Insulation,Face brick,23.0 - 27.0,C3,No Value
"4"" Heavyweight concrete block",Mass Evenly Distributed,Stucco and/or Plaster,0.0 - 2.0,C3,1
"4"" Heavyweight concrete block",Mass Evenly Distributed,Stucco and/or Plaster,2.0 - 2.5,C3,2
"4"" Heavyweight concrete block",Mass Evenly Distributed,Stucco and/or Plaster,2.5 - 3.0,C3,2
"4"" Heavyweight concrete block",Mass Evenly Distributed,Stucco and/or Plaster,3.0 - 3.5,C3,No Value
"4"" Heavyweight concrete block",Mass Evenly Distributed,Stucco and/or Plaster,3.5 - 4.0,C3,No Value
"4"" Heavyweight concrete block",Mass Evenly Distributed,Stucco and/or Plaster,4.0 - 4.75,C3,No Value
"4"" Heavyweight concrete block",Mass Evenly Distributed,Stucco and/or Plaster,4.75 - 5.5,C3,No Value
"4"" Heavyweight concrete block",Mass Evenly Distributed,Stucco and/or Plaster,5.5 - 6.5,C3,No Value
"4"" Heavyweight concrete block",Mass Evenly Distributed,Stucco and/or Plaster,6.5 - 7.75,C3,No Value
"4"" Heavyweight concrete block",Mass Evenly Distributed,Stucco and/or Plaster,7.75 - 9.0,C3,No Value
"4"" Heavyweight concrete block",Mass Evenly Distributed,Stucco and/or Plaster,9.0 - 10.75,C3,No Value
"4"" Heavyweight concrete block",Mass Evenly Distributed,Stucco and/or Plaster,10.75 - 12.75,C3,No Value
"4"" Heavyweight concrete block",Mass Evenly Distributed,Stucco and/or Plaster,12.75 - 15.0,C3,No Value
"4"" Heavyweight concrete block",Mass Evenly Distributed,Stucco and/or Plaster,15.0 - 17.5,C3,No Value
"4"" Heavyweight concrete block",Mass Evenly Distributed,Stucco and/or Plaster,17.5 - 20.0,C3,No Value
"4"" Heavyweight concrete block",Mass Evenly Distributed,Stucco and/or Plaster,20.0 - 23.0,C3,No Value
"4"" Heavyweight concrete block",Mass Evenly Distributed,Stucco and/or Plaster,23.0 - 27.0,C3,No Value
"4"" Heavyweight concrete block",Mass Evenly Distributed,Steel or other lightweight siding,0.0 - 2.0,C3,1
"4"" Heavyweight concrete block",Mass Evenly Distributed,Steel or other lightweight siding,2.0 - 2.5,C3,1
"4"" Heavyweight concrete block",Mass Evenly Distributed,Steel or other lightweight siding,2.5 - 3.0,C3,2
"4"" Heavyweight concrete block",Mass Evenly Distributed,Steel or other lightweight siding,3.0 - 3.5,C3,No Value
"4"" Heavyweight concrete block",Mass Evenly Distributed,Steel or other lightweight siding,3.5 - 4.0,C3,No Value
"4"" Heavyweight concrete block",Mass Evenly Distributed,Steel or other lightweight siding,4.0 - 4.75,C3,No Value
"4"" Heavyweight concrete block",Mass Evenly Distributed,Steel or other lightweight siding,4.75 - 5.5,C3,No Value
"4"" Heavyweight concrete block",Mass Evenly Distributed,Steel or other lightweight siding,5.5 - 6.5,C3,No Value
"4"" Heavyweight concrete block",Mass Evenly Distributed,Steel or other lightweight siding,6.5 - 7.75,C3,No Value
"4"" Heavyweight concrete block",Mass Evenly Distributed,Steel or other lightweight siding,7.75 - 9.0,C3,No Value
"4"" Heavyweight concrete block",Mass Evenly Distributed,Steel or other lightweight siding,9.0 - 10.75,C3,No Value
"4"" Heavyweight concrete block",Mass Evenly Distributed,Steel or other lightweight siding,10.75 - 12.75,C3,No Value
"4"" Heavyweight concrete block",Mass Evenly Distributed,Steel or other lightweight siding,12.75 - 15.0,C3,No Value
"4"" Heavyweight concrete block",Mass Evenly Distributed,Steel or other lightweight siding,15.0 - 17.5,C3,No Value
"4"" Heavyweight concrete block",Mass Evenly Distributed,Steel or other lightweight siding,17.5 - 20.0,C3,No Value
"4"" Heavyweight concrete block",Mass Evenly Distributed,Steel or other lightweight siding,20.0 - 23.0,C3,No Value
"4"" Heavyweight concrete block",Mass Evenly Distributed,Steel or other lightweight siding,23.0 - 27.0,C3,No Value
"4"" Heavyweight concrete block",Mass Evenly Distributed,Face brick,0.0 - 2.0,C3,No Value
"4"" Heavyweight concrete block",Mass Evenly Distributed,Face brick,2.0 - 2.5,C3,5
"4"" Heavyweight concrete block",Mass Evenly Distributed,Face brick,2.5 - 3.0,C3,5
"4"" Heavyweight concrete block",Mass Evenly Distributed,Face brick,3.0 - 3.5,C3,5
"4"" Heavyweight concrete block",Mass Evenly Distributed,Face brick,3.5 - 4.0,C3,5
"4"" Heavyweight concrete block",Mass Evenly Distributed,Face brick,4.0 - 4.75,C3,5
"4"" Heavyweight concrete block",Mass Evenly Distributed,Face brick,4.75 - 5.5,C3,10
"4"" Heavyweight concrete block",Mass Evenly Distributed,Face brick,5.5 - 6.5,C3,10
"4"" Heavyweight concrete block",Mass Evenly Distributed,Face brick,6.5 - 7.75,C3,10
"4"" Heavyweight concrete block",Mass Evenly Distributed,Face brick,7.75 - 9.0,C3,10
"4"" Heavyweight concrete block",Mass Evenly Distributed,Face brick,9.0 - 10.75,C3,10
"4"" Heavyweight concrete block",Mass Evenly Distributed,Face brick,10.75 - 12.75,C3,10
"4"" Heavyweight concrete block",Mass Evenly Distributed,Face brick,12.75 - 15.0,C3,10
"4"" Heavyweight concrete block",Mass Evenly Distributed,Face brick,15.0 - 17.5,C3,15
"4"" Heavyweight concrete block",Mass Evenly Distributed,Face brick,17.5 - 20.0,C3,15
"4"" Heavyweight concrete block",Mass Evenly Distributed,Face brick,20.0 - 23.0,C3,16
"4"" Heavyweight concrete block",Mass Evenly Distributed,Face brick,23.0 - 27.0,C3,No Value
"4"" Heavyweight concrete block",Mass Located Outside Insulation,Stucco and/or Plaster,0.0 - 2.0,C3,No Value
"4"" Heavyweight concrete block",Mass Located Outside Insulation,Stucco and/or Plaster,2.0 - 2.5,C3,2
"4"" Heavyweight concrete block",Mass Located Outside Insulation,Stucco and/or Plaster,2.5 - 3.0,C3,2
"4"" Heavyweight concrete block",Mass Located Outside Insulation,Stucco and/or Plaster,3.0 - 3.5,C3,2
"4"" Heavyweight concrete block",Mass Located Outside Insulation,Stucco and/or Plaster,3.5 - 4.0,C3,2
"4"" Heavyweight concrete block",Mass Located Outside Insulation,Stucco and/or Plaster,4.0 - 4.75,C3,2
"4"" Heavyweight concrete block",Mass Located Outside Insulation,Stucco and/or Plaster,4.75 - 5.5,C3,2
"4"" Heavyweight concrete block",Mass Located Outside Insulation,Stucco and/or Plaster,5.5 - 6.5,C3,2
"4"" Heavyweight concrete block",Mass Located Outside Insulation,Stucco and/or Plaster,6.5 - 7.75,C3,2
"4"" Heavyweight concrete block",Mass Located Outside Insulation,Stucco and/or Plaster,7.75 - 9.0,C3,4
"4"" Heavyweight concrete block",Mass Located Outside Insulation,Stucco and/or Plaster,9.0 - 10.75,C3,4
"4"" Heavyweight concrete block",Mass Located Outside Insulation,Stucco and/or Plaster,10.75 - 12.75,C3,4
"4"" Heavyweight concrete block",Mass Located Outside Insulation,Stucco and/or Plaster,12.75 - 15.0,C3,4
"4"" Heavyweight concrete block",Mass Located Outside Insulation,Stucco and/or Plaster,15.0 - 17.5,C3,4
"4"" Heavyweight concrete block",Mass Located Outside Insulation,Stucco and/or Plaster,17.5 - 20.0,C3,4
"4"" Heavyweight concrete block",Mass Located Outside Insulation,Stucco and/or Plaster,20.0 - 23.0,C3,9
"4"" Heavyweight concrete block",Mass Located Outside Insulation,Stucco and/or Plaster,23.0 - 27.0,C3,No Value
"4"" Heavyweight concrete block",Mass Located Outside Insulation,Steel or other lightweight siding,0.0 - 2.0,C3,No Value
"4"" Heavyweight concrete block",Mass Located Outside Insulation,Steel or other lightweight siding,2.0 - 2.5,C3,2
"4"" Heavyweight concrete block",Mass Located Outside Insulation,Steel or other lightweight siding,2.5 - 3.0,C3,2
"4"" Heavyweight concrete block",Mass Located Outside Insulation,Steel or other lightweight siding,3.0 - 3.5,C3,2
"4"" Heavyweight concrete block",Mass Located Outside Insulation,Steel or other lightweight siding,3.5 - 4.0,C3,2
"4"" Heavyweight concrete block",Mass Located Outside Insulation,Steel or other lightweight siding,4.0 - 4.75,C3,2
"4"" Heavyweight concrete block",Mass Located Outside Insulation,Steel or other lightweight siding,4.75 - 5.5,C3,2
"4"" Heavyweight concrete block",Mass Located Outside Insulation,Steel or other lightweight siding,5.5 - 6.5,C3,2
"4"" Heavyweight concrete block",Mass Located Outside Insulation,Steel or other lightweight siding,6.5 - 7.75,C3,2
"4"" Heavyweight concrete block",Mass Located Outside Insulation,Steel or other lightweight siding,7.75 - 9.0,C3,2
"4"" Heavyweight concrete block",Mass Located Outside Insulation,Steel or other lightweight siding,9.0 - 10.75,C3,2
"4"" Heavyweight concrete block",Mass Located Outside Insulation,Steel or other lightweight siding,10.75 - 12.75,C3,2
"4"" Heavyweight concrete block",Mass Located Outside Insulation,Steel or other lightweight siding,12.75 - 15.0,C3,2
"4"" Heavyweight concrete block",Mass Located Outside Insulation,Steel or other lightweight siding,15.0 - 17.5,C3,4
"4"" Heavyweight concrete block",Mass Located Outside Insulation,Steel or other lightweight siding,17.5 - 20.0,C3,4
"4"" Heavyweight concrete block",Mass Located Outside Insulation,Steel or other lightweight siding,20.0 - 23.0,C3,4
"4"" Heavyweight concrete block",Mass Located Outside Insulation,Steel or other lightweight siding,23.0 - 27.0,C3,No Value
"4"" Heavyweight concrete block",Mass Located Outside Insulation,Face brick,0.0 - 2.0,C3,No Value
"4"" Heavyweight concrete block",Mass Located Outside Insulation,Face brick,2.0 - 2.5,C3,No Value
"4"" Heavyweight concrete block",Mass Located Outside Insulation,Face brick,2.5 - 3.0,C3,5
"4"" Heavyweight concrete block",Mass Located Outside Insulation,Face brick,3.0 - 3.5,C3,5
"4"" Heavyweight concrete block",Mass Located Outside Insulation,Face brick,3.5 - 4.0,C3,6
"4"" Heavyweight concrete block",Mass Located Outside Insulation,Face brick,4.0 - 4.75,C3,10
"4"" Heavyweight concrete block",Mass Located Outside Insulation,Face brick,4.75 - 5.5,C3,10
"4"" Heavyweight concrete block",Mass Located Outside Insulation,Face brick,5.5 - 6.5,C3,10
"4"" Heavyweight concrete block",Mass Located Outside Insulation,Face brick,6.5 - 7.75,C3,10
"4"" Heavyweight concrete block",Mass Located Outside Insulation,Face brick,7.75 - 9.0,C3,10
"4"" Heavyweight concrete block",Mass Located Outside Insulation,Face brick,9.0 - 10.75,C3,10
"4"" Heavyweight concrete block",Mass Located Outside Insulation,Face brick,10.75 - 12.75,C3,10
"4"" Heavyweight concrete block",Mass Located Outside Insulation,Face brick,12.75 - 15.0,C3,11
"4"" Heavyweight concrete block",Mass Located Outside Insulation,Face brick,15.0 - 17.5,C3,11
"4"" Heavyweight concrete block",Mass Located Outside Insulation,Face brick,17.5 - 20.0,C3,15
"4"" Heavyweight concrete block",Mass Located Outside Insulation,Face brick,20.0 - 23.0,C3,15
"4"" Heavyweight concrete block",Mass Located Outside Insulation,Face brick,23.0 - 27.0,C3,No Value
"4"" Lightweight concrete block",Mass Located Inside Insulation,Stucco and/or Plaster,0.0 - 2.0,C2,No Value
"4"" Lightweight concrete block",Mass Located Inside Insulation,Stucco and/or Plaster,2.0 - 2.5,C2,No Value
"4"" Lightweight concrete block",Mass Located Inside Insulation,Stucco and/or Plaster,2.5 - 3.0,C2,No Value
"4"" Lightweight concrete block",Mass Located Inside Insulation,Stucco and/or Plaster,3.0 - 3.5,C2,2
"4"" Lightweight concrete block",Mass Located Inside Insulation,Stucco and/or Plaster,3.5 - 4.0,C2,2
"4"" Lightweight concrete block",Mass Located Inside Insulation,Stucco and/or Plaster,4.0 - 4.75,C2,2
"4"" Lightweight concrete block",Mass Located Inside Insulation,Stucco and/or Plaster,4.75 - 5.5,C2,2
"4"" Lightweight concrete block",Mass Located Inside Insulation,Stucco and/or Plaster,5.5 - 6.5,C2,2
"4"" Lightweight concrete block",Mass Located Inside Insulation,Stucco and/or Plaster,6.5 - 7.75,C2,4
"4"" Lightweight concrete block",Mass Located Inside Insulation,Stucco and/or Plaster,7.75 - 9.0,C2,4
"4"" Lightweight concrete block",Mass Located Inside Insulation,Stucco and/or Plaster,9.0 - 10.75,C2,4
"4"" Lightweight concrete block",Mass Located Inside Insulation,Stucco and/or Plaster,10.75 - 12.75,C2,4
"4"" Lightweight concrete block",Mass Located Inside Insulation,Stucco and/or Plaster,12.75 - 15.0,C2,4
"4"" Lightweight concrete block",Mass Located Inside Insulation,Stucco and/or Plaster,15.0 - 17.5,C2,5
"4"" Lightweight concrete block",Mass Located Inside Insulation,Stucco and/or Plaster,17.5 - 20.0,C2,5
"4"" Lightweight concrete block",Mass Located Inside Insulation,Stucco and/or Plaster,20.0 - 23.0,C2,9
"4"" Lightweight concrete block",Mass Located Inside Insulation,Stucco and/or Plaster,23.0 - 27.0,C2,No Value
"4"" Lightweight concrete block",Mass Located Inside Insulation,Steel or other lightweight siding,0.0 - 2.0,C2,No Value
"4"" Lightweight concrete block",Mass Located Inside Insulation,Steel or other lightweight siding,2.0 - 2.5,C2,No Value
"4"" Lightweight concrete block",Mass Located Inside Insulation,Steel or other lightweight siding,2.5 - 3.0,C2,No Value
"4"" Lightweight concrete block",Mass Located Inside Insulation,Steel or other lightweight siding,3.0 - 3.5,C2,1
"4"" Lightweight concrete block",Mass Located Inside Insulation,Steel or other lightweight siding,3.5 - 4.0,C2,2
"4"" Lightweight concrete block",Mass Located Inside Insulation,Steel or other lightweight siding,4.0 - 4.75,C2,2
"4"" Lightweight concrete block",Mass Located Inside Insulation,Steel or other lightweight siding,4.75 - 5.5,C2,2
"4"" Lightweight concrete block",Mass Located Inside Insulation,Steel or other lightweight siding,5.5 - 6.5,C2,2
"4"" Lightweight concrete block",Mass Located Inside Insulation,Steel or other lightweight siding,6.5 - 7.75,C2,2
"4"" Lightweight concrete block",Mass Located Inside Insulation,Steel or other lightweight siding,7.75 - 9.0,C2,2
"4"" Lightweight concrete block",Mass Located Inside Insulation,Steel or other lightweight siding,9.0 - 10.75,C2,2
"4"" Lightweight concrete block",Mass Located Inside Insulation,Steel or other lightweight siding,10.75 - 12.75,C2,2
"4"" Lightweight concrete block",Mass Located Inside Insulation,Steel or other lightweight siding,12.75 - 15.0,C2,2
"4"" Lightweight concrete block",Mass Located Inside Insulation,Steel or other lightweight siding,15.0 - 17.5,C2,4
"4"" Lightweight concrete block",Mass Located Inside Insulation,Steel or other lightweight siding,17.5 - 20.0,C2,4
"4"" Lightweight concrete block",Mass Located Inside Insulation,Steel or other lightweight siding,20.0 - 23.0,C2,4
"4"" Lightweight concrete block",Mass Located Inside Insulation,Steel or other lightweight siding,23.0 - 27.0,C2,No Value
"4"" Lightweight concrete block",Mass Located Inside Insulation,Face brick,0.0 - 2.0,C2,No Value
"4"" Lightweight concrete block",Mass Located Inside Insulation,Face brick,2.0 - 2.5,C2,No Value
"4"" Lightweight concrete block",Mass Located Inside Insulation,Face brick,2.5 - 3.0,C2,No Value
"4"" Lightweight concrete block",Mass Located Inside Insulation,Face brick,3.0 - 3.5,C2,No Value
"4"" Lightweight concrete block",Mass Located Inside Insulation,Face brick,3.5 - 4.0,C2,6
"4"" Lightweight concrete block",Mass Located Inside Insulation,Face brick,4.0 - 4.75,C2,10
"4"" Lightweight concrete block",Mass Located Inside Insulation,Face brick,4.75 - 5.5,C2,11
"4"" Lightweight concrete block",Mass Located Inside Insulation,Face brick,5.5 - 6.5,C2,11
"4"" Lightweight concrete block",Mass Located Inside Insulation,Face brick,6.5 - 7.75,C2,11
"4"" Lightweight concrete block",Mass Located Inside Insulation,Face brick,7.75 - 9.0,C2,11
"4"" Lightweight concrete block",Mass Located Inside Insulation,Face brick,9.0 - 10.75,C2,11
"4"" Lightweight concrete block",Mass Located Inside Insulation,Face brick,10.75 - 12.75,C2,11
"4"" Lightweight concrete block",Mass Located Inside Insulation,Face brick,12.75 - 15.0,C2,12
"4"" Lightweight concrete block",Mass Located Inside Insulation,Face brick,15.0 - 17.5,C2,12
"4"" Lightweight concrete block",Mass Located Inside Insulation,Face brick,17.5 - 20.0,C2,16
"4"" Lightweight concrete block",Mass Located Inside Insulation,Face brick,20.0 - 23.0,C2,16
"4"" Lightweight concrete block",Mass Located Inside Insulation,Face brick,23.0 - 27.0,C2,16
"4"" Lightweight concrete block",Mass Evenly Distributed,Stucco and/or Plaster,0.0 - 2.0,C2,No Value
"4"" Lightweight concrete block",Mass Evenly Distributed,Stucco and/or Plaster,2.0 - 2.5,C2,No Value
"4"" Lightweight concrete block",Mass Evenly Distributed,Stucco and/or Plaster,2.5 - 3.0,C2,2
"4"" Lightweight concrete block",Mass Evenly Distributed,Stucco and/or Plaster,3.0 - 3.5,C2,2
"4"" Lightweight concrete block",Mass Evenly Distributed,Stucco and/or Plaster,3.5 - 4.0,C2,4
"4"" Lightweight concrete block",Mass Evenly Distributed,Stucco and/or Plaster,4.0 - 4.75,C2,No Value
"4"" Lightweight concrete block",Mass Evenly Distributed,Stucco and/or Plaster,4.75 - 5.5,C2,No Value
"4"" Lightweight concrete block",Mass Evenly Distributed,Stucco and/or Plaster,5.5 - 6.5,C2,No Value
"4"" Lightweight concrete block",Mass Evenly Distributed,Stucco and/or Plaster,6.5 - 7.75,C2,No Value
"4"" Lightweight concrete block",Mass Evenly Distributed,Stucco and/or Plaster,7.75 - 9.0,C2,No Value
"4"" Lightweight concrete block",Mass Evenly Distributed,Stucco and/or Plaster,9.0 - 10.75,C2,No Value
"4"" Lightweight concrete block",Mass Evenly Distributed,Stucco and/or Plaster,10.75 - 12.75,C2,No Value
"4"" Lightweight concrete block",Mass Evenly Distributed,Stucco and/or Plaster,12.75 - 15.0,C2,No Value
"4"" Lightweight concrete block",Mass Evenly Distributed,Stucco and/or Plaster,15.0 - 17.5,C2,No Value
"4"" Lightweight concrete block",Mass Evenly Distributed,Stucco and/or Plaster,17.5 - 20.0,C2,No Value
"4"" Lightweight concrete block",Mass Evenly Distributed,Stucco and/or Plaster,20.0 - 23.0,C2,No Value
"4"" Lightweight concrete block",Mass Evenly Distributed,Stucco and/or Plaster,23.0 - 27.0,C2,No Value
"4"" Lightweight concrete block",Mass Evenly Distributed,Steel or other lightweight siding,0.0 - 2.0,C2,No Value
"4"" Lightweight concrete block",Mass Evenly Distributed,Steel or other lightweight siding,2.0 - 2.5,C2,No Value
"4"" Lightweight concrete block",Mass Evenly Distributed,Steel or other lightweight siding,2.5 - 3.0,C2,1
"4"" Lightweight concrete block",Mass Evenly Distributed,Steel or other lightweight siding,3.0 - 3.5,C2,1
"4"" Lightweight concrete block",Mass Evenly Distributed,Steel or other lightweight siding,3.5 - 4.0,C2,2
"4"" Lightweight concrete block",Mass Evenly Distributed,Steel or other lightweight siding,4.0 - 4.75,C2,No Value
"4"" Lightweight concrete block",Mass Evenly Distributed,Steel or other lightweight siding,4.75 - 5.5,C2,No Value
"4"" Lightweight concrete block",Mass Evenly Distributed,Steel or other lightweight siding,5.5 - 6.5,C2,No Value
"4"" Lightweight concrete block",Mass Evenly Distributed,Steel or other lightweight siding,6.5 - 7.75,C2,No Value
"4"" Lightweight concrete block",Mass Evenly Distributed,Steel or other lightweight siding,7.75 - 9.0,C2,No Value
"4"" Lightweight concrete block",Mass Evenly Distributed,Steel or other lightweight siding,9.0 - 10.75,C2,No Value
"4"" Lightweight concrete block",Mass Evenly Distributed,Steel or other lightweight siding,10.75 - 12.75,C2,No Value
"4"" Lightweight concrete block",Mass Evenly Distributed,Steel or other lightweight siding,12.75 - 15.0,C2,No Value
"4"" Lightweight concrete block",Mass Evenly Distributed,Steel or other lightweight siding,15.0 - 17.5,C2,No Value
"4"" Lightweight concrete block",Mass Evenly Distributed,Steel or other lightweight siding,17.5 - 20.0,C2,No Value
"4"" Lightweight concrete block",Mass Evenly Distributed,Steel or other lightweight siding,20.0 - 23.0,C2,No Value
"4"" Lightweight concrete block",Mass Evenly Distributed,Steel or other lightweight siding,23.0 - 27.0,C2,No Value
"4"" Lightweight concrete block",Mass Evenly Distributed,Face brick,0.0 - 2.0,C2,No Value
"4"" Lightweight concrete block",Mass Evenly Distributed,Face brick,2.0 - 2.5,C2,No Value
"4"" Lightweight concrete block",Mass Evenly Distributed,Face brick,2.5 - 3.0,C2,No Value
"4"" Lightweight concrete block",Mass Evenly Distributed,Face brick,3.0 - 3.5,C2,5
"4"" Lightweight concrete block",Mass Evenly Distributed,Face brick,3.5 - 4.0,C2,5
"4"" Lightweight concrete block",Mass Evenly Distributed,Face brick,4.0 - 4.75,C2,5
"4"" Lightweight concrete block",Mass Evenly Distributed,Face brick,4.75 - 5.5,C2,5
"4"" Lightweight concrete block",Mass Evenly Distributed,Face brick,5.5 - 6.5,C2,9
"4"" Lightweight concrete block",Mass Evenly Distributed,Face brick,6.5 - 7.75,C2,9
"4"" Lightweight concrete block",Mass Evenly Distributed,Face brick,7.75 - 9.0,C2,9
"4"" Lightweight concrete block",Mass Evenly Distributed,Face brick,9.0 - 10.75,C2,10
"4"" Lightweight concrete block",Mass Evenly Distributed,Face brick,10.75 - 12.75,C2,10
"4"" Lightweight concrete block",Mass Evenly Distributed,Face brick,12.75 - 15.0,C2,10
"4"" Lightweight concrete block",Mass Evenly Distributed,Face brick,15.0 - 17.5,C2,10
"4"" Lightweight concrete block",Mass Evenly Distributed,Face brick,17.5 - 20.0,C2,15
"4"" Lightweight concrete block",Mass Evenly Distributed,Face brick,20.0 - 23.0,C2,15
"4"" Lightweight concrete block",Mass Evenly Distributed,Face brick,23.0 - 27.0,C2,15
"4"" Lightweight concrete block",Mass Located Outside Insulation,Stucco and/or Plaster,0.0 - 2.0,C2,No Value
"4"" Lightweight concrete block",Mass Located Outside Insulation,Stucco and/or Plaster,2.0 - 2.5,C2,No Value
"4"" Lightweight concrete block",Mass Located Outside Insulation,Stucco and/or Plaster,2.5 - 3.0,C2,No Value
"4"" Lightweight concrete block",Mass Located Outside Insulation,Stucco and/or Plaster,3.0 - 3.5,C2,2
"4"" Lightweight concrete block",Mass Located Outside Insulation,Stucco and/or Plaster,3.5 - 4.0,C2,2
"4"" Lightweight concrete block",Mass Located Outside Insulation,Stucco and/or Plaster,4.0 - 4.75,C2,2
"4"" Lightweight concrete block",Mass Located Outside Insulation,Stucco and/or Plaster,4.75 - 5.5,C2,2
"4"" Lightweight concrete block",Mass Located Outside Insulation,Stucco and/or Plaster,5.5 - 6.5,C2,2
"4"" Lightweight concrete block",Mass Located Outside Insulation,Stucco and/or Plaster,6.5 - 7.75,C2,2
"4"" Lightweight concrete block",Mass Located Outside Insulation,Stucco and/or Plaster,7.75 - 9.0,C2,2
"4"" Lightweight concrete block",Mass Located Outside Insulation,Stucco and/or Plaster,9.0 - 10.75,C2,4
"4"" Lightweight concrete block",Mass Located Outside Insulation,Stucco and/or Plaster,10.75 - 12.75,C2,4
"4"" Lightweight concrete block",Mass Located Outside Insulation,Stucco and/or Plaster,12.75 - 15.0,C2,4
"4"" Lightweight concrete block",Mass Located Outside Insulation,Stucco and/or Plaster,15.0 - 17.5,C2,4
"4"" Lightweight concrete block",Mass Located Outside Insulation,Stucco and/or Plaster,17.5 - 20.0,C2,4
"4"" Lightweight concrete block",Mass Located Outside Insulation,Stucco and/or Plaster,20.0 - 23.0,C2,9
"4"" Lightweight concrete block",Mass Located Outside Insulation,Stucco and/or Plaster,23.0 - 27.0,C2,No Value
"4"" Lightweight concrete block",Mass Located Outside Insulation,Steel or other lightweight siding,0.0 - 2.0,C2,No Value
"4"" Lightweight concrete block",Mass Located Outside Insulation,Steel or other lightweight siding,2.0 - 2.5,C2,No Value
"4"" Lightweight concrete block",Mass Located Outside Insulation,Steel or other lightweight siding,2.5 - 3.0,C2,No Value
"4"" Lightweight concrete block",Mass Located Outside Insulation,Steel or other lightweight siding,3.0 - 3.5,C2,1
"4"" Lightweight concrete block",Mass Located Outside Insulation,Steel or other lightweight siding,3.5 - 4.0,C2,2
"4"" Lightweight concrete block",Mass Located Outside Insulation,Steel or other lightweight siding,4.0 - 4.75,C2,2
"4"" Lightweight concrete block",Mass Located Outside Insulation,Steel or other lightweight siding,4.75 - 5.5,C2,2
"4"" Lightweight concrete block",Mass Located Outside Insulation,Steel or other lightweight siding,5.5 - 6.5,C2,2
"4"" Lightweight concrete block",Mass Located Outside Insulation,Steel or other lightweight siding,6.5 - 7.75,C2,2
"4"" Lightweight concrete block",Mass Located Outside Insulation,Steel or other lightweight siding,7.75 - 9.0,C2,2
"4"" Lightweight concrete block",Mass Located Outside Insulation,Steel or other lightweight siding,9.0 - 10.75,C2,2
"4"" Lightweight concrete block",Mass Located Outside Insulation,Steel or other lightweight siding,10.75 - 12.75,C2,2
"4"" Lightweight concrete block",Mass Located Outside Insulation,Steel or other lightweight siding,12.75 - 15.0,C2,2
"4"" Lightweight concrete block",Mass Located Outside Insulation,Steel or other lightweight siding,15.0 - 17.5,C2,2
"4"" Lightweight concrete block",Mass Located Outside Insulation,Steel or other lightweight siding,17.5 - 20.0,C2,4
"4"" Lightweight concrete block",Mass Located Outside Insulation,Steel or other lightweight siding,20.0 - 23.0,C2,4
"4"" Lightweight concrete block",Mass Located Outside Insulation,Steel or other lightweight siding,23.0 - 27.0,C2,No Value
"4"" Lightweight concrete block",Mass Located Outside Insulation,Face brick,0.0 - 2.0,C2,No Value
"4"" Lightweight concrete block",Mass Located Outside Insulation,Face brick,2.0 - 2.5,C2,No Value
"4"" Lightweight concrete block",Mass Located Outside Insulation,Face brick,2.5 - 3.0,C2,No Value
"4"" Lightweight concrete block",Mass Located Outside Insulation,Face brick,3.0 - 3.5,C2,No Value
"4"" Lightweight concrete block",Mass Located Outside Insulation,Face brick,3.5 - 4.0,C2,5
"4"" Lightweight concrete block",Mass Located Outside Insulation,Face brick,4.0 - 4.75,C2,5
"4"" Lightweight concrete block",Mass Located Outside Insulation,Face brick,4.75 - 5.5,C2,9
"4"" Lightweight concrete block",Mass Located Outside Insulation,Face brick,5.5 - 6.5,C2,10
"4"" Lightweight concrete block",Mass Located Outside Insulation,Face brick,6.5 - 7.75,C2,10
"4"" Lightweight concrete block",Mass Located Outside Insulation,Face brick,7.75 - 9.0,C2,10
"4"" Lightweight concrete block",Mass Located Outside Insulation,Face brick,9.0 - 10.75,C2,10
"4"" Lightweight concrete block",Mass Located Outside Insulation,Face brick,10.75 - 12.75,C2,10
"4"" Lightweight concrete block",Mass Located Outside Insulation,Face brick,12.75 - 15.0,C2,10
"4"" Lightweight concrete block",Mass Located Outside Insulation,Face brick,15.0 - 17.5,C2,10
"4"" Lightweight concrete block",Mass Located Outside Insulation,Face brick,17.5 - 20.0,C2,15
"4"" Lightweight concrete block",Mass Located Outside Insulation,Face brick,20.0 - 23.0,C2,15
"4"" Lightweight concrete block",Mass Located Outside Insulation,Face brick,23.0 - 27.0,C2,15
"4"" Wood",Mass Located Inside Insulation,Stucco and/or Plaster,0.0 - 2.0,B9,No Value
"4"" Wood",Mass Located Inside Insulation,Stucco and/or Plaster,2.0 - 2.5,B9,No Value
"4"" Wood",Mass Located Inside Insulation,Stucco and/or Plaster,2.5 - 3.0,B9,No Value
"4"" Wood",Mass Located Inside Insulation,Stucco and/or Plaster,3.0 - 3.5,B9,No Value
"4"" Wood",Mass Located Inside Insulation,Stucco and/or Plaster,3.5 - 4.0,B9,No Value
"4"" Wood",Mass Located Inside Insulation,Stucco and/or Plaster,4.0 - 4.75,B9,No Value
"4"" Wood",Mass Located Inside Insulation,Stucco and/or Plaster,4.75 - 5.5,B9,No Value
"4"" Wood",Mass Located Inside Insulation,Stucco and/or Plaster,5.5 - 6.5,B9,No Value
"4"" Wood",Mass Located Inside Insulation,Stucco and/or Plaster,6.5 - 7.75,B9,No Value
"4"" Wood",Mass Located Inside Insulation,Stucco and/or Plaster,7.75 - 9.0,B9,No Value
"4"" Wood",Mass Located Inside Insulation,Stucco and/or Plaster,9.0 - 10.75,B9,No Value
"4"" Wood",Mass Located Inside Insulation,Stucco and/or Plaster,10.75 - 12.75,B9,No Value
"4"" Wood",Mass Located Inside Insulation,Stucco and/or Plaster,12.75 - 15.0,B9,No Value
"4"" Wood",Mass Located Inside Insulation,Stucco and/or Plaster,15.0 - 17.5,B9,No Value
"4"" Wood",Mass Located Inside Insulation,Stucco and/or Plaster,17.5 - 20.0,B9,No Value
"4"" Wood",Mass Located Inside Insulation,Stucco and/or Plaster,20.0 - 23.0,B9,No Value
"4"" Wood",Mass Located Inside Insulation,Stucco and/or Plaster,23.0 - 27.0,B9,No Value
"4"" Wood",Mass Located Inside Insulation,Steel or other lightweight siding,0.0 - 2.0,B9,No Value
"4"" Wood",Mass Located Inside Insulation,Steel or other lightweight siding,2.0 - 2.5,B9,No Value
"4"" Wood",Mass Located Inside Insulation,Steel or other lightweight siding,2.5 - 3.0,B9,No Value
"4"" Wood",Mass Located Inside Insulation,Steel or other lightweight siding,3.0 - 3.5,B9,No Value
"4"" Wood",Mass Located Inside Insulation,Steel or other lightweight siding,3.5 - 4.0,B9,No Value
"4"" Wood",Mass Located Inside Insulation,Steel or other lightweight siding,4.0 - 4.75,B9,No Value
"4"" Wood",Mass Located Inside Insulation,Steel or other lightweight siding,4.75 - 5.5,B9,No Value
"4"" Wood",Mass Located Inside Insulation,Steel or other lightweight siding,5.5 - 6.5,B9,No Value
"4"" Wood",Mass Located Inside Insulation,Steel or other lightweight siding,6.5 - 7.75,B9,No Value
"4"" Wood",Mass Located Inside Insulation,Steel or other lightweight siding,7.75 - 9.0,B9,No Value
"4"" Wood",Mass Located Inside Insulation,Steel or other lightweight siding,9.0 - 10.75,B9,No Value
"4"" Wood",Mass Located Inside Insulation,Steel or other lightweight siding,10.75 - 12.75,B9,No Value
"4"" Wood",Mass Located Inside Insulation,Steel or other lightweight siding,12.75 - 15.0,B9,No Value
"4"" Wood",Mass Located Inside Insulation,Steel or other lightweight siding,15.0 - 17.5,B9,No Value
"4"" Wood",Mass Located Inside Insulation,Steel or other lightweight siding,17.5 - 20.0,B9,No Value
"4"" Wood",Mass Located Inside Insulation,Steel or other lightweight siding,20.0 - 23.0,B9,No Value
"4"" Wood",Mass Located Inside Insulation,Steel or other lightweight siding,23.0 - 27.0,B9,No Value
"4"" Wood",Mass Located Inside Insulation,Face brick,0.0 - 2.0,B9,No Value
"4"" Wood",Mass Located Inside Insulation,Face brick,2.0 - 2.5,B9,No Value
"4"" Wood",Mass Located Inside Insulation,Face brick,2.5 - 3.0,B9,No Value
"4"" Wood",Mass Located Inside Insulation,Face brick,3.0 - 3.5,B9,No Value
"4"" Wood",Mass Located Inside Insulation,Face brick,3.5 - 4.0,B9,No Value
"4"" Wood",Mass Located Inside Insulation,Face brick,4.0 - 4.75,B9,No Value
"4"" Wood",Mass Located Inside Insulation,Face brick,4.75 - 5.5,B9,No Value
"4"" Wood",Mass Located Inside Insulation,Face brick,5.5 - 6.5,B9,No Value
"4"" Wood",Mass Located Inside Insulation,Face brick,6.5 - 7.75,B9,No Value
"4"" Wood",Mass Located Inside Insulation,Face brick,7.75 - 9.0,B9,No Value
"4"" Wood",Mass Located Inside Insulation,Face brick,9.0 - 10.75,B9,No Value
"4"" Wood",Mass Located Inside Insulation,Face brick,10.75 - 12.75,B9,No Value
"4"" Wood",Mass Located Inside Insulation,Face brick,12.75 - 15.0,B9,No Value
"4"" Wood",Mass Located Inside Insulation,Face brick,15.0 - 17.5,B9,No Value
"4"" Wood",Mass Located Inside Insulation,Face brick,17.5 - 20.0,B9,No Value
"4"" Wood",Mass Located Inside Insulation,Face brick,20.0 - 23.0,B9,No Value
"4"" Wood",Mass Located Inside Insulation,Face brick,23.0 - 27.0,B9,No Value
"4"" Wood",Mass Evenly Distributed,Stucco and/or Plaster,0.0 - 2.0,B9,No Value
"4"" Wood",Mass Evenly Distributed,Stucco and/or Plaster,2.0 - 2.5,B9,No Value
"4"" Wood",Mass Evenly Distributed,Stucco and/or Plaster,2.5 - 3.0,B9,No Value
"4"" Wood",Mass Evenly Distributed,Stucco and/or Plaster,3.0 - 3.5,B9,No Value
"4"" Wood",Mass Evenly Distributed,Stucco and/or Plaster,3.5 - 4.0,B9,No Value
"4"" Wood",Mass Evenly Distributed,Stucco and/or Plaster,4.0 - 4.75,B9,No Value
"4"" Wood",Mass Evenly Distributed,Stucco and/or Plaster,4.75 - 5.5,B9,No Value
"4"" Wood",Mass Evenly Distributed,Stucco and/or Plaster,5.5 - 6.5,B9,10
"4"" Wood",Mass Evenly Distributed,Stucco and/or Plaster,6.5 - 7.75,B9,11
"4"" Wood",Mass Evenly Distributed,Stucco and/or Plaster,7.75 - 9.0,B9,16
"4"" Wood",Mass Evenly Distributed,Stucco and/or Plaster,9.0 - 10.75,B9,16
"4"" Wood",Mass Evenly Distributed,Stucco and/or Plaster,10.75 - 12.75,B9,No Value
"4"" Wood",Mass Evenly Distributed,Stucco and/or Plaster,12.75 - 15.0,B9,No Value
"4"" Wood",Mass Evenly Distributed,Stucco and/or Plaster,15.0 - 17.5,B9,No Value
"4"" Wood",Mass Evenly Distributed,Stucco and/or Plaster,17.5 - 20.0,B9,No Value
"4"" Wood",Mass Evenly Distributed,Stucco and/or Plaster,20.0 - 23.0,B9,No Value
"4"" Wood",Mass Evenly Distributed,Stucco and/or Plaster,23.0 - 27.0,B9,No Value
"4"" Wood",Mass Evenly Distributed,Steel or other lightweight siding,0.0 - 2.0,B9,No Value
"4"" Wood",Mass Evenly Distributed,Steel or other lightweight siding,2.0 - 2.5,B9,No Value
"4"" Wood",Mass Evenly Distributed,Steel or other lightweight siding,2.5 - 3.0,B9,No Value
"4"" Wood",Mass Evenly Distributed,Steel or other lightweight siding,3.0 - 3.5,B9,No Value
"4"" Wood",Mass Evenly Distributed,Steel or other lightweight siding,3.5 - 4.0,B9,No Value
"4"" Wood",Mass Evenly Distributed,Steel or other lightweight siding,4.0 - 4.75,B9,No Value
"4"" Wood",Mass Evenly Distributed,Steel or other lightweight siding,4.75 - 5.5,B9,No Value
"4"" Wood",Mass Evenly Distributed,Steel or other lightweight siding,5.5 - 6.5,B9,10
"4"" Wood",Mass Evenly Distributed,Steel or other lightweight siding,6.5 - 7.75,B9,11
"4"" Wood",Mass Evenly Distributed,Steel or other lightweight siding,7.75 - 9.0,B9,16
"4"" Wood",Mass Evenly Distributed,Steel or other lightweight siding,9.0 - 10.75,B9,16
"4"" Wood",Mass Evenly Distributed,Steel or other lightweight siding,10.75 - 12.75,B9,No Value
"4"" Wood",Mass Evenly Distributed,Steel or other lightweight siding,12.75 - 15.0,B9,No Value
"4"" Wood",Mass Evenly Distributed,Steel or other lightweight siding,15.0 - 17.5,B9,No Value
"4"" Wood",Mass Evenly Distributed,Steel or other lightweight siding,17.5 - 20.0,B9,No Value
"4"" Wood",Mass Evenly Distributed,Steel or other lightweight siding,20.0 - 23.0,B9,No Value
"4"" Wood",Mass Evenly Distributed,Steel or other lightweight siding,23.0 - 27.0,B9,No Value
"4"" Wood",Mass Evenly Distributed,Face brick,0.0 - 2.0,B9,No Value
"4"" Wood",Mass Evenly Distributed,Face brick,2.0 - 2.5,B9,No Value
"4"" Wood",Mass Evenly Distributed,Face brick,2.5 - 3.0,B9,No Value
"4"" Wood",Mass Evenly Distributed,Face brick,3.0 - 3.5,B9,No Value
"4"" Wood",Mass Evenly Distributed,Face brick,3.5 - 4.0,B9,No Value
"4"" Wood",Mass Evenly Distributed,Face brick,4.0 - 4.75,B9,No Value
"4"" Wood",Mass Evenly Distributed,Face brick,4.75 - 5.5,B9,No Value
"4"" Wood",Mass Evenly Distributed,Face brick,5.5 - 6.5,B9,No Value
"4"" Wood",Mass Evenly Distributed,Face brick,6.5 - 7.75,B9,No Value
"4"" Wood",Mass Evenly Distributed,Face brick,7.75 - 9.0,B9,No Value
"4"" Wood",Mass Evenly Distributed,Face brick,9.0 - 10.75,B9,No Value
"4"" Wood",Mass Evenly Distributed,Face brick,10.75 - 12.75,B9,No Value
"4"" Wood",Mass Evenly Distributed,Face brick,12.75 - 15.0,B9,No Value
"4"" Wood",Mass Evenly Distributed,Face brick,15.0 - 17.5,B9,No Value
"4"" Wood",Mass Evenly Distributed,Face brick,17.5 - 20.0,B9,No Value
"4"" Wood",Mass Evenly Distributed,Face brick,20.0 - 23.0,B9,No Value
"4"" Wood",Mass Evenly Distributed,Face brick,23.0 - 27.0,B9,No Value
"4"" Wood",Mass Located Outside Insulation,Stucco and/or Plaster,0.0 - 2.0,B9,No Value
"4"" Wood",Mass Located Outside Insulation,Stucco and/or Plaster,2.0 - 2.5,B9,No Value
"4"" Wood",Mass Located Outside Insulation,Stucco and/or Plaster,2.5 - 3.0,B9,No Value
"4"" Wood",Mass Located Outside Insulation,Stucco and/or Plaster,3.0 - 3.5,B9,No Value
"4"" Wood",Mass Located Outside Insulation,Stucco and/or Plaster,3.5 - 4.0,B9,No Value
"4"" Wood",Mass Located Outside Insulation,Stucco and/or Plaster,4.0 - 4.75,B9,No Value
"4"" Wood",Mass Located Outside Insulation,Stucco and/or Plaster,4.75 - 5.5,B9,No Value
"4"" Wood",Mass Located Outside Insulation,Stucco and/or Plaster,5.5 - 6.5,B9,No Value
"4"" Wood",Mass Located Outside Insulation,Stucco and/or Plaster,6.5 - 7.75,B9,No Value
"4"" Wood",Mass Located Outside Insulation,Stucco and/or Plaster,7.75 - 9.0,B9,No Value
"4"" Wood",Mass Located Outside Insulation,Stucco and/or Plaster,9.0 - 10.75,B9,No Value
"4"" Wood",Mass Located Outside Insulation,Stucco and/or Plaster,10.75 - 12.75,B9,No Value
"4"" Wood",Mass Located Outside Insulation,Stucco and/or Plaster,12.75 - 15.0,B9,No Value
"4"" Wood",Mass Located Outside Insulation,Stucco and/or Plaster,15.0 - 17.5,B9,No Value
"4"" Wood",Mass Located Outside Insulation,Stucco and/or Plaster,17.5 - 20.0,B9,No Value
"4"" Wood",Mass Located Outside Insulation,Stucco and/or Plaster,20.0 - 23.0,B9,No Value
"4"" Wood",Mass Located Outside Insulation,Stucco and/or Plaster,23.0 - 27.0,B9,No Value
"4"" Wood",Mass Located Outside Insulation,Steel or other lightweight siding,0.0 - 2.0,B9,No Value
"4"" Wood",Mass Located Outside Insulation,Steel or other lightweight siding,2.0 - 2.5,B9,No Value
"4"" Wood",Mass Located Outside Insulation,Steel or other lightweight siding,2.5 - 3.0,B9,No Value
"4"" Wood",Mass Located Outside Insulation,Steel or other lightweight siding,3.0 - 3.5,B9,No Value
"4"" Wood",Mass Located Outside Insulation,Steel or other lightweight siding,3.5 - 4.0,B9,No Value
"4"" Wood",Mass Located Outside Insulation,Steel or other lightweight siding,4.0 - 4.75,B9,No Value
"4"" Wood",Mass Located Outside Insulation,Steel or other lightweight siding,4.75 - 5.5,B9,No Value
"4"" Wood",Mass Located Outside Insulation,Steel or other lightweight siding,5.5 - 6.5,B9,No Value
"4"" Wood",Mass Located Outside Insulation,Steel or other lightweight siding,6.5 - 7.75,B9,No Value
"4"" Wood",Mass Located Outside Insulation,Steel or other lightweight siding,7.75 - 9.0,B9,No Value
"4"" Wood",Mass Located Outside Insulation,Steel or other lightweight siding,9.0 - 10.75,B9,No Value
"4"" Wood",Mass Located Outside Insulation,Steel or other lightweight siding,10.75 - 12.75,B9,No Value
"4"" Wood",Mass Located Outside Insulation,Steel or other lightweight siding,12.75 - 15.0,B9,No Value
"4"" Wood",Mass Located Outside Insulation,Steel or other lightweight siding,15.0 - 17.5,B9,No Value
"4"" Wood",Mass Located Outside Insulation,Steel or other lightweight siding,17.5 - 20.0,B9,No Value
"4"" Wood",Mass Located Outside Insulation,Steel or other lightweight siding,20.0 - 23.0,B9,No Value
"4"" Wood",Mass Located Outside Insulation,Steel or other lightweight siding,23.0 - 27.0,B9,No Value
"4"" Wood",Mass Located Outside Insulation,Face brick,0.0 - 2.0,B9,No Value
"4"" Wood",Mass Located Outside Insulation,Face brick,2.0 - 2.5,B9,No Value
"4"" Wood",Mass Located Outside Insulation,Face brick,2.5 - 3.0,B9,No Value
"4"" Wood",Mass Located Outside Insulation,Face brick,3.0 - 3.5,B9,No Value
"4"" Wood",Mass Located Outside Insulation,Face brick,3.5 - 4.0,B9,No Value
"4"" Wood",Mass Located Outside Insulation,Face brick,4.0 - 4.75,B9,No Value
"4"" Wood",Mass Located Outside Insulation,Face brick,4.75 - 5.5,B9,No Value
"4"" Wood",Mass Located Outside Insulation,Face brick,5.5 - 6.5,B9,No Value
"4"" Wood",Mass Located Outside Insulation,Face brick,6.5 - 7.75,B9,No Value
"4"" Wood",Mass Located Outside Insulation,Face brick,7.75 - 9.0,B9,No Value
"4"" Wood",Mass Located Outside Insulation,Face brick,9.0 - 10.75,B9,No Value
"4"" Wood",Mass Located Outside Insulation,Face brick,10.75 - 12.75,B9,No Value
"4"" Wood",Mass Located Outside Insulation,Face brick,12.75 - 15.0,B9,No Value
"4"" Wood",Mass Located Outside Insulation,Face brick,15.0 - 17.5,B9,No Value
"4"" Wood",Mass Located Outside Insulation,Face brick,17.5 - 20.0,B9,No Value
"4"" Wood",Mass Located Outside Insulation,Face brick,20.0 - 23.0,B9,No Value
"4"" Wood",Mass Located Outside Insulation,Face brick,23.0 - 27.0,B9,No Value
"8"" Clay tile",Mass Located Inside Insulation,Stucco and/or Plaster,0.0 - 2.0,C6,No Value
"8"" Clay tile",Mass Located Inside Insulation,Stucco and/or Plaster,2.0 - 2.5,C6,No Value
"8"" Clay tile",Mass Located Inside Insulation,Stucco and/or Plaster,2.5 - 3.0,C6,No Value
"8"" Clay tile",Mass Located Inside Insulation,Stucco and/or Plaster,3.0 - 3.5,C6,No Value
"8"" Clay tile",Mass Located Inside Insulation,Stucco and/or Plaster,3.5 - 4.0,C6,10
"8"" Clay tile",Mass Located Inside Insulation,Stucco and/or Plaster,4.0 - 4.75,C6,11
"8"" Clay tile",Mass Located Inside Insulation,Stucco and/or Plaster,4.75 - 5.5,C6,11
"8"" Clay tile",Mass Located Inside Insulation,Stucco and/or Plaster,5.5 - 6.5,C6,12
"8"" Clay tile",Mass Located Inside Insulation,Stucco and/or Plaster,6.5 - 7.75,C6,16
"8"" Clay tile",Mass Located Inside Insulation,Stucco and/or Plaster,7.75 - 9.0,C6,No Value
"8"" Clay tile",Mass Located Inside Insulation,Stucco and/or Plaster,9.0 - 10.75,C6,No Value
"8"" Clay tile",Mass Located Inside Insulation,Stucco and/or Plaster,10.75 - 12.75,C6,No Value
"8"" Clay tile",Mass Located Inside Insulation,Stucco and/or Plaster,12.75 - 15.0,C6,No Value
"8"" Clay tile",Mass Located Inside Insulation,Stucco and/or Plaster,15.0 - 17.5,C6,No Value
"8"" Clay tile",Mass Located Inside Insulation,Stucco and/or Plaster,17.5 - 20.0,C6,No Value
"8"" Clay tile",Mass Located Inside Insulation,Stucco and/or Plaster,20.0 - 23.0,C6,No Value
"8"" Clay tile",Mass Located Inside Insulation,Stucco and/or Plaster,23.0 - 27.0,C6,No Value
"8"" Clay tile",Mass Located Inside Insulation,Steel or other lightweight siding,0.0 - 2.0,C6,No Value
"8"" Clay tile",Mass Located Inside Insulation,Steel or other lightweight siding,2.0 - 2.5,C6,No Value
"8"" Clay tile",Mass Located Inside Insulation,Steel or other lightweight siding,2.5 - 3.0,C6,No Value
"8"" Clay tile",Mass Located Inside Insulation,Steel or other lightweight siding,3.0 - 3.5,C6,No Value
"8"" Clay tile",Mass Located Inside Insulation,Steel or other lightweight siding,3.5 - 4.0,C6,6
"8"" Clay tile",Mass Located Inside Insulation,Steel or other lightweight siding,4.0 - 4.75,C6,10
"8"" Clay tile",Mass Located Inside Insulation,Steel or other lightweight siding,4.75 - 5.5,C6,11
"8"" Clay tile",Mass Located Inside Insulation,Steel or other lightweight siding,5.5 - 6.5,C6,11
"8"" Clay tile",Mass Located Inside Insulation,Steel or other lightweight siding,6.5 - 7.75,C6,11
"8"" Clay tile",Mass Located Inside Insulation,Steel or other lightweight siding,7.75 - 9.0,C6,12
"8"" Clay tile",Mass Located Inside Insulation,Steel or other lightweight siding,9.0 - 10.75,C6,12
"8"" Clay tile",Mass Located Inside Insulation,Steel or other lightweight siding,10.75 - 12.75,C6,12
"8"" Clay tile",Mass Located Inside Insulation,Steel or other lightweight siding,12.75 - 15.0,C6,12
"8"" Clay tile",Mass Located Inside Insulation,Steel or other lightweight siding,15.0 - 17.5,C6,No Value
"8"" Clay tile",Mass Located Inside Insulation,Steel or other lightweight siding,17.5 - 20.0,C6,No Value
"8"" Clay tile",Mass Located Inside Insulation,Steel or other lightweight siding,20.0 - 23.0,C6,No Value
"8"" Clay tile",Mass Located Inside Insulation,Steel or other lightweight siding,23.0 - 27.0,C6,No Value
"8"" Clay tile",Mass Located Inside Insulation,Face brick,0.0 - 2.0,C6,No Value
"8"" Clay tile",Mass Located Inside Insulation,Face brick,2.0 - 2.5,C6,No Value
"8"" Clay tile",Mass Located Inside Insulation,Face brick,2.5 - 3.0,C6,No Value
"8"" Clay tile",Mass Located Inside Insulation,Face brick,3.0 - 3.5,C6,No Value
"8"" Clay tile",Mass Located Inside Insulation,Face brick,3.5 - 4.0,C6,No Value
"8"" Clay tile",Mass Located Inside Insulation,Face brick,4.0 - 4.75,C6,No Value
"8"" Clay tile",Mass Located Inside Insulation,Face brick,4.75 - 5.5,C6,No Value
"8"" Clay tile",Mass Located Inside Insulation,Face brick,5.5 - 6.5,C6,No Value
"8"" Clay tile",Mass Located Inside Insulation,Face brick,6.5 - 7.75,C6,No Value
"8"" Clay tile",Mass Located Inside Insulation,Face brick,7.75 - 9.0,C6,No Value
"8"" Clay tile",Mass Located Inside Insulation,Face brick,9.0 - 10.75,C6,No Value
"8"" Clay tile",Mass Located Inside Insulation,Face brick,10.75 - 12.75,C6,No Value
"8"" Clay tile",Mass Located Inside Insulation,Face brick,12.75 - 15.0,C6,No Value
"8"" Clay tile",Mass Located Inside Insulation,Face brick,15.0 - 17.5,C6,No Value
"8"" Clay tile",Mass Located Inside Insulation,Face brick,17.5 - 20.0,C6,No Value
"8"" Clay tile",Mass Located Inside Insulation,Face brick,20.0 - 23.0,C6,No Value
"8"" Clay tile",Mass Located Inside Insulation,Face brick,23.0 - 27.0,C6,No Value
"8"" Clay tile",Mass Evenly Distributed,Stucco and/or Plaster,0.0 - 2.0,C6,No Value
"8"" Clay tile",Mass Evenly Distributed,Stucco and/or Plaster,2.0 - 2.5,C6,No Value
"8"" Clay tile",Mass Evenly Distributed,Stucco and/or Plaster,2.5 - 3.0,C6,No Value
"8"" Clay tile",Mass Evenly Distributed,Stucco and/or Plaster,3.0 - 3.5,C6,10
"8"" Clay tile",Mass Evenly Distributed,Stucco and/or Plaster,3.5 - 4.0,C6,10
"8"" Clay tile",Mass Evenly Distributed,Stucco and/or Plaster,4.0 - 4.75,C6,10
"8"" Clay tile",Mass Evenly Distributed,Stucco and/or Plaster,4.75 - 5.5,C6,No Value
"8"" Clay tile",Mass Evenly Distributed,Stucco and/or Plaster,5.5 - 6.5,C6,No Value
"8"" Clay tile",Mass Evenly Distributed,Stucco and/or Plaster,6.5 - 7.75,C6,No Value
"8"" Clay tile",Mass Evenly Distributed,Stucco and/or Plaster,7.75 - 9.0,C6,No Value
"8"" Clay tile",Mass Evenly Distributed,Stucco and/or Plaster,9.0 - 10.75,C6,No Value
"8"" Clay tile",Mass Evenly Distributed,Stucco and/or Plaster,10.75 - 12.75,C6,No Value
"8"" Clay tile",Mass Evenly Distributed,Stucco and/or Plaster,12.75 - 15.0,C6,No Value
"8"" Clay tile",Mass Evenly Distributed,Stucco and/or Plaster,15.0 - 17.5,C6,No Value
"8"" Clay tile",Mass Evenly Distributed,Stucco and/or Plaster,17.5 - 20.0,C6,No Value
"8"" Clay tile",Mass Evenly Distributed,Stucco and/or Plaster,20.0 - 23.0,C6,No Value
"8"" Clay tile",Mass Evenly Distributed,Stucco and/or Plaster,23.0 - 27.0,C6,No Value
"8"" Clay tile",Mass Evenly Distributed,Steel or other lightweight siding,0.0 - 2.0,C6,No Value
"8"" Clay tile",Mass Evenly Distributed,Steel or other lightweight siding,2.0 - 2.5,C6,No Value
"8"" Clay tile",Mass Evenly Distributed,Steel or other lightweight siding,2.5 - 3.0,C6,No Value
"8"" Clay tile",Mass Evenly Distributed,Steel or other lightweight siding,3.0 - 3.5,C6,5
"8"" Clay tile",Mass Evenly Distributed,Steel or other lightweight siding,3.5 - 4.0,C6,5
"8"" Clay tile",Mass Evenly Distributed,Steel or other lightweight siding,4.0 - 4.75,C6,10
"8"" Clay tile",Mass Evenly Distributed,Steel or other lightweight siding,4.75 - 5.5,C6,No Value
"8"" Clay tile",Mass Evenly Distributed,Steel or other lightweight siding,5.5 - 6.5,C6,No Value
"8"" Clay tile",Mass Evenly Distributed,Steel or other lightweight siding,6.5 - 7.75,C6,No Value
"8"" Clay tile",Mass Evenly Distributed,Steel or other lightweight siding,7.75 - 9.0,C6,No Value
"8"" Clay tile",Mass Evenly Distributed,Steel or other lightweight siding,9.0 - 10.75,C6,No Value
"8"" Clay tile",Mass Evenly Distributed,Steel or other lightweight siding,10.75 - 12.75,C6,No Value
"8"" Clay tile",Mass Evenly Distributed,Steel or other lightweight siding,12.75 - 15.0,C6,No Value
"8"" Clay tile",Mass Evenly Distributed,Steel or other lightweight siding,15.0 - 17.5,C6,No Value
"8"" Clay tile",Mass Evenly Distributed,Steel or other lightweight siding,17.5 - 20.0,C6,No Value
"8"" Clay tile",Mass Evenly Distributed,Steel or other lightweight siding,20.0 - 23.0,C6,No Value
"8"" Clay tile",Mass Evenly Distributed,Steel or other lightweight siding,23.0 - 27.0,C6,No Value
"8"" Clay tile",Mass Evenly Distributed,Face brick,0.0 - 2.0,C6,No Value
"8"" Clay tile",Mass Evenly Distributed,Face brick,2.0 - 2.5,C6,No Value
"8"" Clay tile",Mass Evenly Distributed,Face brick,2.5 - 3.0,C6,No Value
"8"" Clay tile",Mass Evenly Distributed,Face brick,3.0 - 3.5,C6,15
"8"" Clay tile",Mass Evenly Distributed,Face brick,3.5 - 4.0,C6,16
"8"" Clay tile",Mass Evenly Distributed,Face brick,4.0 - 4.75,C6,No Value
"8"" Clay tile",Mass Evenly Distributed,Face brick,4.75 - 5.5,C6,No Value
"8"" Clay tile",Mass Evenly Distributed,Face brick,5.5 - 6.5,C6,No Value
"8"" Clay tile",Mass Evenly Distributed,Face brick,6.5 - 7.75,C6,No Value
"8"" Clay tile",Mass Evenly Distributed,Face brick,7.75 - 9.0,C6,No Value
"8"" Clay tile",Mass Evenly Distributed,Face brick,9.0 - 10.75,C6,No Value
"8"" Clay tile",Mass Evenly Distributed,Face brick,10.75 - 12.75,C6,No Value
"8"" Clay tile",Mass Evenly Distributed,Face brick,12.75 - 15.0,C6,No Value
"8"" Clay tile",Mass Evenly Distributed,Face brick,15.0 - 17.5,C6,No Value
"8"" Clay tile",Mass Evenly Distributed,Face brick,17.5 - 20.0,C6,No Value
"8"" Clay tile",Mass Evenly Distributed,Face brick,20.0 - 23.0,C6,No Value
"8"" Clay tile",Mass Evenly Distributed,Face brick,23.0 - 27.0,C6,No Value
"8"" Clay tile",Mass Located Outside Insulation,Stucco and/or Plaster,0.0 - 2.0,C6,No Value
"8"" Clay tile",Mass Located Outside Insulation,Stucco and/or Plaster,2.0 - 2.5,C6,No Value
"8"" Clay tile",Mass Located Outside Insulation,Stucco and/or Plaster,2.5 - 3.0,C6,No Value
"8"" Clay tile",Mass Located Outside Insulation,Stucco and/or Plaster,3.0 - 3.5,C6,No Value
"8"" Clay tile",Mass Located Outside Insulation,Stucco and/or Plaster,3.5 - 4.0,C6,10
"8"" Clay tile",Mass Located Outside Insulation,Stucco and/or Plaster,4.0 - 4.75,C6,10
"8"" Clay tile",Mass Located Outside Insulation,Stucco and/or Plaster,4.75 - 5.5,C6,11
"8"" Clay tile",Mass Located Outside Insulation,Stucco and/or Plaster,5.5 - 6.5,C6,11
"8"" Clay tile",Mass Located Outside Insulation,Stucco and/or Plaster,6.5 - 7.75,C6,11
"8"" Clay tile",Mass Located Outside Insulation,Stucco and/or Plaster,7.75 - 9.0,C6,16
"8"" Clay tile",Mass Located Outside Insulation,Stucco and/or Plaster,9.0 - 10.75,C6,16
"8"" Clay tile",Mass Located Outside Insulation,Stucco and/or Plaster,10.75 - 12.75,C6,16
"8"" Clay tile",Mass Located Outside Insulation,Stucco and/or Plaster,12.75 - 15.0,C6,No Value
"8"" Clay tile",Mass Located Outside Insulation,Stucco and/or Plaster,15.0 - 17.5,C6,No Value
"8"" Clay tile",Mass Located Outside Insulation,Stucco and/or Plaster,17.5 - 20.0,C6,No Value
"8"" Clay tile",Mass Located Outside Insulation,Stucco and/or Plaster,20.0 - 23.0,C6,No Value
"8"" Clay tile",Mass Located Outside Insulation,Stucco and/or Plaster,23.0 - 27.0,C6,No Value
"8"" Clay tile",Mass Located Outside Insulation,Steel or other lightweight siding,0.0 - 2.0,C6,No Value
"8"" Clay tile",Mass Located Outside Insulation,Steel or other lightweight siding,2.0 - 2.5,C6,No Value
"8"" Clay tile",Mass Located Outside Insulation,Steel or other lightweight siding,2.5 - 3.0,C6,No Value
"8"" Clay tile",Mass Located Outside Insulation,Steel or other lightweight siding,3.0 - 3.5,C6,No Value
"8"" Clay tile",Mass Located Outside Insulation,Steel or other lightweight siding,3.5 - 4.0,C6,5
"8"" Clay tile",Mass Located Outside Insulation,Steel or other lightweight siding,4.0 - 4.75,C6,10
"8"" Clay tile",Mass Located Outside Insulation,Steel or other lightweight siding,4.75 - 5.5,C6,10
"8"" Clay tile",Mass Located Outside Insulation,Steel or other lightweight siding,5.5 - 6.5,C6,10
"8"" Clay tile",Mass Located Outside Insulation,Steel or other lightweight siding,6.5 - 7.75,C6,11
"8"" Clay tile",Mass Located Outside Insulation,Steel or other lightweight siding,7.75 - 9.0,C6,11
"8"" Clay tile",Mass Located Outside Insulation,Steel or other lightweight siding,9.0 - 10.75,C6,11
"8"" Clay tile",Mass Located Outside Insulation,Steel or other lightweight siding,10.75 - 12.75,C6,11
"8"" Clay tile",Mass Located Outside Insulation,Steel or other lightweight siding,12.75 - 15.0,C6,11
"8"" Clay tile",Mass Located Outside Insulation,Steel or other lightweight siding,15.0 - 17.5,C6,16
"8"" Clay tile",Mass Located Outside Insulation,Steel or other lightweight siding,17.5 - 20.0,C6,16
"8"" Clay tile",Mass Located Outside Insulation,Steel or other lightweight siding,20.0 - 23.0,C6,16
"8"" Clay tile",Mass Located Outside Insulation,Steel or other lightweight siding,23.0 - 27.0,C6,16
"8"" Clay tile",Mass Located Outside Insulation,Face brick,0.0 - 2.0,C6,No Value
"8"" Clay tile",Mass Located Outside Insulation,Face brick,2.0 - 2.5,C6,No Value
"8"" Clay tile",Mass Located Outside Insulation,Face brick,2.5 - 3.0,C6,No Value
"8"" Clay tile",Mass Located Outside Insulation,Face brick,3.0 - 3.5,C6,No Value
"8"" Clay tile",Mass Located Outside Insulation,Face brick,3.5 - 4.0,C6,No Value
"8"" Clay tile",Mass Located Outside Insulation,Face brick,4.0 - 4.75,C6,No Value
"8"" Clay tile",Mass Located Outside Insulation,Face brick,4.75 - 5.5,C6,No Value
"8"" Clay tile",Mass Located Outside Insulation,Face brick,5.5 - 6.5,C6,No Value
"8"" Clay tile",Mass Located Outside Insulation,Face brick,6.5 - 7.75,C6,No Value
"8"" Clay tile",Mass Located Outside Insulation,Face brick,7.75 - 9.0,C6,No Value
"8"" Clay tile",Mass Located Outside Insulation,Face brick,9.0 - 10.75,C6,No Value
"8"" Clay tile",Mass Located Outside Insulation,Face brick,10.75 - 12.75,C6,No Value
"8"" Clay tile",Mass Located Outside Insulation,Face brick,12.75 - 15.0,C6,No Value
"8"" Clay tile",Mass Located Outside Insulation,Face brick,15.0 - 17.5,C6,No Value
"8"" Clay tile",Mass Located Outside Insulation,Face brick,17.5 - 20.0,C6,No Value
"8"" Clay tile",Mass Located Outside Insulation,Face brick,20.0 - 23.0,C6,No Value
"8"" Clay tile",Mass Located Outside Insulation,Face brick,23.0 - 27.0,C6,No Value
"8"" Heavyweight concrete block",Mass Located Inside Insulation,Stucco and/or Plaster,0.0 - 2.0,C8,No Value
"8"" Heavyweight concrete block",Mass Located Inside Insulation,Stucco and/or Plaster,2.0 - 2.5,C8,No Value
"8"" Heavyweight concrete block",Mass Located Inside Insulation,Stucco and/or Plaster,2.5 - 3.0,C8,5
"8"" Heavyweight concrete block",Mass Located Inside Insulation,Stucco and/or Plaster,3.0 - 3.5,C8,6
"8"" Heavyweight concrete block",Mass Located Inside Insulation,Stucco and/or Plaster,3.5 - 4.0,C8,6
"8"" Heavyweight concrete block",Mass Located Inside Insulation,Stucco and/or Plaster,4.0 - 4.75,C8,10
"8"" Heavyweight concrete block",Mass Located Inside Insulation,Stucco and/or Plaster,4.75 - 5.5,C8,10
"8"" Heavyweight concrete block",Mass Located Inside Insulation,Stucco and/or Plaster,5.5 - 6.5,C8,11
"8"" Heavyweight concrete block",Mass Located Inside Insulation,Stucco and/or Plaster,6.5 - 7.75,C8,11
"8"" Heavyweight concrete block",Mass Located Inside Insulation,Stucco and/or Plaster,7.75 - 9.0,C8,11
"8"" Heavyweight concrete block",Mass Located Inside Insulation,Stucco and/or Plaster,9.0 - 10.75,C8,11
"8"" Heavyweight concrete block",Mass Located Inside Insulation,Stucco and/or Plaster,10.75 - 12.75,C8,11
"8"" Heavyweight concrete block",Mass Located Inside Insulation,Stucco and/or Plaster,12.75 - 15.0,C8,11
"8"" Heavyweight concrete block",Mass Located Inside Insulation,Stucco and/or Plaster,15.0 - 17.5,C8,12
"8"" Heavyweight concrete block",Mass Located Inside Insulation,Stucco and/or Plaster,17.5 - 20.0,C8,16
"8"" Heavyweight concrete block",Mass Located Inside Insulation,Stucco and/or Plaster,20.0 - 23.0,C8,16
"8"" Heavyweight concrete block",Mass Located Inside Insulation,Stucco and/or Plaster,23.0 - 27.0,C8,No Value
"8"" Heavyweight concrete block",Mass Located Inside Insulation,Steel or other lightweight siding,0.0 - 2.0,C8,No Value
"8"" Heavyweight concrete block",Mass Located Inside Insulation,Steel or other lightweight siding,2.0 - 2.5,C8,No Value
"8"" Heavyweight concrete block",Mass Located Inside Insulation,Steel or other lightweight siding,2.5 - 3.0,C8,5
"8"" Heavyweight concrete block",Mass Located Inside Insulation,Steel or other lightweight siding,3.0 - 3.5,C8,5
"8"" Heavyweight concrete block",Mass Located Inside Insulation,Steel or other lightweight siding,3.5 - 4.0,C8,5
"8"" Heavyweight concrete block",Mass Located Inside Insulation,Steel or other lightweight siding,4.0 - 4.75,C8,6
"8"" Heavyweight concrete block",Mass Located Inside Insulation,Steel or other lightweight siding,4.75 - 5.5,C8,6
"8"" Heavyweight concrete block",Mass Located Inside Insulation,Steel or other lightweight siding,5.5 - 6.5,C8,6
"8"" Heavyweight concrete block",Mass Located Inside Insulation,Steel or other lightweight siding,6.5 - 7.75,C8,6
"8"" Heavyweight concrete block",Mass Located Inside Insulation,Steel or other lightweight siding,7.75 - 9.0,C8,6
"8"" Heavyweight concrete block",Mass Located Inside Insulation,Steel or other lightweight siding,9.0 - 10.75,C8,6
"8"" Heavyweight concrete block",Mass Located Inside Insulation,Steel or other lightweight siding,10.75 - 12.75,C8,11
"8"" Heavyweight concrete block",Mass Located Inside Insulation,Steel or other lightweight siding,12.75 - 15.0,C8,11
"8"" Heavyweight concrete block",Mass Located Inside Insulation,Steel or other lightweight siding,15.0 - 17.5,C8,11
"8"" Heavyweight concrete block",Mass Located Inside Insulation,Steel or other lightweight siding,17.5 - 20.0,C8,11
"8"" Heavyweight concrete block",Mass Located Inside Insulation,Steel or other lightweight siding,20.0 - 23.0,C8,11
"8"" Heavyweight concrete block",Mass Located Inside Insulation,Steel or other lightweight siding,23.0 - 27.0,C8,No Value
"8"" Heavyweight concrete block",Mass Located Inside Insulation,Face brick,0.0 - 2.0,C8,No Value
"8"" Heavyweight concrete block",Mass Located Inside Insulation,Face brick,2.0 - 2.5,C8,No Value
"8"" Heavyweight concrete block",Mass Located Inside Insulation,Face brick,2.5 - 3.0,C8,No Value
"8"" Heavyweight concrete block",Mass Located Inside Insulation,Face brick,3.0 - 3.5,C8,12
"8"" Heavyweight concrete block",Mass Located Inside Insulation,Face brick,3.5 - 4.0,C8,12
"8"" Heavyweight concrete block",Mass Located Inside Insulation,Face brick,4.0 - 4.75,C8,No Value
"8"" Heavyweight concrete block",Mass Located Inside Insulation,Face brick,4.75 - 5.5,C8,No Value
"8"" Heavyweight concrete block",Mass Located Inside Insulation,Face brick,5.5 - 6.5,C8,No Value
"8"" Heavyweight concrete block",Mass Located Inside Insulation,Face brick,6.5 - 7.75,C8,No Value
"8"" Heavyweight concrete block",Mass Located Inside Insulation,Face brick,7.75 - 9.0,C8,No Value
"8"" Heavyweight concrete block",Mass Located Inside Insulation,Face brick,9.0 - 10.75,C8,No Value
"8"" Heavyweight concrete block",Mass Located Inside Insulation,Face brick,10.75 - 12.75,C8,No Value
"8"" Heavyweight concrete block",Mass Located Inside Insulation,Face brick,12.75 - 15.0,C8,No Value
"8"" Heavyweight concrete block",Mass Located Inside Insulation,Face brick,15.0 - 17.5,C8,No Value
"8"" Heavyweight concrete block",Mass Located Inside Insulation,Face brick,17.5 - 20.0,C8,No Value
"8"" Heavyweight concrete block",Mass Located Inside Insulation,Face brick,20.0 - 23.0,C8,No Value
"8"" Heavyweight concrete block",Mass Located Inside Insulation,Face brick,23.0 - 27.0,C8,No Value
"8"" Heavyweight concrete block",Mass Evenly Distributed,Stucco and/or Plaster,0.0 - 2.0,C8,No Value
"8"" Heavyweight concrete block",Mass Evenly Distributed,Stucco and/or Plaster,2.0 - 2.5,C8,5
"8"" Heavyweight concrete block",Mass Evenly Distributed,Stucco and/or Plaster,2.5 - 3.0,C8,5
"8"" Heavyweight concrete block",Mass Evenly Distributed,Stucco and/or Plaster,3.0 - 3.5,C8,5
"8"" Heavyweight concrete block",Mass Evenly Distributed,Stucco and/or Plaster,3.5 - 4.0,C8,No Value
"8"" Heavyweight concrete block",Mass Evenly Distributed,Stucco and/or Plaster,4.0 - 4.75,C8,No Value
"8"" Heavyweight concrete block",Mass Evenly Distributed,Stucco and/or Plaster,4.75 - 5.5,C8,No Value
"8"" Heavyweight concrete block",Mass Evenly Distributed,Stucco and/or Plaster,5.5 - 6.5,C8,No Value
"8"" Heavyweight concrete block",Mass Evenly Distributed,Stucco and/or Plaster,6.5 - 7.75,C8,No Value
"8"" Heavyweight concrete block",Mass Evenly Distributed,Stucco and/or Plaster,7.75 - 9.0,C8,No Value
"8"" Heavyweight concrete block",Mass Evenly Distributed,Stucco and/or Plaster,9.0 - 10.75,C8,No Value
"8"" Heavyweight concrete block",Mass Evenly Distributed,Stucco and/or Plaster,10.75 - 12.75,C8,No Value
"8"" Heavyweight concrete block",Mass Evenly Distributed,Stucco and/or Plaster,12.75 - 15.0,C8,No Value
"8"" Heavyweight concrete block",Mass Evenly Distributed,Stucco and/or Plaster,15.0 - 17.5,C8,No Value
"8"" Heavyweight concrete block",Mass Evenly Distributed,Stucco and/or Plaster,17.5 - 20.0,C8,No Value
"8"" Heavyweight concrete block",Mass Evenly Distributed,Stucco and/or Plaster,20.0 - 23.0,C8,No Value
"8"" Heavyweight concrete block",Mass Evenly Distributed,Stucco and/or Plaster,23.0 - 27.0,C8,No Value
"8"" Heavyweight concrete block",Mass Evenly Distributed,Steel or other lightweight siding,0.0 - 2.0,C8,No Value
"8"" Heavyweight concrete block",Mass Evenly Distributed,Steel or other lightweight siding,2.0 - 2.5,C8,3
"8"" Heavyweight concrete block",Mass Evenly Distributed,Steel or other lightweight siding,2.5 - 3.0,C8,3
"8"" Heavyweight concrete block",Mass Evenly Distributed,Steel or other lightweight siding,3.0 - 3.5,C8,4
"8"" Heavyweight concrete block",Mass Evenly Distributed,Steel or other lightweight siding,3.5 - 4.0,C8,No Value
"8"" Heavyweight concrete block",Mass Evenly Distributed,Steel or other lightweight siding,4.0 - 4.75,C8,No Value
"8"" Heavyweight concrete block",Mass Evenly Distributed,Steel or other lightweight siding,4.75 - 5.5,C8,No Value
"8"" Heavyweight concrete block",Mass Evenly Distributed,Steel or other lightweight siding,5.5 - 6.5,C8,No Value
"8"" Heavyweight concrete block",Mass Evenly Distributed,Steel or other lightweight siding,6.5 - 7.75,C8,No Value
"8"" Heavyweight concrete block",Mass Evenly Distributed,Steel or other lightweight siding,7.75 - 9.0,C8,No Value
"8"" Heavyweight concrete block",Mass Evenly Distributed,Steel or other lightweight siding,9.0 - 10.75,C8,No Value
"8"" Heavyweight concrete block",Mass Evenly Distributed,Steel or other lightweight siding,10.75 - 12.75,C8,No Value
"8"" Heavyweight concrete block",Mass Evenly Distributed,Steel or other lightweight siding,12.75 - 15.0,C8,No Value
"8"" Heavyweight concrete block",Mass Evenly Distributed,Steel or other lightweight siding,15.0 - 17.5,C8,No Value
"8"" Heavyweight concrete block",Mass Evenly Distributed,Steel or other lightweight siding,17.5 - 20.0,C8,No Value
"8"" Heavyweight concrete block",Mass Evenly Distributed,Steel or other lightweight siding,20.0 - 23.0,C8,No Value
"8"" Heavyweight concrete block",Mass Evenly Distributed,Steel or other lightweight siding,23.0 - 27.0,C8,No Value
"8"" Heavyweight concrete block",Mass Evenly Distributed,Face brick,0.0 - 2.0,C8,No Value
"8"" Heavyweight concrete block",Mass Evenly Distributed,Face brick,2.0 - 2.5,C8,No Value
"8"" Heavyweight concrete block",Mass Evenly Distributed,Face brick,2.5 - 3.0,C8,10
"8"" Heavyweight concrete block",Mass Evenly Distributed,Face brick,3.0 - 3.5,C8,10
"8"" Heavyweight concrete block",Mass Evenly Distributed,Face brick,3.5 - 4.0,C8,16
"8"" Heavyweight concrete block",Mass Evenly Distributed,Face brick,4.0 - 4.75,C8,16
"8"" Heavyweight concrete block",Mass Evenly Distributed,Face brick,4.75 - 5.5,C8,16
"8"" Heavyweight concrete block",Mass Evenly Distributed,Face brick,5.5 - 6.5,C8,16
"8"" Heavyweight concrete block",Mass Evenly Distributed,Face brick,6.5 - 7.75,C8,16
"8"" Heavyweight concrete block",Mass Evenly Distributed,Face brick,7.75 - 9.0,C8,16
"8"" Heavyweight concrete block",Mass Evenly Distributed,Face brick,9.0 - 10.75,C8,No Value
"8"" Heavyweight concrete block",Mass Evenly Distributed,Face brick,10.75 - 12.75,C8,No Value
"8"" Heavyweight concrete block",Mass Evenly Distributed,Face brick,12.75 - 15.0,C8,No Value
"8"" Heavyweight concrete block",Mass Evenly Distributed,Face brick,15.0 - 17.5,C8,No Value
"8"" Heavyweight concrete block",Mass Evenly Distributed,Face brick,17.5 - 20.0,C8,No Value
"8"" Heavyweight concrete block",Mass Evenly Distributed,Face brick,20.0 - 23.0,C8,No Value
"8"" Heavyweight concrete block",Mass Evenly Distributed,Face brick,23.0 - 27.0,C8,No Value
"8"" Heavyweight concrete block",Mass Located Outside Insulation,Stucco and/or Plaster,0.0 - 2.0,C8,No Value
"8"" Heavyweight concrete block",Mass Located Outside Insulation,Stucco and/or Plaster,2.0 - 2.5,C8,No Value
"8"" Heavyweight concrete block",Mass Located Outside Insulation,Stucco and/or Plaster,2.5 - 3.0,C8,5
"8"" Heavyweight concrete block",Mass Located Outside Insulation,Stucco and/or Plaster,3.0 - 3.5,C8,5
"8"" Heavyweight concrete block",Mass Located Outside Insulation,Stucco and/or Plaster,3.5 - 4.0,C8,6
"8"" Heavyweight concrete block",Mass Located Outside Insulation,Stucco and/or Plaster,4.0 - 4.75,C8,6
"8"" Heavyweight concrete block",Mass Located Outside Insulation,Stucco and/or Plaster,4.75 - 5.5,C8,10
"8"" Heavyweight concrete block",Mass Located Outside Insulation,Stucco and/or Plaster,5.5 - 6.5,C8,10
"8"" Heavyweight concrete block",Mass Located Outside Insulation,Stucco and/or Plaster,6.5 - 7.75,C8,10
"8"" Heavyweight concrete block",Mass Located Outside Insulation,Stucco and/or Plaster,7.75 - 9.0,C8,10
"8"" Heavyweight concrete block",Mass Located Outside Insulation,Stucco and/or Plaster,9.0 - 10.75,C8,10
"8"" Heavyweight concrete block",Mass Located Outside Insulation,Stucco and/or Plaster,10.75 - 12.75,C8,10
"8"" Heavyweight concrete block",Mass Located Outside Insulation,Stucco and/or Plaster,12.75 - 15.0,C8,11
"8"" Heavyweight concrete block",Mass Located Outside Insulation,Stucco and/or Plaster,15.0 - 17.5,C8,11
"8"" Heavyweight concrete block",Mass Located Outside Insulation,Stucco and/or Plaster,17.5 - 20.0,C8,15
"8"" Heavyweight concrete block",Mass Located Outside Insulation,Stucco and/or Plaster,20.0 - 23.0,C8,15
"8"" Heavyweight concrete block",Mass Located Outside Insulation,Stucco and/or Plaster,23.0 - 27.0,C8,No Value
"8"" Heavyweight concrete block",Mass Located Outside Insulation,Steel or other lightweight siding,0.0 - 2.0,C8,No Value
"8"" Heavyweight concrete block",Mass Located Outside Insulation,Steel or other lightweight siding,2.0 - 2.5,C8,No Value
"8"" Heavyweight concrete block",Mass Located Outside Insulation,Steel or other lightweight siding,2.5 - 3.0,C8,No Value
"8"" Heavyweight concrete block",Mass Located Outside Insulation,Steel or other lightweight siding,3.0 - 3.5,C8,4
"8"" Heavyweight concrete block",Mass Located Outside Insulation,Steel or other lightweight siding,3.5 - 4.0,C8,5
"8"" Heavyweight concrete block",Mass Located Outside Insulation,Steel or other lightweight siding,4.0 - 4.75,C8,5
"8"" Heavyweight concrete block",Mass Located Outside Insulation,Steel or other lightweight siding,4.75 - 5.5,C8,5
"8"" Heavyweight concrete block",Mass Located Outside Insulation,Steel or other lightweight siding,5.5 - 6.5,C8,5
"8"" Heavyweight concrete block",Mass Located Outside Insulation,Steel or other lightweight siding,6.5 - 7.75,C8,5
"8"" Heavyweight concrete block",Mass Located Outside Insulation,Steel or other lightweight siding,7.75 - 9.0,C8,5
"8"" Heavyweight concrete block",Mass Located Outside Insulation,Steel or other lightweight siding,9.0 - 10.75,C8,5
"8"" Heavyweight concrete block",Mass Located Outside Insulation,Steel or other lightweight siding,10.75 - 12.75,C8,5
"8"" Heavyweight concrete block",Mass Located Outside Insulation,Steel or other lightweight siding,12.75 - 15.0,C8,10
"8"" Heavyweight concrete block",Mass Located Outside Insulation,Steel or other lightweight siding,15.0 - 17.5,C8,10
"8"" Heavyweight concrete block",Mass Located Outside Insulation,Steel or other lightweight siding,17.5 - 20.0,C8,10
"8"" Heavyweight concrete block",Mass Located Outside Insulation,Steel or other lightweight siding,20.0 - 23.0,C8,10
"8"" Heavyweight concrete block",Mass Located Outside Insulation,Steel or other lightweight siding,23.0 - 27.0,C8,No Value
"8"" Heavyweight concrete block",Mass Located Outside Insulation,Face brick,0.0 - 2.0,C8,No Value
"8"" Heavyweight concrete block",Mass Located Outside Insulation,Face brick,2.0 - 2.5,C8,No Value
"8"" Heavyweight concrete block",Mass Located Outside Insulation,Face brick,2.5 - 3.0,C8,No Value
"8"" Heavyweight concrete block",Mass Located Outside Insulation,Face brick,3.0 - 3.5,C8,11
"8"" Heavyweight concrete block",Mass Located Outside Insulation,Face brick,3.5 - 4.0,C8,11
"8"" Heavyweight concrete block",Mass Located Outside Insulation,Face brick,4.0 - 4.75,C8,11
"8"" Heavyweight concrete block",Mass Located Outside Insulation,Face brick,4.75 - 5.5,C8,16
"8"" Heavyweight concrete block",Mass Located Outside Insulation,Face brick,5.5 - 6.5,C8,16
"8"" Heavyweight concrete block",Mass Located Outside Insulation,Face brick,6.5 - 7.75,C8,No Value
"8"" Heavyweight concrete block",Mass Located Outside Insulation,Face brick,7.75 - 9.0,C8,No Value
"8"" Heavyweight concrete block",Mass Located Outside Insulation,Face brick,9.0 - 10.75,C8,No Value
"8"" Heavyweight concrete block",Mass Located Outside Insulation,Face brick,10.75 - 12.75,C8,No Value
"8"" Heavyweight concrete block",Mass Located Outside Insulation,Face brick,12.75 - 15.0,C8,No Value
"8"" Heavyweight concrete block",Mass Located Outside Insulation,Face brick,15.0 - 17.5,C8,No Value
"8"" Heavyweight concrete block",Mass Located Outside Insulation,Face brick,17.5 - 20.0,C8,No Value
"8"" Heavyweight concrete block",Mass Located Outside Insulation,Face brick,20.0 - 23.0,C8,No Value
"8"" Heavyweight concrete block",Mass Located Outside Insulation,Face brick,23.0 - 27.0,C8,No Value
"8"" Heavyweight concrete block (filled)",Mass Located Inside Insulation,Stucco and/or Plaster,0.0 - 2.0,C18,No Value
"8"" Heavyweight concrete block (filled)",Mass Located Inside Insulation,Stucco and/or Plaster,2.0 - 2.5,C18,No Value
"8"" Heavyweight concrete block (filled)",Mass Located Inside Insulation,Stucco and/or Plaster,2.5 - 3.0,C18,No Value
"8"" Heavyweight concrete block (filled)",Mass Located Inside Insulation,Stucco and/or Plaster,3.0 - 3.5,C18,No Value
"8"" Heavyweight concrete block (filled)",Mass Located Inside Insulation,Stucco and/or Plaster,3.5 - 4.0,C18,5
"8"" Heavyweight concrete block (filled)",Mass Located Inside Insulation,Stucco and/or Plaster,4.0 - 4.75,C18,10
"8"" Heavyweight concrete block (filled)",Mass Located Inside Insulation,Stucco and/or Plaster,4.75 - 5.5,C18,10
"8"" Heavyweight concrete block (filled)",Mass Located Inside Insulation,Stucco and/or Plaster,5.5 - 6.5,C18,10
"8"" Heavyweight concrete block (filled)",Mass Located Inside Insulation,Stucco and/or Plaster,6.5 - 7.75,C18,11
"8"" Heavyweight concrete block (filled)",Mass Located Inside Insulation,Stucco and/or Plaster,7.75 - 9.0,C18,11
"8"" Heavyweight concrete block (filled)",Mass Located Inside Insulation,Stucco and/or Plaster,9.0 - 10.75,C18,11
"8"" Heavyweight concrete block (filled)",Mass Located Inside Insulation,Stucco and/or Plaster,10.75 - 12.75,C18,11
"8"" Heavyweight concrete block (filled)",Mass Located Inside Insulation,Stucco and/or Plaster,12.75 - 15.0,C18,12
"8"" Heavyweight concrete block (filled)",Mass Located Inside Insulation,Stucco and/or Plaster,15.0 - 17.5,C18,16
"8"" Heavyweight concrete block (filled)",Mass Located Inside Insulation,Stucco and/or Plaster,17.5 - 20.0,C18,16
"8"" Heavyweight concrete block (filled)",Mass Located Inside Insulation,Stucco and/or Plaster,20.0 - 23.0,C18,16
"8"" Heavyweight concrete block (filled)",Mass Located Inside Insulation,Stucco and/or Plaster,23.0 - 27.0,C18,No Value
"8"" Heavyweight concrete block (filled)",Mass Located Inside Insulation,Steel or other lightweight siding,0.0 - 2.0,C18,No Value
"8"" Heavyweight concrete block (filled)",Mass Located Inside Insulation,Steel or other lightweight siding,2.0 - 2.5,C18,No Value
"8"" Heavyweight concrete block (filled)",Mass Located Inside Insulation,Steel or other lightweight siding,2.5 - 3.0,C18,No Value
"8"" Heavyweight concrete block (filled)",Mass Located Inside Insulation,Steel or other lightweight siding,3.0 - 3.5,C18,No Value
"8"" Heavyweight concrete block (filled)",Mass Located Inside Insulation,Steel or other lightweight siding,3.5 - 4.0,C18,5
"8"" Heavyweight concrete block (filled)",Mass Located Inside Insulation,Steel or other lightweight siding,4.0 - 4.75,C18,5
"8"" Heavyweight concrete block (filled)",Mass Located Inside Insulation,Steel or other lightweight siding,4.75 - 5.5,C18,6
"8"" Heavyweight concrete block (filled)",Mass Located Inside Insulation,Steel or other lightweight siding,5.5 - 6.5,C18,6
"8"" Heavyweight concrete block (filled)",Mass Located Inside Insulation,Steel or other lightweight siding,6.5 - 7.75,C18,10
"8"" Heavyweight concrete block (filled)",Mass Located Inside Insulation,Steel or other lightweight siding,7.75 - 9.0,C18,11
"8"" Heavyweight concrete block (filled)",Mass Located Inside Insulation,Steel or other lightweight siding,9.0 - 10.75,C18,11
"8"" Heavyweight concrete block (filled)",Mass Located Inside Insulation,Steel or other lightweight siding,10.75 - 12.75,C18,11
"8"" Heavyweight concrete block (filled)",Mass Located Inside Insulation,Steel or other lightweight siding,12.75 - 15.0,C18,11
"8"" Heavyweight concrete block (filled)",Mass Located Inside Insulation,Steel or other lightweight siding,15.0 - 17.5,C18,11
"8"" Heavyweight concrete block (filled)",Mass Located Inside Insulation,Steel or other lightweight siding,17.5 - 20.0,C18,11
"8"" Heavyweight concrete block (filled)",Mass Located Inside Insulation,Steel or other lightweight siding,20.0 - 23.0,C18,16
"8"" Heavyweight concrete block (filled)",Mass Located Inside Insulation,Steel or other lightweight siding,23.0 - 27.0,C18,16
"8"" Heavyweight concrete block (filled)",Mass Located Inside Insulation,Face brick,0.0 - 2.0,C18,No Value
"8"" Heavyweight concrete block (filled)",Mass Located Inside Insulation,Face brick,2.0 - 2.5,C18,No Value
"8"" Heavyweight concrete block (filled)",Mass Located Inside Insulation,Face brick,2.5 - 3.0,C18,No Value
"8"" Heavyweight concrete block (filled)",Mass Located Inside Insulation,Face brick,3.0 - 3.5,C18,No Value
"8"" Heavyweight concrete block (filled)",Mass Located Inside Insulation,Face brick,3.5 - 4.0,C18,No Value
"8"" Heavyweight concrete block (filled)",Mass Located Inside Insulation,Face brick,4.0 - 4.75,C18,16
"8"" Heavyweight concrete block (filled)",Mass Located Inside Insulation,Face brick,4.75 - 5.5,C18,No Value
"8"" Heavyweight concrete block (filled)",Mass Located Inside Insulation,Face brick,5.5 - 6.5,C18,No Value
"8"" Heavyweight concrete block (filled)",Mass Located Inside Insulation,Face brick,6.5 - 7.75,C18,No Value
"8"" Heavyweight concrete block (filled)",Mass Located Inside Insulation,Face brick,7.75 - 9.0,C18,No Value
"8"" Heavyweight concrete block (filled)",Mass Located Inside Insulation,Face brick,9.0 - 10.75,C18,No Value
"8"" Heavyweight concrete block (filled)",Mass Located Inside Insulation,Face brick,10.75 - 12.75,C18,No Value
"8"" Heavyweight concrete block (filled)",Mass Located Inside Insulation,Face brick,12.75 - 15.0,C18,No Value
"8"" Heavyweight concrete block (filled)",Mass Located Inside Insulation,Face brick,15.0 - 17.5,C18,No Value
"8"" Heavyweight concrete block (filled)",Mass Located Inside Insulation,Face brick,17.5 - 20.0,C18,No Value
"8"" Heavyweight concrete block (filled)",Mass Located Inside Insulation,Face brick,20.0 - 23.0,C18,No Value
"8"" Heavyweight concrete block (filled)",Mass Located Inside Insulation,Face brick,23.0 - 27.0,C18,No Value
"8"" Heavyweight concrete block (filled)",Mass Evenly Distributed,Stucco and/or Plaster,0.0 - 2.0,C18,No Value
"8"" Heavyweight concrete block (filled)",Mass Evenly Distributed,Stucco and/or Plaster,2.0 - 2.5,C18,No Value
"8"" Heavyweight concrete block (filled)",Mass Evenly Distributed,Stucco and/or Plaster,2.5 - 3.0,C18,No Value
"8"" Heavyweight concrete block (filled)",Mass Evenly Distributed,Stucco and/or Plaster,3.0 - 3.5,C18,4
"8"" Heavyweight concrete block (filled)",Mass Evenly Distributed,Stucco and/or Plaster,3.5 - 4.0,C18,4
"8"" Heavyweight concrete block (filled)",Mass Evenly Distributed,Stucco and/or Plaster,4.0 - 4.75,C18,4
"8"" Heavyweight concrete block (filled)",Mass Evenly Distributed,Stucco and/or Plaster,4.75 - 5.5,C18,No Value
"8"" Heavyweight concrete block (filled)",Mass Evenly Distributed,Stucco and/or Plaster,5.5 - 6.5,C18,No Value
"8"" Heavyweight concrete block (filled)",Mass Evenly Distributed,Stucco and/or Plaster,6.5 - 7.75,C18,No Value
"8"" Heavyweight concrete block (filled)",Mass Evenly Distributed,Stucco and/or Plaster,7.75 - 9.0,C18,No Value
"8"" Heavyweight concrete block (filled)",Mass Evenly Distributed,Stucco and/or Plaster,9.0 - 10.75,C18,No Value
"8"" Heavyweight concrete block (filled)",Mass Evenly Distributed,Stucco and/or Plaster,10.75 - 12.75,C18,No Value
"8"" Heavyweight concrete block (filled)",Mass Evenly Distributed,Stucco and/or Plaster,12.75 - 15.0,C18,No Value
"8"" Heavyweight concrete block (filled)",Mass Evenly Distributed,Stucco and/or Plaster,15.0 - 17.5,C18,No Value
"8"" Heavyweight concrete block (filled)",Mass Evenly Distributed,Stucco and/or Plaster,17.5 - 20.0,C18,No Value
"8"" Heavyweight concrete block (filled)",Mass Evenly Distributed,Stucco and/or Plaster,20.0 - 23.0,C18,No Value
"8"" Heavyweight concrete block (filled)",Mass Evenly Distributed,Stucco and/or Plaster,23.0 - 27.0,C18,No Value
"8"" Heavyweight concrete block (filled)",Mass Evenly Distributed,Steel or other lightweight siding,0.0 - 2.0,C18,No Value
"8"" Heavyweight concrete block (filled)",Mass Evenly Distributed,Steel or other lightweight siding,2.0 - 2.5,C18,No Value
"8"" Heavyweight concrete block (filled)",Mass Evenly Distributed,Steel or other lightweight siding,2.5 - 3.0,C18,No Value
"8"" Heavyweight concrete block (filled)",Mass Evenly Distributed,Steel or other lightweight siding,3.0 - 3.5,C18,4
"8"" Heavyweight concrete block (filled)",Mass Evenly Distributed,Steel or other lightweight siding,3.5 - 4.0,C18,4
"8"" Heavyweight concrete block (filled)",Mass Evenly Distributed,Steel or other lightweight siding,4.0 - 4.75,C18,4
"8"" Heavyweight concrete block (filled)",Mass Evenly Distributed,Steel or other lightweight siding,4.75 - 5.5,C18,No Value
"8"" Heavyweight concrete block (filled)",Mass Evenly Distributed,Steel or other lightweight siding,5.5 - 6.5,C18,No Value
"8"" Heavyweight concrete block (filled)",Mass Evenly Distributed,Steel or other lightweight siding,6.5 - 7.75,C18,No Value
"8"" Heavyweight concrete block (filled)",Mass Evenly Distributed,Steel or other lightweight siding,7.75 - 9.0,C18,No Value
"8"" Heavyweight concrete block (filled)",Mass Evenly Distributed,Steel or other lightweight siding,9.0 - 10.75,C18,No Value
"8"" Heavyweight concrete block (filled)",Mass Evenly Distributed,Steel or other lightweight siding,10.75 - 12.75,C18,No Value
"8"" Heavyweight concrete block (filled)",Mass Evenly Distributed,Steel or other lightweight siding,12.75 - 15.0,C18,No Value
"8"" Heavyweight concrete block (filled)",Mass Evenly Distributed,Steel or other lightweight siding,15.0 - 17.5,C18,No Value
"8"" Heavyweight concrete block (filled)",Mass Evenly Distributed,Steel or other lightweight siding,17.5 - 20.0,C18,No Value
"8"" Heavyweight concrete block (filled)",Mass Evenly Distributed,Steel or other lightweight siding,20.0 - 23.0,C18,No Value
"8"" Heavyweight concrete block (filled)",Mass Evenly Distributed,Steel or other lightweight siding,23.0 - 27.0,C18,No Value
"8"" Heavyweight concrete block (filled)",Mass Evenly Distributed,Face brick,0.0 - 2.0,C18,No Value
"8"" Heavyweight concrete block (filled)",Mass Evenly Distributed,Face brick,2.0 - 2.5,C18,No Value
"8"" Heavyweight concrete block (filled)",Mass Evenly Distributed,Face brick,2.5 - 3.0,C18,No Value
"8"" Heavyweight concrete block (filled)",Mass Evenly Distributed,Face brick,3.0 - 3.5,C18,10
"8"" Heavyweight concrete block (filled)",Mass Evenly Distributed,Face brick,3.5 - 4.0,C18,10
"8"" Heavyweight concrete block (filled)",Mass Evenly Distributed,Face brick,4.0 - 4.75,C18,16
"8"" Heavyweight concrete block (filled)",Mass Evenly Distributed,Face brick,4.75 - 5.5,C18,16
"8"" Heavyweight concrete block (filled)",Mass Evenly Distributed,Face brick,5.5 - 6.5,C18,16
"8"" Heavyweight concrete block (filled)",Mass Evenly Distributed,Face brick,6.5 - 7.75,C18,No Value
"8"" Heavyweight concrete block (filled)",Mass Evenly Distributed,Face brick,7.75 - 9.0,C18,No Value
"8"" Heavyweight concrete block (filled)",Mass Evenly Distributed,Face brick,9.0 - 10.75,C18,No Value
"8"" Heavyweight concrete block (filled)",Mass Evenly Distributed,Face brick,10.75 - 12.75,C18,No Value
"8"" Heavyweight concrete block (filled)",Mass Evenly Distributed,Face brick,12.75 - 15.0,C18,No Value
"8"" Heavyweight concrete block (filled)",Mass Evenly Distributed,Face brick,15.0 - 17.5,C18,No Value
"8"" Heavyweight concrete block (filled)",Mass Evenly Distributed,Face brick,17.5 - 20.0,C18,No Value
"8"" Heavyweight concrete block (filled)",Mass Evenly Distributed,Face brick,20.0 - 23.0,C18,No Value
"8"" Heavyweight concrete block (filled)",Mass Evenly Distributed,Face brick,23.0 - 27.0,C18,No Value
"8"" Heavyweight concrete block (filled)",Mass Located Outside Insulation,Stucco and/or Plaster,0.0 - 2.0,C18,No Value
"8"" Heavyweight concrete block (filled)",Mass Located Outside Insulation,Stucco and/or Plaster,2.0 - 2.5,C18,No Value
"8"" Heavyweight concrete block (filled)",Mass Located Outside Insulation,Stucco and/or Plaster,2.5 - 3.0,C18,No Value
"8"" Heavyweight concrete block (filled)",Mass Located Outside Insulation,Stucco and/or Plaster,3.0 - 3.5,C18,No Value
"8"" Heavyweight concrete block (filled)",Mass Located Outside Insulation,Stucco and/or Plaster,3.5 - 4.0,C18,5
"8"" Heavyweight concrete block (filled)",Mass Located Outside Insulation,Stucco and/or Plaster,4.0 - 4.75,C18,9
"8"" Heavyweight concrete block (filled)",Mass Located Outside Insulation,Stucco and/or Plaster,4.75 - 5.5,C18,10
"8"" Heavyweight concrete block (filled)",Mass Located Outside Insulation,Stucco and/or Plaster,5.5 - 6.5,C18,10
"8"" Heavyweight concrete block (filled)",Mass Located Outside Insulation,Stucco and/or Plaster,6.5 - 7.75,C18,10
"8"" Heavyweight concrete block (filled)",Mass Located Outside Insulation,Stucco and/or Plaster,7.75 - 9.0,C18,10
"8"" Heavyweight concrete block (filled)",Mass Located Outside Insulation,Stucco and/or Plaster,9.0 - 10.75,C18,11
"8"" Heavyweight concrete block (filled)",Mass Located Outside Insulation,Stucco and/or Plaster,10.75 - 12.75,C18,11
"8"" Heavyweight concrete block (filled)",Mass Located Outside Insulation,Stucco and/or Plaster,12.75 - 15.0,C18,11
"8"" Heavyweight concrete block (filled)",Mass Located Outside Insulation,Stucco and/or Plaster,15.0 - 17.5,C18,16
"8"" Heavyweight concrete block (filled)",Mass Located Outside Insulation,Stucco and/or Plaster,17.5 - 20.0,C18,16
"8"" Heavyweight concrete block (filled)",Mass Located Outside Insulation,Stucco and/or Plaster,20.0 - 23.0,C18,16
"8"" Heavyweight concrete block (filled)",Mass Located Outside Insulation,Stucco and/or Plaster,23.0 - 27.0,C18,16
"8"" Heavyweight concrete block (filled)",Mass Located Outside Insulation,Steel or other lightweight siding,0.0 - 2.0,C18,No Value
"8"" Heavyweight concrete block (filled)",Mass Located Outside Insulation,Steel or other lightweight siding,2.0 - 2.5,C18,No Value
"8"" Heavyweight concrete block (filled)",Mass Located Outside Insulation,Steel or other lightweight siding,2.5 - 3.0,C18,No Value
"8"" Heavyweight concrete block (filled)",Mass Located Outside Insulation,Steel or other lightweight siding,3.0 - 3.5,C18,No Value
"8"" Heavyweight concrete block (filled)",Mass Located Outside Insulation,Steel or other lightweight siding,3.5 - 4.0,C18,4
"8"" Heavyweight concrete block (filled)",Mass Located Outside Insulation,Steel or other lightweight siding,4.0 - 4.75,C18,5
"8"" Heavyweight concrete block (filled)",Mass Located Outside Insulation,Steel or other lightweight siding,4.75 - 5.5,C18,5
"8"" Heavyweight concrete block (filled)",Mass Located Outside Insulation,Steel or other lightweight siding,5.5 - 6.5,C18,5
"8"" Heavyweight concrete block (filled)",Mass Located Outside Insulation,Steel or other lightweight siding,6.5 - 7.75,C18,6
"8"" Heavyweight concrete block (filled)",Mass Located Outside Insulation,Steel or other lightweight siding,7.75 - 9.0,C18,6
"8"" Heavyweight concrete block (filled)",Mass Located Outside Insulation,Steel or other lightweight siding,9.0 - 10.75,C18,10
"8"" Heavyweight concrete block (filled)",Mass Located Outside Insulation,Steel or other lightweight siding,10.75 - 12.75,C18,10
"8"" Heavyweight concrete block (filled)",Mass Located Outside Insulation,Steel or other lightweight siding,12.75 - 15.0,C18,10
"8"" Heavyweight concrete block (filled)",Mass Located Outside Insulation,Steel or other lightweight siding,15.0 - 17.5,C18,10
"8"" Heavyweight concrete block (filled)",Mass Located Outside Insulation,Steel or other lightweight siding,17.5 - 20.0,C18,10
"8"" Heavyweight concrete block (filled)",Mass Located Outside Insulation,Steel or other lightweight siding,20.0 - 23.0,C18,11
"8"" Heavyweight concrete block (filled)",Mass Located Outside Insulation,Steel or other lightweight siding,23.0 - 27.0,C18,15
"8"" Heavyweight concrete block (filled)",Mass Located Outside Insulation,Face brick,0.0 - 2.0,C18,No Value
"8"" Heavyweight concrete block (filled)",Mass Located Outside Insulation,Face brick,2.0 - 2.5,C18,No Value
"8"" Heavyweight concrete block (filled)",Mass Located Outside Insulation,Face brick,2.5 - 3.0,C18,No Value
"8"" Heavyweight concrete block (filled)",Mass Located Outside Insulation,Face brick,3.0 - 3.5,C18,No Value
"8"" Heavyweight concrete block (filled)",Mass Located Outside Insulation,Face brick,3.5 - 4.0,C18,No Value
"8"" Heavyweight concrete block (filled)",Mass Located Outside Insulation,Face brick,4.0 - 4.75,C18,16
"8"" Heavyweight concrete block (filled)",Mass Located Outside Insulation,Face brick,4.75 - 5.5,C18,16
"8"" Heavyweight concrete block (filled)",Mass Located Outside Insulation,Face brick,5.5 - 6.5,C18,16
"8"" Heavyweight concrete block (filled)",Mass Located Outside Insulation,Face brick,6.5 - 7.75,C18,16
"8"" Heavyweight concrete block (filled)",Mass Located Outside Insulation,Face brick,7.75 - 9.0,C18,No Value
"8"" Heavyweight concrete block (filled)",Mass Located Outside Insulation,Face brick,9.0 - 10.75,C18,No Value
"8"" Heavyweight concrete block (filled)",Mass Located Outside Insulation,Face brick,10.75 - 12.75,C18,No Value
"8"" Heavyweight concrete block (filled)",Mass Located Outside Insulation,Face brick,12.75 - 15.0,C18,No Value
"8"" Heavyweight concrete block (filled)",Mass Located Outside Insulation,Face brick,15.0 - 17.5,C18,No Value
"8"" Heavyweight concrete block (filled)",Mass Located Outside Insulation,Face brick,17.5 - 20.0,C18,No Value
"8"" Heavyweight concrete block (filled)",Mass Located Outside Insulation,Face brick,20.0 - 23.0,C18,No Value
"8"" Heavyweight concrete block (filled)",Mass Located Outside Insulation,Face brick,23.0 - 27.0,C18,No Value
"8"" Lightweight concrete block",Mass Located Inside Insulation,Stucco and/or Plaster,0.0 - 2.0,C7,No Value
"8"" Lightweight concrete block",Mass Located Inside Insulation,Stucco and/or Plaster,2.0 - 2.5,C7,No Value
"8"" Lightweight concrete block",Mass Located Inside Insulation,Stucco and/or Plaster,2.5 - 3.0,C7,No Value
"8"" Lightweight concrete block",Mass Located Inside Insulation,Stucco and/or Plaster,3.0 - 3.5,C7,No Value
"8"" Lightweight concrete block",Mass Located Inside Insulation,Stucco and/or Plaster,3.5 - 4.0,C7,4
"8"" Lightweight concrete block",Mass Located Inside Insulation,Stucco and/or Plaster,4.0 - 4.75,C7,5
"8"" Lightweight concrete block",Mass Located Inside Insulation,Stucco and/or Plaster,4.75 - 5.5,C7,5
"8"" Lightweight concrete block",Mass Located Inside Insulation,Stucco and/or Plaster,5.5 - 6.5,C7,5
"8"" Lightweight concrete block",Mass Located Inside Insulation,Stucco and/or Plaster,6.5 - 7.75,C7,10
"8"" Lightweight concrete block",Mass Located Inside Insulation,Stucco and/or Plaster,7.75 - 9.0,C7,10
"8"" Lightweight concrete block",Mass Located Inside Insulation,Stucco and/or Plaster,9.0 - 10.75,C7,10
"8"" Lightweight concrete block",Mass Located Inside Insulation,Stucco and/or Plaster,10.75 - 12.75,C7,10
"8"" Lightweight concrete block",Mass Located Inside Insulation,Stucco and/or Plaster,12.75 - 15.0,C7,10
"8"" Lightweight concrete block",Mass Located Inside Insulation,Stucco and/or Plaster,15.0 - 17.5,C7,11
"8"" Lightweight concrete block",Mass Located Inside Insulation,Stucco and/or Plaster,17.5 - 20.0,C7,15
"8"" Lightweight concrete block",Mass Located Inside Insulation,Stucco and/or Plaster,20.0 - 23.0,C7,15
"8"" Lightweight concrete block",Mass Located Inside Insulation,Stucco and/or Plaster,23.0 - 27.0,C7,16
"8"" Lightweight concrete block",Mass Located Inside Insulation,Steel or other lightweight siding,0.0 - 2.0,C7,No Value
"8"" Lightweight concrete block",Mass Located Inside Insulation,Steel or other lightweight siding,2.0 - 2.5,C7,No Value
"8"" Lightweight concrete block",Mass Located Inside Insulation,Steel or other lightweight siding,2.5 - 3.0,C7,No Value
"8"" Lightweight concrete block",Mass Located Inside Insulation,Steel or other lightweight siding,3.0 - 3.5,C7,No Value
"8"" Lightweight concrete block",Mass Located Inside Insulation,Steel or other lightweight siding,3.5 - 4.0,C7,3
"8"" Lightweight concrete block",Mass Located Inside Insulation,Steel or other lightweight siding,4.0 - 4.75,C7,4
"8"" Lightweight concrete block",Mass Located Inside Insulation,Steel or other lightweight siding,4.75 - 5.5,C7,5
"8"" Lightweight concrete block",Mass Located Inside Insulation,Steel or other lightweight siding,5.5 - 6.5,C7,5
"8"" Lightweight concrete block",Mass Located Inside Insulation,Steel or other lightweight siding,6.5 - 7.75,C7,5
"8"" Lightweight concrete block",Mass Located Inside Insulation,Steel or other lightweight siding,7.75 - 9.0,C7,5
"8"" Lightweight concrete block",Mass Located Inside Insulation,Steel or other lightweight siding,9.0 - 10.75,C7,5
"8"" Lightweight concrete block",Mass Located Inside Insulation,Steel or other lightweight siding,10.75 - 12.75,C7,6
"8"" Lightweight concrete block",Mass Located Inside Insulation,Steel or other lightweight siding,12.75 - 15.0,C7,10
"8"" Lightweight concrete block",Mass Located Inside Insulation,Steel or other lightweight siding,15.0 - 17.5,C7,10
"8"" Lightweight concrete block",Mass Located Inside Insulation,Steel or other lightweight siding,17.5 - 20.0,C7,10
"8"" Lightweight concrete block",Mass Located Inside Insulation,Steel or other lightweight siding,20.0 - 23.0,C7,10
"8"" Lightweight concrete block",Mass Located Inside Insulation,Steel or other lightweight siding,23.0 - 27.0,C7,10
"8"" Lightweight concrete block",Mass Located Inside Insulation,Face brick,0.0 - 2.0,C7,No Value
"8"" Lightweight concrete block",Mass Located Inside Insulation,Face brick,2.0 - 2.5,C7,No Value
"8"" Lightweight concrete block",Mass Located Inside Insulation,Face brick,2.5 - 3.0,C7,No Value
"8"" Lightweight concrete block",Mass Located Inside Insulation,Face brick,3.0 - 3.5,C7,No Value
"8"" Lightweight concrete block",Mass Located Inside Insulation,Face brick,3.5 - 4.0,C7,No Value
"8"" Lightweight concrete block",Mass Located Inside Insulation,Face brick,4.0 - 4.75,C7,11
"8"" Lightweight concrete block",Mass Located Inside Insulation,Face brick,4.75 - 5.5,C7,16
"8"" Lightweight concrete block",Mass Located Inside Insulation,Face brick,5.5 - 6.5,C7,No Value
"8"" Lightweight concrete block",Mass Located Inside Insulation,Face brick,6.5 - 7.75,C7,No Value
"8"" Lightweight concrete block",Mass Located Inside Insulation,Face brick,7.75 - 9.0,C7,No Value
"8"" Lightweight concrete block",Mass Located Inside Insulation,Face brick,9.0 - 10.75,C7,No Value
"8"" Lightweight concrete block",Mass Located Inside Insulation,Face brick,10.75 - 12.75,C7,No Value
"8"" Lightweight concrete block",Mass Located Inside Insulation,Face brick,12.75 - 15.0,C7,No Value
"8"" Lightweight concrete block",Mass Located Inside Insulation,Face brick,15.0 - 17.5,C7,No Value
"8"" Lightweight concrete block",Mass Located Inside Insulation,Face brick,17.5 - 20.0,C7,No Value
"8"" Lightweight concrete block",Mass Located Inside Insulation,Face brick,20.0 - 23.0,C7,No Value
"8"" Lightweight concrete block",Mass Located Inside Insulation,Face brick,23.0 - 27.0,C7,No Value
"8"" Lightweight concrete block",Mass Evenly Distributed,Stucco and/or Plaster,0.0 - 2.0,C7,No Value
"8"" Lightweight concrete block",Mass Evenly Distributed,Stucco and/or Plaster,2.0 - 2.5,C7,No Value
"8"" Lightweight concrete block",Mass Evenly Distributed,Stucco and/or Plaster,2.5 - 3.0,C7,No Value
"8"" Lightweight concrete block",Mass Evenly Distributed,Stucco and/or Plaster,3.0 - 3.5,C7,4
"8"" Lightweight concrete block",Mass Evenly Distributed,Stucco and/or Plaster,3.5 - 4.0,C7,4
"8"" Lightweight concrete block",Mass Evenly Distributed,Stucco and/or Plaster,4.0 - 4.75,C7,4
"8"" Lightweight concrete block",Mass Evenly Distributed,Stucco and/or Plaster,4.75 - 5.5,C7,No Value
"8"" Lightweight concrete block",Mass Evenly Distributed,Stucco and/or Plaster,5.5 - 6.5,C7,No Value
"8"" Lightweight concrete block",Mass Evenly Distributed,Stucco and/or Plaster,6.5 - 7.75,C7,No Value
"8"" Lightweight concrete block",Mass Evenly Distributed,Stucco and/or Plaster,7.75 - 9.0,C7,No Value
"8"" Lightweight concrete block",Mass Evenly Distributed,Stucco and/or Plaster,9.0 - 10.75,C7,No Value
"8"" Lightweight concrete block",Mass Evenly Distributed,Stucco and/or Plaster,10.75 - 12.75,C7,No Value
"8"" Lightweight concrete block",Mass Evenly Distributed,Stucco and/or Plaster,12.75 - 15.0,C7,No Value
"8"" Lightweight concrete block",Mass Evenly Distributed,Stucco and/or Plaster,15.0 - 17.5,C7,No Value
"8"" Lightweight concrete block",Mass Evenly Distributed,Stucco and/or Plaster,17.5 - 20.0,C7,No Value
"8"" Lightweight concrete block",Mass Evenly Distributed,Stucco and/or Plaster,20.0 - 23.0,C7,No Value
"8"" Lightweight concrete block",Mass Evenly Distributed,Stucco and/or Plaster,23.0 - 27.0,C7,No Value
"8"" Lightweight concrete block",Mass Evenly Distributed,Steel or other lightweight siding,0.0 - 2.0,C7,No Value
"8"" Lightweight concrete block",Mass Evenly Distributed,Steel or other lightweight siding,2.0 - 2.5,C7,No Value
"8"" Lightweight concrete block",Mass Evenly Distributed,Steel or other lightweight siding,2.5 - 3.0,C7,No Value
"8"" Lightweight concrete block",Mass Evenly Distributed,Steel or other lightweight siding,3.0 - 3.5,C7,2
"8"" Lightweight concrete block",Mass Evenly Distributed,Steel or other lightweight siding,3.5 - 4.0,C7,2
"8"" Lightweight concrete block",Mass Evenly Distributed,Steel or other lightweight siding,4.0 - 4.75,C7,4
"8"" Lightweight concrete block",Mass Evenly Distributed,Steel or other lightweight siding,4.75 - 5.5,C7,No Value
"8"" Lightweight concrete block",Mass Evenly Distributed,Steel or other lightweight siding,5.5 - 6.5,C7,No Value
"8"" Lightweight concrete block",Mass Evenly Distributed,Steel or other lightweight siding,6.5 - 7.75,C7,No Value
"8"" Lightweight concrete block",Mass Evenly Distributed,Steel or other lightweight siding,7.75 - 9.0,C7,No Value
"8"" Lightweight concrete block",Mass Evenly Distributed,Steel or other lightweight siding,9.0 - 10.75,C7,No Value
"8"" Lightweight concrete block",Mass Evenly Distributed,Steel or other lightweight siding,10.75 - 12.75,C7,No Value
"8"" Lightweight concrete block",Mass Evenly Distributed,Steel or other lightweight siding,12.75 - 15.0,C7,No Value
"8"" Lightweight concrete block",Mass Evenly Distributed,Steel or other lightweight siding,15.0 - 17.5,C7,No Value
"8"" Lightweight concrete block",Mass Evenly Distributed,Steel or other lightweight siding,17.5 - 20.0,C7,No Value
"8"" Lightweight concrete block",Mass Evenly Distributed,Steel or other lightweight siding,20.0 - 23.0,C7,No Value
"8"" Lightweight concrete block",Mass Evenly Distributed,Steel or other lightweight siding,23.0 - 27.0,C7,No Value
"8"" Lightweight concrete block",Mass Evenly Distributed,Face brick,0.0 - 2.0,C7,No Value
"8"" Lightweight concrete block",Mass Evenly Distributed,Face brick,2.0 - 2.5,C7,No Value
"8"" Lightweight concrete block",Mass Evenly Distributed,Face brick,2.5 - 3.0,C7,No Value
"8"" Lightweight concrete block",Mass Evenly Distributed,Face brick,3.0 - 3.5,C7,10
"8"" Lightweight concrete block",Mass Evenly Distributed,Face brick,3.5 - 4.0,C7,10
"8"" Lightweight concrete block",Mass Evenly Distributed,Face brick,4.0 - 4.75,C7,10
"8"" Lightweight concrete block",Mass Evenly Distributed,Face brick,4.75 - 5.5,C7,10
"8"" Lightweight concrete block",Mass Evenly Distributed,Face brick,5.5 - 6.5,C7,11
"8"" Lightweight concrete block",Mass Evenly Distributed,Face brick,6.5 - 7.75,C7,16
"8"" Lightweight concrete block",Mass Evenly Distributed,Face brick,7.75 - 9.0,C7,15
"8"" Lightweight concrete block",Mass Evenly Distributed,Face brick,9.0 - 10.75,C7,16
"8"" Lightweight concrete block",Mass Evenly Distributed,Face brick,10.75 - 12.75,C7,16
"8"" Lightweight concrete block",Mass Evenly Distributed,Face brick,12.75 - 15.0,C7,No Value
"8"" Lightweight concrete block",Mass Evenly Distributed,Face brick,15.0 - 17.5,C7,No Value
"8"" Lightweight concrete block",Mass Evenly Distributed,Face brick,17.5 - 20.0,C7,No Value
"8"" Lightweight concrete block",Mass Evenly Distributed,Face brick,20.0 - 23.0,C7,No Value
"8"" Lightweight concrete block",Mass Evenly Distributed,Face brick,23.0 - 27.0,C7,No Value
"8"" Lightweight concrete block",Mass Located Outside Insulation,Stucco and/or Plaster,0.0 - 2.0,C7,No Value
"8"" Lightweight concrete block",Mass Located Outside Insulation,Stucco and/or Plaster,2.0 - 2.5,C7,No Value
"8"" Lightweight concrete block",Mass Located Outside Insulation,Stucco and/or Plaster,2.5 - 3.0,C7,No Value
"8"" Lightweight concrete block",Mass Located Outside Insulation,Stucco and/or Plaster,3.0 - 3.5,C7,No Value
"8"" Lightweight concrete block",Mass Located Outside Insulation,Stucco and/or Plaster,3.5 - 4.0,C7,4
"8"" Lightweight concrete block",Mass Located Outside Insulation,Stucco and/or Plaster,4.0 - 4.75,C7,4
"8"" Lightweight concrete block",Mass Located Outside Insulation,Stucco and/or Plaster,4.75 - 5.5,C7,5
"8"" Lightweight concrete block",Mass Located Outside Insulation,Stucco and/or Plaster,5.5 - 6.5,C7,5
"8"" Lightweight concrete block",Mass Located Outside Insulation,Stucco and/or Plaster,6.5 - 7.75,C7,5
"8"" Lightweight concrete block",Mass Located Outside Insulation,Stucco and/or Plaster,7.75 - 9.0,C7,10
"8"" Lightweight concrete block",Mass Located Outside Insulation,Stucco and/or Plaster,9.0 - 10.75,C7,10
"8"" Lightweight concrete block",Mass Located Outside Insulation,Stucco and/or Plaster,10.75 - 12.75,C7,10
"8"" Lightweight concrete block",Mass Located Outside Insulation,Stucco and/or Plaster,12.75 - 15.0,C7,10
"8"" Lightweight concrete block",Mass Located Outside Insulation,Stucco and/or Plaster,15.0 - 17.5,C7,10
"8"" Lightweight concrete block",Mass Located Outside Insulation,Stucco and/or Plaster,17.5 - 20.0,C7,10
"8"" Lightweight concrete block",Mass Located Outside Insulation,Stucco and/or Plaster,20.0 - 23.0,C7,10
"8"" Lightweight concrete block",Mass Located Outside Insulation,Stucco and/or Plaster,23.0 - 27.0,C7,15
"8"" Lightweight concrete block",Mass Located Outside Insulation,Steel or other lightweight siding,0.0 - 2.0,C7,No Value
"8"" Lightweight concrete block",Mass Located Outside Insulation,Steel or other lightweight siding,2.0 - 2.5,C7,No Value
"8"" Lightweight concrete block",Mass Located Outside Insulation,Steel or other lightweight siding,2.5 - 3.0,C7,No Value
"8"" Lightweight concrete block",Mass Located Outside Insulation,Steel or other lightweight siding,3.0 - 3.5,C7,No Value
"8"" Lightweight concrete block",Mass Located Outside Insulation,Steel or other lightweight siding,3.5 - 4.0,C7,2
"8"" Lightweight concrete block",Mass Located Outside Insulation,Steel or other lightweight siding,4.0 - 4.75,C7,3
"8"" Lightweight concrete block",Mass Located Outside Insulation,Steel or other lightweight siding,4.75 - 5.5,C7,4
"8"" Lightweight concrete block",Mass Located Outside Insulation,Steel or other lightweight siding,5.5 - 6.5,C7,4
"8"" Lightweight concrete block",Mass Located Outside Insulation,Steel or other lightweight siding,6.5 - 7.75,C7,5
"8"" Lightweight concrete block",Mass Located Outside Insulation,Steel or other lightweight siding,7.75 - 9.0,C7,5
"8"" Lightweight concrete block",Mass Located Outside Insulation,Steel or other lightweight siding,9.0 - 10.75,C7,5
"8"" Lightweight concrete block",Mass Located Outside Insulation,Steel or other lightweight siding,10.75 - 12.75,C7,5
"8"" Lightweight concrete block",Mass Located Outside Insulation,Steel or other lightweight siding,12.75 - 15.0,C7,5
"8"" Lightweight concrete block",Mass Located Outside Insulation,Steel or other lightweight siding,15.0 - 17.5,C7,9
"8"" Lightweight concrete block",Mass Located Outside Insulation,Steel or other lightweight siding,17.5 - 20.0,C7,9
"8"" Lightweight concrete block",Mass Located Outside Insulation,Steel or other lightweight siding,20.0 - 23.0,C7,10
"8"" Lightweight concrete block",Mass Located Outside Insulation,Steel or other lightweight siding,23.0 - 27.0,C7,10
"8"" Lightweight concrete block",Mass Located Outside Insulation,Face brick,0.0 - 2.0,C7,No Value
"8"" Lightweight concrete block",Mass Located Outside Insulation,Face brick,2.0 - 2.5,C7,No Value
"8"" Lightweight concrete block",Mass Located Outside Insulation,Face brick,2.5 - 3.0,C7,No Value
"8"" Lightweight concrete block",Mass Located Outside Insulation,Face brick,3.0 - 3.5,C7,No Value
"8"" Lightweight concrete block",Mass Located Outside Insulation,Face brick,3.5 - 4.0,C7,No Value
"8"" Lightweight concrete block",Mass Located Outside Insulation,Face brick,4.0 - 4.75,C7,10
"8"" Lightweight concrete block",Mass Located Outside Insulation,Face brick,4.75 - 5.5,C7,11
"8"" Lightweight concrete block",Mass Located Outside Insulation,Face brick,5.5 - 6.5,C7,15
"8"" Lightweight concrete block",Mass Located Outside Insulation,Face brick,6.5 - 7.75,C7,16
"8"" Lightweight concrete block",Mass Located Outside Insulation,Face brick,7.75 - 9.0,C7,16
"8"" Lightweight concrete block",Mass Located Outside Insulation,Face brick,9.0 - 10.75,C7,16
"8"" Lightweight concrete block",Mass Located Outside Insulation,Face brick,10.75 - 12.75,C7,16
"8"" Lightweight concrete block",Mass Located Outside Insulation,Face brick,12.75 - 15.0,C7,16
"8"" Lightweight concrete block",Mass Located Outside Insulation,Face brick,15.0 - 17.5,C7,16
"8"" Lightweight concrete block",Mass Located Outside Insulation,Face brick,17.5 - 20.0,C7,No Value
"8"" Lightweight concrete block",Mass Located Outside Insulation,Face brick,20.0 - 23.0,C7,No Value
"8"" Lightweight concrete block",Mass Located Outside Insulation,Face brick,23.0 - 27.0,C7,No Value
"8"" Lightweight concrete block (filled)",Mass Located Inside Insulation,Stucco and/or Plaster,0.0 - 2.0,C17,No Value
"8"" Lightweight concrete block (filled)",Mass Located Inside Insulation,Stucco and/or Plaster,2.0 - 2.5,C17,No Value
"8"" Lightweight concrete block (filled)",Mass Located Inside Insulation,Stucco and/or Plaster,2.5 - 3.0,C17,No Value
"8"" Lightweight concrete block (filled)",Mass Located Inside Insulation,Stucco and/or Plaster,3.0 - 3.5,C17,No Value
"8"" Lightweight concrete block (filled)",Mass Located Inside Insulation,Stucco and/or Plaster,3.5 - 4.0,C17,No Value
"8"" Lightweight concrete block (filled)",Mass Located Inside Insulation,Stucco and/or Plaster,4.0 - 4.75,C17,No Value
"8"" Lightweight concrete block (filled)",Mass Located Inside Insulation,Stucco and/or Plaster,4.75 - 5.5,C17,No Value
"8"" Lightweight concrete block (filled)",Mass Located Inside Insulation,Stucco and/or Plaster,5.5 - 6.5,C17,No Value
"8"" Lightweight concrete block (filled)",Mass Located Inside Insulation,Stucco and/or Plaster,6.5 - 7.75,C17,No Value
"8"" Lightweight concrete block (filled)",Mass Located Inside Insulation,Stucco and/or Plaster,7.75 - 9.0,C17,No Value
"8"" Lightweight concrete block (filled)",Mass Located Inside Insulation,Stucco and/or Plaster,9.0 - 10.75,C17,4
"8"" Lightweight concrete block (filled)",Mass Located Inside Insulation,Stucco and/or Plaster,10.75 - 12.75,C17,4
"8"" Lightweight concrete block (filled)",Mass Located Inside Insulation,Stucco and/or Plaster,12.75 - 15.0,C17,9
"8"" Lightweight concrete block (filled)",Mass Located Inside Insulation,Stucco and/or Plaster,15.0 - 17.5,C17,10
"8"" Lightweight concrete block (filled)",Mass Located Inside Insulation,Stucco and/or Plaster,17.5 - 20.0,C17,10
"8"" Lightweight concrete block (filled)",Mass Located Inside Insulation,Stucco and/or Plaster,20.0 - 23.0,C17,10
"8"" Lightweight concrete block (filled)",Mass Located Inside Insulation,Stucco and/or Plaster,23.0 - 27.0,C17,15
"8"" Lightweight concrete block (filled)",Mass Located Inside Insulation,Steel or other lightweight siding,0.0 - 2.0,C17,No Value
"8"" Lightweight concrete block (filled)",Mass Located Inside Insulation,Steel or other lightweight siding,2.0 - 2.5,C17,No Value
"8"" Lightweight concrete block (filled)",Mass Located Inside Insulation,Steel or other lightweight siding,2.5 - 3.0,C17,No Value
"8"" Lightweight concrete block (filled)",Mass Located Inside Insulation,Steel or other lightweight siding,3.0 - 3.5,C17,No Value
"8"" Lightweight concrete block (filled)",Mass Located Inside Insulation,Steel or other lightweight siding,3.5 - 4.0,C17,No Value
"8"" Lightweight concrete block (filled)",Mass Located Inside Insulation,Steel or other lightweight siding,4.0 - 4.75,C17,No Value
"8"" Lightweight concrete block (filled)",Mass Located Inside Insulation,Steel or other lightweight siding,4.75 - 5.5,C17,No Value
"8"" Lightweight concrete block (filled)",Mass Located Inside Insulation,Steel or other lightweight siding,5.5 - 6.5,C17,No Value
"8"" Lightweight concrete block (filled)",Mass Located Inside Insulation,Steel or other lightweight siding,6.5 - 7.75,C17,No Value
"8"" Lightweight concrete block (filled)",Mass Located Inside Insulation,Steel or other lightweight siding,7.75 - 9.0,C17,No Value
"8"" Lightweight concrete block (filled)",Mass Located Inside Insulation,Steel or other lightweight siding,9.0 - 10.75,C17,4
"8"" Lightweight concrete block (filled)",Mass Located Inside Insulation,Steel or other lightweight siding,10.75 - 12.75,C17,4
"8"" Lightweight concrete block (filled)",Mass Located Inside Insulation,Steel or other lightweight siding,12.75 - 15.0,C17,5
"8"" Lightweight concrete block (filled)",Mass Located Inside Insulation,Steel or other lightweight siding,15.0 - 17.5,C17,9
"8"" Lightweight concrete block (filled)",Mass Located Inside Insulation,Steel or other lightweight siding,17.5 - 20.0,C17,10
"8"" Lightweight concrete block (filled)",Mass Located Inside Insulation,Steel or other lightweight siding,20.0 - 23.0,C17,10
"8"" Lightweight concrete block (filled)",Mass Located Inside Insulation,Steel or other lightweight siding,23.0 - 27.0,C17,11
"8"" Lightweight concrete block (filled)",Mass Located Inside Insulation,Face brick,0.0 - 2.0,C17,No Value
"8"" Lightweight concrete block (filled)",Mass Located Inside Insulation,Face brick,2.0 - 2.5,C17,No Value
"8"" Lightweight concrete block (filled)",Mass Located Inside Insulation,Face brick,2.5 - 3.0,C17,No Value
"8"" Lightweight concrete block (filled)",Mass Located Inside Insulation,Face brick,3.0 - 3.5,C17,No Value
"8"" Lightweight concrete block (filled)",Mass Located Inside Insulation,Face brick,3.5 - 4.0,C17,No Value
"8"" Lightweight concrete block (filled)",Mass Located Inside Insulation,Face brick,4.0 - 4.75,C17,No Value
"8"" Lightweight concrete block (filled)",Mass Located Inside Insulation,Face brick,4.75 - 5.5,C17,No Value
"8"" Lightweight concrete block (filled)",Mass Located Inside Insulation,Face brick,5.5 - 6.5,C17,No Value
"8"" Lightweight concrete block (filled)",Mass Located Inside Insulation,Face brick,6.5 - 7.75,C17,No Value
"8"" Lightweight concrete block (filled)",Mass Located Inside Insulation,Face brick,7.75 - 9.0,C17,No Value
"8"" Lightweight concrete block (filled)",Mass Located Inside Insulation,Face brick,9.0 - 10.75,C17,16
"8"" Lightweight concrete block (filled)",Mass Located Inside Insulation,Face brick,10.75 - 12.75,C17,16
"8"" Lightweight concrete block (filled)",Mass Located Inside Insulation,Face brick,12.75 - 15.0,C17,No Value
"8"" Lightweight concrete block (filled)",Mass Located Inside Insulation,Face brick,15.0 - 17.5,C17,No Value
"8"" Lightweight concrete block (filled)",Mass Located Inside Insulation,Face brick,17.5 - 20.0,C17,No Value
"8"" Lightweight concrete block (filled)",Mass Located Inside Insulation,Face brick,20.0 - 23.0,C17,No Value
"8"" Lightweight concrete block (filled)",Mass Located Inside Insulation,Face brick,23.0 - 27.0,C17,No Value
"8"" Lightweight concrete block (filled)",Mass Evenly Distributed,Stucco and/or Plaster,0.0 - 2.0,C17,No Value
"8"" Lightweight concrete block (filled)",Mass Evenly Distributed,Stucco and/or Plaster,2.0 - 2.5,C17,No Value
"8"" Lightweight concrete block (filled)",Mass Evenly Distributed,Stucco and/or Plaster,2.5 - 3.0,C17,No Value
"8"" Lightweight concrete block (filled)",Mass Evenly Distributed,Stucco and/or Plaster,3.0 - 3.5,C17,No Value
"8"" Lightweight concrete block (filled)",Mass Evenly Distributed,Stucco and/or Plaster,3.5 - 4.0,C17,No Value
"8"" Lightweight concrete block (filled)",Mass Evenly Distributed,Stucco and/or Plaster,4.0 - 4.75,C17,No Value
"8"" Lightweight concrete block (filled)",Mass Evenly Distributed,Stucco and/or Plaster,4.75 - 5.5,C17,No Value
"8"" Lightweight concrete block (filled)",Mass Evenly Distributed,Stucco and/or Plaster,5.5 - 6.5,C17,No Value
"8"" Lightweight concrete block (filled)",Mass Evenly Distributed,Stucco and/or Plaster,6.5 - 7.75,C17,No Value
"8"" Lightweight concrete block (filled)",Mass Evenly Distributed,Stucco and/or Plaster,7.75 - 9.0,C17,No Value
"8"" Lightweight concrete block (filled)",Mass Evenly Distributed,Stucco and/or Plaster,9.0 - 10.75,C17,4
"8"" Lightweight concrete block (filled)",Mass Evenly Distributed,Stucco and/or Plaster,10.75 - 12.75,C17,4
"8"" Lightweight concrete block (filled)",Mass Evenly Distributed,Stucco and/or Plaster,12.75 - 15.0,C17,No Value
"8"" Lightweight concrete block (filled)",Mass Evenly Distributed,Stucco and/or Plaster,15.0 - 17.5,C17,No Value
"8"" Lightweight concrete block (filled)",Mass Evenly Distributed,Stucco and/or Plaster,17.5 - 20.0,C17,No Value
"8"" Lightweight concrete block (filled)",Mass Evenly Distributed,Stucco and/or Plaster,20.0 - 23.0,C17,No Value
"8"" Lightweight concrete block (filled)",Mass Evenly Distributed,Stucco and/or Plaster,23.0 - 27.0,C17,No Value
"8"" Lightweight concrete block (filled)",Mass Evenly Distributed,Steel or other lightweight siding,0.0 - 2.0,C17,No Value
"8"" Lightweight concrete block (filled)",Mass Evenly Distributed,Steel or other lightweight siding,2.0 - 2.5,C17,No Value
"8"" Lightweight concrete block (filled)",Mass Evenly Distributed,Steel or other lightweight siding,2.5 - 3.0,C17,No Value
"8"" Lightweight concrete block (filled)",Mass Evenly Distributed,Steel or other lightweight siding,3.0 - 3.5,C17,No Value
"8"" Lightweight concrete block (filled)",Mass Evenly Distributed,Steel or other lightweight siding,3.5 - 4.0,C17,No Value
"8"" Lightweight concrete block (filled)",Mass Evenly Distributed,Steel or other lightweight siding,4.0 - 4.75,C17,No Value
"8"" Lightweight concrete block (filled)",Mass Evenly Distributed,Steel or other lightweight siding,4.75 - 5.5,C17,No Value
"8"" Lightweight concrete block (filled)",Mass Evenly Distributed,Steel or other lightweight siding,5.5 - 6.5,C17,No Value
"8"" Lightweight concrete block (filled)",Mass Evenly Distributed,Steel or other lightweight siding,6.5 - 7.75,C17,No Value
"8"" Lightweight concrete block (filled)",Mass Evenly Distributed,Steel or other lightweight siding,7.75 - 9.0,C17,No Value
"8"" Lightweight concrete block (filled)",Mass Evenly Distributed,Steel or other lightweight siding,9.0 - 10.75,C17,2
"8"" Lightweight concrete block (filled)",Mass Evenly Distributed,Steel or other lightweight siding,10.75 - 12.75,C17,4
"8"" Lightweight concrete block (filled)",Mass Evenly Distributed,Steel or other lightweight siding,12.75 - 15.0,C17,No Value
"8"" Lightweight concrete block (filled)",Mass Evenly Distributed,Steel or other lightweight siding,15.0 - 17.5,C17,No Value
"8"" Lightweight concrete block (filled)",Mass Evenly Distributed,Steel or other lightweight siding,17.5 - 20.0,C17,No Value
"8"" Lightweight concrete block (filled)",Mass Evenly Distributed,Steel or other lightweight siding,20.0 - 23.0,C17,No Value
"8"" Lightweight concrete block (filled)",Mass Evenly Distributed,Steel or other lightweight siding,23.0 - 27.0,C17,No Value
"8"" Lightweight concrete block (filled)",Mass Evenly Distributed,Face brick,0.0 - 2.0,C17,No Value
"8"" Lightweight concrete block (filled)",Mass Evenly Distributed,Face brick,2.0 - 2.5,C17,No Value
"8"" Lightweight concrete block (filled)",Mass Evenly Distributed,Face brick,2.5 - 3.0,C17,No Value
"8"" Lightweight concrete block (filled)",Mass Evenly Distributed,Face brick,3.0 - 3.5,C17,No Value
"8"" Lightweight concrete block (filled)",Mass Evenly Distributed,Face brick,3.5 - 4.0,C17,No Value
"8"" Lightweight concrete block (filled)",Mass Evenly Distributed,Face brick,4.0 - 4.75,C17,No Value
"8"" Lightweight concrete block (filled)",Mass Evenly Distributed,Face brick,4.75 - 5.5,C17,No Value
"8"" Lightweight concrete block (filled)",Mass Evenly Distributed,Face brick,5.5 - 6.5,C17,No Value
"8"" Lightweight concrete block (filled)",Mass Evenly Distributed,Face brick,6.5 - 7.75,C17,No Value
"8"" Lightweight concrete block (filled)",Mass Evenly Distributed,Face brick,7.75 - 9.0,C17,No Value
"8"" Lightweight concrete block (filled)",Mass Evenly Distributed,Face brick,9.0 - 10.75,C17,10
"8"" Lightweight concrete block (filled)",Mass Evenly Distributed,Face brick,10.75 - 12.75,C17,15
"8"" Lightweight concrete block (filled)",Mass Evenly Distributed,Face brick,12.75 - 15.0,C17,15
"8"" Lightweight concrete block (filled)",Mass Evenly Distributed,Face brick,15.0 - 17.5,C17,16
"8"" Lightweight concrete block (filled)",Mass Evenly Distributed,Face brick,17.5 - 20.0,C17,16
"8"" Lightweight concrete block (filled)",Mass Evenly Distributed,Face brick,20.0 - 23.0,C17,No Value
"8"" Lightweight concrete block (filled)",Mass Evenly Distributed,Face brick,23.0 - 27.0,C17,No Value
"8"" Lightweight concrete block (filled)",Mass Located Outside Insulation,Stucco and/or Plaster,0.0 - 2.0,C17,No Value
"8"" Lightweight concrete block (filled)",Mass Located Outside Insulation,Stucco and/or Plaster,2.0 - 2.5,C17,No Value
"8"" Lightweight concrete block (filled)",Mass Located Outside Insulation,Stucco and/or Plaster,2.5 - 3.0,C17,No Value
"8"" Lightweight concrete block (filled)",Mass Located Outside Insulation,Stucco and/or Plaster,3.0 - 3.5,C17,No Value
"8"" Lightweight concrete block (filled)",Mass Located Outside Insulation,Stucco and/or Plaster,3.5 - 4.0,C17,No Value
"8"" Lightweight concrete block (filled)",Mass Located Outside Insulation,Stucco and/or Plaster,4.0 - 4.75,C17,No Value
"8"" Lightweight concrete block (filled)",Mass Located Outside Insulation,Stucco and/or Plaster,4.75 - 5.5,C17,No Value
"8"" Lightweight concrete block (filled)",Mass Located Outside Insulation,Stucco and/or Plaster,5.5 - 6.5,C17,No Value
"8"" Lightweight concrete block (filled)",Mass Located Outside Insulation,Stucco and/or Plaster,6.5 - 7.75,C17,No Value
"8"" Lightweight concrete block (filled)",Mass Located Outside Insulation,Stucco and/or Plaster,7.75 - 9.0,C17,No Value
"8"" Lightweight concrete block (filled)",Mass Located Outside Insulation,Stucco and/or Plaster,9.0 - 10.75,C17,4
"8"" Lightweight concrete block (filled)",Mass Located Outside Insulation,Stucco and/or Plaster,10.75 - 12.75,C17,9
"8"" Lightweight concrete block (filled)",Mass Located Outside Insulation,Stucco and/or Plaster,12.75 - 15.0,C17,9
"8"" Lightweight concrete block (filled)",Mass Located Outside Insulation,Stucco and/or Plaster,15.0 - 17.5,C17,10
"8"" Lightweight concrete block (filled)",Mass Located Outside Insulation,Stucco and/or Plaster,17.5 - 20.0,C17,10
"8"" Lightweight concrete block (filled)",Mass Located Outside Insulation,Stucco and/or Plaster,20.0 - 23.0,C17,15
"8"" Lightweight concrete block (filled)",Mass Located Outside Insulation,Stucco and/or Plaster,23.0 - 27.0,C17,15
"8"" Lightweight concrete block (filled)",Mass Located Outside Insulation,Steel or other lightweight siding,0.0 - 2.0,C17,No Value
"8"" Lightweight concrete block (filled)",Mass Located Outside Insulation,Steel or other lightweight siding,2.0 - 2.5,C17,No Value
"8"" Lightweight concrete block (filled)",Mass Located Outside Insulation,Steel or other lightweight siding,2.5 - 3.0,C17,No Value
"8"" Lightweight concrete block (filled)",Mass Located Outside Insulation,Steel or other lightweight siding,3.0 - 3.5,C17,No Value
"8"" Lightweight concrete block (filled)",Mass Located Outside Insulation,Steel or other lightweight siding,3.5 - 4.0,C17,No Value
"8"" Lightweight concrete block (filled)",Mass Located Outside Insulation,Steel or other lightweight siding,4.0 - 4.75,C17,No Value
"8"" Lightweight concrete block (filled)",Mass Located Outside Insulation,Steel or other lightweight siding,4.75 - 5.5,C17,No Value
"8"" Lightweight concrete block (filled)",Mass Located Outside Insulation,Steel or other lightweight siding,5.5 - 6.5,C17,No Value
"8"" Lightweight concrete block (filled)",Mass Located Outside Insulation,Steel or other lightweight siding,6.5 - 7.75,C17,No Value
"8"" Lightweight concrete block (filled)",Mass Located Outside Insulation,Steel or other lightweight siding,7.75 - 9.0,C17,No Value
"8"" Lightweight concrete block (filled)",Mass Located Outside Insulation,Steel or other lightweight siding,9.0 - 10.75,C17,4
"8"" Lightweight concrete block (filled)",Mass Located Outside Insulation,Steel or other lightweight siding,10.75 - 12.75,C17,4
"8"" Lightweight concrete block (filled)",Mass Located Outside Insulation,Steel or other lightweight siding,12.75 - 15.0,C17,5
"8"" Lightweight concrete block (filled)",Mass Located Outside Insulation,Steel or other lightweight siding,15.0 - 17.5,C17,9
"8"" Lightweight concrete block (filled)",Mass Located Outside Insulation,Steel or other lightweight siding,17.5 - 20.0,C17,10
"8"" Lightweight concrete block (filled)",Mass Located Outside Insulation,Steel or other lightweight siding,20.0 - 23.0,C17,10
"8"" Lightweight concrete block (filled)",Mass Located Outside Insulation,Steel or other lightweight siding,23.0 - 27.0,C17,10
"8"" Lightweight concrete block (filled)",Mass Located Outside Insulation,Face brick,0.0 - 2.0,C17,No Value
"8"" Lightweight concrete block (filled)",Mass Located Outside Insulation,Face brick,2.0 - 2.5,C17,No Value
"8"" Lightweight concrete block (filled)",Mass Located Outside Insulation,Face brick,2.5 - 3.0,C17,No Value
"8"" Lightweight concrete block (filled)",Mass Located Outside Insulation,Face brick,3.0 - 3.5,C17,No Value
"8"" Lightweight concrete block (filled)",Mass Located Outside Insulation,Face brick,3.5 - 4.0,C17,No Value
"8"" Lightweight concrete block (filled)",Mass Located Outside Insulation,Face brick,4.0 - 4.75,C17,No Value
"8"" Lightweight concrete block (filled)",Mass Located Outside Insulation,Face brick,4.75 - 5.5,C17,No Value
"8"" Lightweight concrete block (filled)",Mass Located Outside Insulation,Face brick,5.5 - 6.5,C17,No Value
"8"" Lightweight concrete block (filled)",Mass Located Outside Insulation,Face brick,6.5 - 7.75,C17,No Value
"8"" Lightweight concrete block (filled)",Mass Located Outside Insulation,Face brick,7.75 - 9.0,C17,No Value
"8"" Lightweight concrete block (filled)",Mass Located Outside Insulation,Face brick,9.0 - 10.75,C17,15
"8"" Lightweight concrete block (filled)",Mass Located Outside Insulation,Face brick,10.75 - 12.75,C17,15
"8"" Lightweight concrete block (filled)",Mass Located Outside Insulation,Face brick,12.75 - 15.0,C17,15
"8"" Lightweight concrete block (filled)",Mass Located Outside Insulation,Face brick,15.0 - 17.5,C17,No Value
"8"" Lightweight concrete block (filled)",Mass Located Outside Insulation,Face brick,17.5 - 20.0,C17,No Value
"8"" Lightweight concrete block (filled)",Mass Located Outside Insulation,Face brick,20.0 - 23.0,C17,No Value
"8"" Lightweight concrete block (filled)",Mass Located Outside Insulation,Face brick,23.0 - 27.0,C17,No Value
