units,type,fpm,mps,ls,cfm,nc,cfmOut,velocity,velText,link,p8,p102,p10,p13,p16,p19,p22,p25,p28,p31,p34,p37,p40,p43,p46,p49,p52,p55,p58,p61,p64,p67,p70,p73,p76,p79,p82,p85,p88,p91,p94,p97,p104,p106,p108,p110,p112,p114,p116,p118,p120,p122,p124,p126,p128,p130,p132,p134,p136,p138,p140,p142,p144,p146,p148,p150,p152,p154
US,Return Grille,250,,,40,,40,250,,http://www.grilletechinc.com/products/residential/returnairgrilles.html,1,0,2,5,8,11,14,17,20,23,26,29,32,35,38,41,44,47,50,53,56,59,62,65,68,71,74,77,80,83,86,89,#ERROR,#ERROR,#ERROR,#ERROR,#ERROR,#ERROR,#ERROR,#ERROR,#ERROR,#ERROR,#ERROR,#ERROR,#ERROR,#ERROR,#ERROR,#ERROR,#ERROR,#ERROR,#ERROR,#ERROR,#ERROR,#ERROR,#ERROR,#ERROR,#ERROR,#ERROR
US,Return Grille,250,,,40,30,40,250,,http://www.grilletechinc.com/products/residential/returnairgrilles.html,1,0,2,5,8,11,14,17,20,23,26,29,32,35,38,41,44,47,50,53,56,59,62,65,68,71,74,77,80,83,86,89,#ERROR,#ERROR,#ERROR,#ERROR,#ERROR,#ERROR,#ERROR,#ERROR,#ERROR,#ERROR,#ERROR,#ERROR,#ERROR,#ERROR,#ERROR,#ERROR,#ERROR,#ERROR,#ERROR,#ERROR,#ERROR,#ERROR,#ERROR,#ERROR,#ERROR,#ERROR
US,Return Grille,250,,,55,,55,250,,http://www.grilletechinc.com/products/residential/returnairgrilles.html,1,0,2,5,8,11,14,17,20,23,26,29,32,35,38,41,44,47,50,53,56,59,62,65,68,71,74,77,80,83,86,89,#ERROR,#ERROR,#ERROR,#ERROR,#ERROR,#ERROR,#ERROR,#ERROR,#ERROR,#ERROR,#ERROR,#ERROR,#ERROR,#ERROR,#ERROR,#ERROR,#ERROR,#ERROR,#ERROR,#ERROR,#ERROR,#ERROR,#ERROR,#ERROR,#ERROR,#ERROR
US,Return Grille,250,,,55,30,55,250,,http://www.grilletechinc.com/products/residential/returnairgrilles.html,1,0,2,5,8,11,14,17,20,23,26,29,32,35,38,41,44,47,50,53,56,59,62,65,68,71,74,77,80,83,86,89,#ERROR,#ERROR,#ERROR,#ERROR,#ERROR,#ERROR,#ERROR,#ERROR,#ERROR,#ERROR,#ERROR,#ERROR,#ERROR,#ERROR,#ERROR,#ERROR,#ERROR,#ERROR,#ERROR,#ERROR,#ERROR,#ERROR,#ERROR,#ERROR,#ERROR,#ERROR
US,Return Grille,250,,,150,,150,250,,http://www.grilletechinc.com/products/residential/returnairgrilles.html,1,0,2,5,8,11,14,17,20,23,26,29,32,35,38,41,44,47,50,53,56,59,62,65,68,71,74,77,80,83,86,89,#ERROR,#ERROR,#ERROR,#ERROR,#ERROR,#ERROR,#ERROR,#ERROR,#ERROR,#ERROR,#ERROR,#ERROR,#ERROR,#ERROR,#ERROR,#ERROR,#ERROR,#ERROR,#ERROR,#ERROR,#ERROR,#ERROR,#ERROR,#ERROR,#ERROR,#ERROR
US,Return Grille,250,,,150,30,150,250,,http://www.grilletechinc.com/products/residential/returnairgrilles.html,1,0,2,5,8,11,14,17,20,23,26,29,32,35,38,41,44,47,50,53,56,59,62,65,68,71,74,77,80,83,86,89,#ERROR,#ERROR,#ERROR,#ERROR,#ERROR,#ERROR,#ERROR,#ERROR,#ERROR,#ERROR,#ERROR,#ERROR,#ERROR,#ERROR,#ERROR,#ERROR,#ERROR,#ERROR,#ERROR,#ERROR,#ERROR,#ERROR,#ERROR,#ERROR,#ERROR,#ERROR
US,Return Grille,250,,,400,,400,250,,http://www.grilletechinc.com/products/residential/returnairgrilles.html,1,0,2,5,8,11,14,17,20,23,26,29,32,35,38,41,44,47,50,53,56,59,62,65,68,71,74,77,80,83,86,89,#ERROR,#ERROR,#ERROR,#ERROR,#ERROR,#ERROR,#ERROR,#ERROR,#ERROR,#ERROR,#ERROR,#ERROR,#ERROR,#ERROR,#ERROR,#ERROR,#ERROR,#ERROR,#ERROR,#ERROR,#ERROR,#ERROR,#ERROR,#ERROR,#ERROR,#ERROR
US,Return Grille,250,,,400,30,400,250,,http://www.grilletechinc.com/products/residential/returnairgrilles.html,1,0,2,5,8,11,14,17,20,23,26,29,32,35,38,41,44,47,50,53,56,59,62,65,68,71,74,77,80,83,86,89,#ERROR,#ERROR,#ERROR,#ERROR,#ERROR,#ERROR,#ERROR,#ERROR,#ERROR,#ERROR,#ERROR,#ERROR,#ERROR,#ERROR,#ERROR,#ERROR,#ERROR,#ERROR,#ERROR,#ERROR,#ERROR,#ERROR,#ERROR,#ERROR,#ERROR,#ERROR
US,Return Grille,250,,,900,,900,250,,http://www.grilletechinc.com/products/residential/returnairgrilles.html,1,0,2,5,8,11,14,17,20,23,26,29,32,35,38,41,44,47,50,53,56,59,62,65,68,71,74,77,80,83,86,89,#ERROR,#ERROR,#ERROR,#ERROR,#ERROR,#ERROR,#ERROR,#ERROR,#ERROR,#ERROR,#ERROR,#ERROR,#ERROR,#ERROR,#ERROR,#ERROR,#ERROR,#ERROR,#ERROR,#ERROR,#ERROR,#ERROR,#ERROR,#ERROR,#ERROR,#ERROR
US,Return Grille,250,,,900,30,900,250,,http://www.grilletechinc.com/products/residential/returnairgrilles.html,1,0,2,5,8,11,14,17,20,23,26,29,32,35,38,41,44,47,50,53,56,59,62,65,68,71,74,77,80,83,86,89,#ERROR,#ERROR,#ERROR,#ERROR,#ERROR,#ERROR,#ERROR,#ERROR,#ERROR,#ERROR,#ERROR,#ERROR,#ERROR,#ERROR,#ERROR,#ERROR,#ERROR,#ERROR,#ERROR,#ERROR,#ERROR,#ERROR,#ERROR,#ERROR,#ERROR,#ERROR
US,Return Grille,250,,,1500,,1500,250,,http://www.grilletechinc.com/products/residential/returnairgrilles.html,1,0,2,5,8,11,14,17,20,23,26,29,32,35,38,41,44,47,50,53,56,59,62,65,68,71,74,77,80,83,86,89,#ERROR,#ERROR,#ERROR,#ERROR,#ERROR,#ERROR,#ERROR,#ERROR,#ERROR,#ERROR,#ERROR,#ERROR,#ERROR,#ERROR,#ERROR,#ERROR,#ERROR,#ERROR,#ERROR,#ERROR,#ERROR,#ERROR,#ERROR,#ERROR,#ERROR,#ERROR
US,Return Grille,250,,,1500,30,1500,250,,http://www.grilletechinc.com/products/residential/returnairgrilles.html,1,0,2,5,8,11,14,17,20,23,26,29,32,35,38,41,44,47,50,53,56,59,62,65,68,71,74,77,80,83,86,89,#ERROR,#ERROR,#ERROR,#ERROR,#ERROR,#ERROR,#ERROR,#ERROR,#ERROR,#ERROR,#ERROR,#ERROR,#ERROR,#ERROR,#ERROR,#ERROR,#ERROR,#ERROR,#ERROR,#ERROR,#ERROR,#ERROR,#ERROR,#ERROR,#ERROR,#ERROR
US,Return Grille,250,,,3000,,3000,250,,http://www.grilletechinc.com/products/residential/returnairgrilles.html,1,0,2,5,8,11,14,17,20,23,26,29,32,35,38,41,44,47,50,53,56,59,62,65,68,71,74,77,80,83,86,89,#ERROR,#ERROR,#ERROR,#ERROR,#ERROR,#ERROR,#ERROR,#ERROR,#ERROR,#ERROR,#ERROR,#ERROR,#ERROR,#ERROR,#ERROR,#ERROR,#ERROR,#ERROR,#ERROR,#ERROR,#ERROR,#ERROR,#ERROR,#ERROR,#ERROR,#ERROR
US,Return Grille,250,,,3000,30,3000,250,,http://www.grilletechinc.com/products/residential/returnairgrilles.html,1,0,2,5,8,11,14,17,20,23,26,29,32,35,38,41,44,47,50,53,56,59,62,65,68,71,74,77,80,83,86,89,#ERROR,#ERROR,#ERROR,#ERROR,#ERROR,#ERROR,#ERROR,#ERROR,#ERROR,#ERROR,#ERROR,#ERROR,#ERROR,#ERROR,#ERROR,#ERROR,#ERROR,#ERROR,#ERROR,#ERROR,#ERROR,#ERROR,#ERROR,#ERROR,#ERROR,#ERROR
US,Return Grille,300,,,40,,40,300,,http://www.grilletechinc.com/products/residential/returnairgrilles.html,1,0,2,5,8,11,14,17,20,23,26,29,32,35,38,41,44,47,50,53,56,59,62,65,68,71,74,77,80,83,86,89,0,2,2,2,2,2,2,2,2,2,2,2,2,2,2,2,2,2,2,2,2,2,2,2,2,2
US,Return Grille,300,,,40,30,40,300,,http://www.grilletechinc.com/products/residential/returnairgrilles.html,1,0,2,5,8,11,14,17,20,23,26,29,32,35,38,41,44,47,50,53,56,59,62,65,68,71,74,77,80,83,86,89,0,2,2,2,2,2,2,2,2,2,2,2,2,2,2,2,2,2,2,2,2,2,2,2,2,2
US,Return Grille,300,,,55,,55,300,,http://www.grilletechinc.com/products/residential/returnairgrilles.html,1,0,2,5,8,11,14,17,20,23,26,29,32,35,38,41,44,47,50,53,56,59,62,65,68,71,74,77,80,83,86,89,1,2,2,2,2,2,2,2,2,2,2,2,2,2,2,2,2,2,2,2,2,2,2,2,2,2
US,Return Grille,300,,,55,30,55,300,,http://www.grilletechinc.com/products/residential/returnairgrilles.html,1,0,2,5,8,11,14,17,20,23,26,29,32,35,38,41,44,47,50,53,56,59,62,65,68,71,74,77,80,83,86,89,1,2,2,2,2,2,2,2,2,2,2,2,2,2,2,2,2,2,2,2,2,2,2,2,2,2
US,Return Grille,300,,,150,,150,300,,http://www.grilletechinc.com/products/residential/returnairgrilles.html,1,0,2,5,8,11,14,17,20,23,26,29,32,35,38,41,44,47,50,53,56,59,62,65,68,71,74,77,80,83,86,89,1,1,1,1,1,1,1,2,2,0,2,2,2,2,2,2,2,2,2,2,2,2,2,2,2,2
US,Return Grille,300,,,150,30,150,300,,http://www.grilletechinc.com/products/residential/returnairgrilles.html,1,0,2,5,8,11,14,17,20,23,26,29,32,35,38,41,44,47,50,53,56,59,62,65,68,71,74,77,80,83,86,89,1,1,1,1,1,1,1,2,2,0,2,2,2,2,2,2,2,2,2,2,2,2,2,2,2,2
US,Return Grille,300,,,400,,400,300,,http://www.grilletechinc.com/products/residential/returnairgrilles.html,1,0,2,5,8,11,14,17,20,23,26,29,32,35,38,41,44,47,50,53,56,59,62,65,68,71,74,77,80,83,86,89,1,1,1,1,1,1,1,1,1,1,1,1,1,0,2,2,2,2,2,2,2,2,2,2,2,2
US,Return Grille,300,,,400,30,400,300,,http://www.grilletechinc.com/products/residential/returnairgrilles.html,1,0,2,5,8,11,14,17,20,23,26,29,32,35,38,41,44,47,50,53,56,59,62,65,68,71,74,77,80,83,86,89,1,1,1,1,1,1,1,1,1,1,1,1,1,0,2,2,2,2,2,2,2,2,2,2,2,2
US,Return Grille,300,,,900,,900,300,,http://www.grilletechinc.com/products/residential/returnairgrilles.html,1,0,2,5,8,11,14,17,20,23,26,29,32,35,38,41,44,47,50,53,56,59,62,65,68,71,74,77,80,83,86,89,1,1,1,1,1,1,1,1,1,1,1,1,1,1,1,0,1,1,1,2,0,2,2,2,2,2
US,Return Grille,300,,,900,30,900,300,,http://www.grilletechinc.com/products/residential/returnairgrilles.html,1,0,2,5,8,11,14,17,20,23,26,29,32,35,38,41,44,47,50,53,56,59,62,65,68,71,74,77,80,83,86,89,1,1,1,1,1,1,1,1,1,1,1,1,1,1,1,0,1,1,1,2,0,2,2,2,2,2
US,Return Grille,300,,,1500,,1500,300,,http://www.grilletechinc.com/products/residential/returnairgrilles.html,1,0,2,5,8,11,14,17,20,23,26,29,32,35,38,41,44,47,50,53,56,59,62,65,68,71,74,77,80,83,86,89,1,1,1,1,1,1,1,1,1,1,1,1,1,1,1,1,1,1,1,0,1,1,1,1,2,2
US,Return Grille,300,,,1500,30,1500,300,,http://www.grilletechinc.com/products/residential/returnairgrilles.html,1,0,2,5,8,11,14,17,20,23,26,29,32,35,38,41,44,47,50,53,56,59,62,65,68,71,74,77,80,83,86,89,1,1,1,1,1,1,1,1,1,1,1,1,1,1,1,1,1,1,1,0,1,1,1,1,2,2
US,Return Grille,300,,,3000,,3000,300,,http://www.grilletechinc.com/products/residential/returnairgrilles.html,1,0,2,5,8,11,14,17,20,23,26,29,32,35,38,41,44,47,50,53,56,59,62,65,68,71,74,77,80,83,86,89,1,1,1,1,1,1,1,1,1,1,1,1,1,1,1,1,1,1,1,1,1,1,1,1,1,1
US,Return Grille,300,,,3000,30,3000,300,,http://www.grilletechinc.com/products/residential/returnairgrilles.html,1,0,2,5,8,11,14,17,20,23,26,29,32,35,38,41,44,47,50,53,56,59,62,65,68,71,74,77,80,83,86,89,1,1,1,1,1,1,1,1,1,1,1,1,1,1,1,1,1,1,1,1,1,1,1,1,1,1
US,Return Grille,500,,,40,,40,500,,http://www.grilletechinc.com/products/residential/returnairgrilles.html,1,0,2,5,8,11,14,17,20,23,26,29,32,35,38,41,44,47,50,53,56,59,62,65,68,71,74,77,80,83,86,89,0,2,2,2,2,2,2,2,2,2,2,2,2,2,2,2,2,2,2,2,2,2,2,2,2,2
US,Return Grille,500,,,40,30,40,500,,http://www.grilletechinc.com/products/residential/returnairgrilles.html,1,0,2,5,8,11,14,17,20,23,26,29,32,35,38,41,44,47,50,53,56,59,62,65,68,71,74,77,80,83,86,89,0,2,2,2,2,2,2,2,2,2,2,2,2,2,2,2,2,2,2,2,2,2,3,3,3,3
US,Return Grille,500,,,55,,55,500,,http://www.grilletechinc.com/products/residential/returnairgrilles.html,1,0,2,5,8,11,14,17,20,23,26,29,32,35,38,41,44,47,50,53,56,59,62,65,68,71,74,77,80,83,86,89,0,2,2,2,2,2,2,2,2,2,2,2,2,2,2,2,2,2,2,2,2,2,2,2,2,2
US,Return Grille,500,,,55,30,55,500,,http://www.grilletechinc.com/products/residential/returnairgrilles.html,1,0,2,5,8,11,14,17,20,23,26,29,32,35,38,41,44,47,50,53,56,59,62,65,68,71,74,77,80,83,86,89,0,2,2,2,2,2,2,2,2,2,2,2,2,2,2,2,2,2,2,2,2,2,3,3,3,3
US,Return Grille,500,,,150,,150,500,,http://www.grilletechinc.com/products/residential/returnairgrilles.html,1,0,2,5,8,11,14,17,20,23,26,29,32,35,38,41,44,47,50,53,56,59,62,65,68,71,74,77,80,83,86,89,1,1,1,0,0,0,1,2,2,1,2,2,2,2,2,2,2,2,2,2,2,2,2,2,2,2
US,Return Grille,500,,,150,30,150,500,,http://www.grilletechinc.com/products/residential/returnairgrilles.html,1,0,2,5,8,11,14,17,20,23,26,29,32,35,38,41,44,47,50,53,56,59,62,65,68,71,74,77,80,83,86,89,1,1,1,0,0,0,1,2,2,1,2,2,2,2,2,2,2,2,2,2,2,2,3,3,3,3
US,Return Grille,500,,,400,,400,500,,http://www.grilletechinc.com/products/residential/returnairgrilles.html,1,0,2,5,8,11,14,17,20,23,26,29,32,35,38,41,44,47,50,53,56,59,62,65,68,71,74,77,80,83,86,89,1,1,1,1,1,1,1,1,0,1,0,0,1,1,2,2,2,2,2,2,2,2,2,2,2,2
US,Return Grille,500,,,400,30,400,500,,http://www.grilletechinc.com/products/residential/returnairgrilles.html,1,0,2,5,8,11,14,17,20,23,26,29,32,35,38,41,44,47,50,53,56,59,62,65,68,71,74,77,80,83,86,89,1,1,1,1,1,1,1,1,0,1,0,0,1,1,2,2,2,2,2,2,2,2,3,3,3,3
US,Return Grille,500,,,900,,900,500,,http://www.grilletechinc.com/products/residential/returnairgrilles.html,1,0,2,5,8,11,14,17,20,23,26,29,32,35,38,41,44,47,50,53,56,59,62,65,68,71,74,77,80,83,86,89,1,1,1,1,1,1,1,1,1,1,1,1,1,1,0,1,0,0,1,2,1,2,2,2,2,2
US,Return Grille,500,,,900,30,900,500,,http://www.grilletechinc.com/products/residential/returnairgrilles.html,1,0,2,5,8,11,14,17,20,23,26,29,32,35,38,41,44,47,50,53,56,59,62,65,68,71,74,77,80,83,86,89,1,1,1,1,1,1,1,1,1,1,1,1,1,1,0,1,0,0,1,2,1,2,3,3,3,3
US,Return Grille,500,,,1500,,1500,500,,http://www.grilletechinc.com/products/residential/returnairgrilles.html,1,0,2,5,8,11,14,17,20,23,26,29,32,35,38,41,44,47,50,53,56,59,62,65,68,71,74,77,80,83,86,89,1,1,1,1,1,1,1,1,1,1,1,1,1,1,1,0,1,1,0,0,0,0,1,1,2,2
US,Return Grille,500,,,1500,30,1500,500,,http://www.grilletechinc.com/products/residential/returnairgrilles.html,1,0,2,5,8,11,14,17,20,23,26,29,32,35,38,41,44,47,50,53,56,59,62,65,68,71,74,77,80,83,86,89,1,1,1,1,1,1,1,1,1,1,1,1,1,1,1,0,1,1,0,0,0,0,2,2,3,3
US,Return Grille,500,,,3000,,3000,500,,http://www.grilletechinc.com/products/residential/returnairgrilles.html,1,0,2,5,8,11,14,17,20,23,26,29,32,35,38,41,44,47,50,53,56,59,62,65,68,71,74,77,80,83,86,89,1,1,1,1,1,1,1,1,1,1,1,1,1,1,1,1,1,1,1,1,1,1,0,0,0,0
US,Return Grille,500,,,3000,30,3000,500,,http://www.grilletechinc.com/products/residential/returnairgrilles.html,1,0,2,5,8,11,14,17,20,23,26,29,32,35,38,41,44,47,50,53,56,59,62,65,68,71,74,77,80,83,86,89,1,1,1,1,1,1,1,1,1,1,1,1,1,1,1,1,1,1,1,1,1,1,1,1,1,1
US,Return Grille,650,,,40,,40,650,,http://www.grilletechinc.com/products/residential/returnairgrilles.html,1,0,2,5,8,11,14,17,20,23,26,29,32,35,38,41,44,47,50,53,56,59,62,65,68,71,74,77,80,83,86,89,0,2,2,2,2,2,2,2,2,2,2,2,2,2,2,2,2,2,2,2,2,2,2,2,2,2
US,Return Grille,650,,,40,30,40,650,,http://www.grilletechinc.com/products/residential/returnairgrilles.html,1,0,2,5,8,11,14,17,20,23,26,29,32,35,38,41,44,47,50,53,56,59,62,65,68,71,74,77,80,83,86,89,0,2,2,2,2,2,2,2,2,2,2,2,2,2,3,3,2,3,3,3,3,3,3,3,3,3
US,Return Grille,650,,,55,,55,650,,http://www.grilletechinc.com/products/residential/returnairgrilles.html,1,0,2,5,8,11,14,17,20,23,26,29,32,35,38,41,44,47,50,53,56,59,62,65,68,71,74,77,80,83,86,89,0,2,2,2,2,2,2,2,2,2,2,2,2,2,2,2,2,2,2,2,2,2,2,2,2,2
US,Return Grille,650,,,55,30,55,650,,http://www.grilletechinc.com/products/residential/returnairgrilles.html,1,0,2,5,8,11,14,17,20,23,26,29,32,35,38,41,44,47,50,53,56,59,62,65,68,71,74,77,80,83,86,89,0,2,2,2,2,2,2,2,2,2,2,2,2,2,3,3,2,3,3,3,3,3,3,3,3,3
US,Return Grille,650,,,150,,150,650,,http://www.grilletechinc.com/products/residential/returnairgrilles.html,1,0,2,5,8,11,14,17,20,23,26,29,32,35,38,41,44,47,50,53,56,59,62,65,68,71,74,77,80,83,86,89,1,1,0,0,0,0,1,2,2,1,2,2,2,2,2,2,2,2,2,2,2,2,2,2,2,2
US,Return Grille,650,,,150,30,150,650,,http://www.grilletechinc.com/products/residential/returnairgrilles.html,1,0,2,5,8,11,14,17,20,23,26,29,32,35,38,41,44,47,50,53,56,59,62,65,68,71,74,77,80,83,86,89,1,1,0,0,0,0,1,2,2,1,2,2,2,2,3,3,2,3,3,3,3,3,3,3,3,3
US,Return Grille,650,,,400,,400,650,,http://www.grilletechinc.com/products/residential/returnairgrilles.html,1,0,2,5,8,11,14,17,20,23,26,29,32,35,38,41,44,47,50,53,56,59,62,65,68,71,74,77,80,83,86,89,1,1,1,1,1,1,1,0,0,1,0,0,1,1,2,2,2,2,2,2,2,2,2,2,2,2
US,Return Grille,650,,,400,30,400,650,,http://www.grilletechinc.com/products/residential/returnairgrilles.html,1,0,2,5,8,11,14,17,20,23,26,29,32,35,38,41,44,47,50,53,56,59,62,65,68,71,74,77,80,83,86,89,1,1,1,1,1,1,1,0,0,1,0,0,1,1,3,3,2,3,3,3,3,3,3,3,3,3
US,Return Grille,650,,,900,,900,650,,http://www.grilletechinc.com/products/residential/returnairgrilles.html,1,0,2,5,8,11,14,17,20,23,26,29,32,35,38,41,44,47,50,53,56,59,62,65,68,71,74,77,80,83,86,89,1,1,1,1,1,1,1,1,1,1,1,1,0,0,0,1,0,0,1,2,1,2,2,2,2,2
US,Return Grille,650,,,900,30,900,650,,http://www.grilletechinc.com/products/residential/returnairgrilles.html,1,0,2,5,8,11,14,17,20,23,26,29,32,35,38,41,44,47,50,53,56,59,62,65,68,71,74,77,80,83,86,89,1,1,1,1,1,1,1,1,1,1,1,1,0,0,1,2,0,1,2,3,2,3,3,3,3,3
US,Return Grille,650,,,1500,,1500,650,,http://www.grilletechinc.com/products/residential/returnairgrilles.html,1,0,2,5,8,11,14,17,20,23,26,29,32,35,38,41,44,47,50,53,56,59,62,65,68,71,74,77,80,83,86,89,1,1,1,1,1,1,1,1,1,1,1,1,1,1,0,0,1,0,0,0,0,0,1,1,2,2
US,Return Grille,650,,,1500,30,1500,650,,http://www.grilletechinc.com/products/residential/returnairgrilles.html,1,0,2,5,8,11,14,17,20,23,26,29,32,35,38,41,44,47,50,53,56,59,62,65,68,71,74,77,80,83,86,89,1,1,1,1,1,1,1,1,1,1,1,1,1,1,1,1,1,1,1,1,1,1,2,2,3,3
US,Return Grille,650,,,3000,,3000,650,,http://www.grilletechinc.com/products/residential/returnairgrilles.html,1,0,2,5,8,11,14,17,20,23,26,29,32,35,38,41,44,47,50,53,56,59,62,65,68,71,74,77,80,83,86,89,1,1,1,1,1,1,1,1,1,1,1,1,1,1,1,1,1,1,1,0,1,0,0,0,0,0
US,Return Grille,650,,,3000,30,3000,650,,http://www.grilletechinc.com/products/residential/returnairgrilles.html,1,0,2,5,8,11,14,17,20,23,26,29,32,35,38,41,44,47,50,53,56,59,62,65,68,71,74,77,80,83,86,89,1,1,1,1,1,1,1,1,1,1,1,1,1,1,2,2,1,2,2,1,2,1,1,1,1,1
US,Return Grille,1000,,,40,,40,1000,,http://www.grilletechinc.com/products/residential/returnairgrilles.html,1,0,2,5,8,11,14,17,20,23,26,29,32,35,38,41,44,47,50,53,56,59,62,65,68,71,74,77,80,83,86,89,0,2,2,2,2,2,2,2,2,2,2,2,2,2,2,2,2,2,2,2,2,2,2,2,2,2
US,Return Grille,1000,,,40,30,40,1000,,http://www.grilletechinc.com/products/residential/returnairgrilles.html,1,0,2,5,8,11,14,17,20,23,26,29,32,35,38,41,44,47,50,53,56,59,62,65,68,71,74,77,80,83,86,89,0,2,2,3,2,3,3,3,3,3,3,3,3,3,3,3,3,3,3,3,3,3,3,3,3,3
US,Return Grille,1000,,,55,,55,1000,,http://www.grilletechinc.com/products/residential/returnairgrilles.html,1,0,2,5,8,11,14,17,20,23,26,29,32,35,38,41,44,47,50,53,56,59,62,65,68,71,74,77,80,83,86,89,0,2,2,2,2,2,2,2,2,2,2,2,2,2,2,2,2,2,2,2,2,2,2,2,2,2
US,Return Grille,1000,,,55,30,55,1000,,http://www.grilletechinc.com/products/residential/returnairgrilles.html,1,0,2,5,8,11,14,17,20,23,26,29,32,35,38,41,44,47,50,53,56,59,62,65,68,71,74,77,80,83,86,89,0,2,2,3,2,3,3,3,3,3,3,3,3,3,3,3,3,3,3,3,3,3,3,3,3,3
US,Return Grille,1000,,,150,,150,1000,,http://www.grilletechinc.com/products/residential/returnairgrilles.html,1,0,2,5,8,11,14,17,20,23,26,29,32,35,38,41,44,47,50,53,56,59,62,65,68,71,74,77,80,83,86,89,0,0,0,0,0,0,1,2,2,1,2,2,2,2,2,2,2,2,2,2,2,2,2,2,2,2
US,Return Grille,1000,,,150,30,150,1000,,http://www.grilletechinc.com/products/residential/returnairgrilles.html,1,0,2,5,8,11,14,17,20,23,26,29,32,35,38,41,44,47,50,53,56,59,62,65,68,71,74,77,80,83,86,89,0,0,0,1,0,1,2,3,3,2,3,3,3,3,3,3,3,3,3,3,3,3,3,3,3,3
US,Return Grille,1000,,,400,,400,1000,,http://www.grilletechinc.com/products/residential/returnairgrilles.html,1,0,2,5,8,11,14,17,20,23,26,29,32,35,38,41,44,47,50,53,56,59,62,65,68,71,74,77,80,83,86,89,1,1,1,1,1,0,0,0,0,0,0,0,1,1,2,2,2,2,2,2,2,2,2,2,2,2
US,Return Grille,1000,,,400,30,400,1000,,http://www.grilletechinc.com/products/residential/returnairgrilles.html,1,0,2,5,8,11,14,17,20,23,26,29,32,35,38,41,44,47,50,53,56,59,62,65,68,71,74,77,80,83,86,89,1,1,1,2,1,1,1,1,1,1,1,1,2,2,3,3,3,3,3,3,3,3,3,3,3,3
US,Return Grille,1000,,,900,,900,1000,,http://www.grilletechinc.com/products/residential/returnairgrilles.html,1,0,2,5,8,11,14,17,20,23,26,29,32,35,38,41,44,47,50,53,56,59,62,65,68,71,74,77,80,83,86,89,1,1,1,1,1,1,1,1,0,1,1,0,0,0,0,1,0,0,1,2,1,2,2,2,2,2
US,Return Grille,1000,,,900,30,900,1000,,http://www.grilletechinc.com/products/residential/returnairgrilles.html,1,0,2,5,8,11,14,17,20,23,26,29,32,35,38,41,44,47,50,53,56,59,62,65,68,71,74,77,80,83,86,89,1,1,1,2,1,2,2,2,1,2,2,1,1,1,1,2,1,1,2,3,2,3,3,3,3,3
US,Return Grille,1000,,,1500,,1500,1000,,http://www.grilletechinc.com/products/residential/returnairgrilles.html,1,0,2,5,8,11,14,17,20,23,26,29,32,35,38,41,44,47,50,53,56,59,62,65,68,71,74,77,80,83,86,89,1,1,1,1,1,1,1,1,1,1,1,1,0,1,0,0,0,0,0,0,0,0,1,1,2,2
US,Return Grille,1000,,,1500,30,1500,1000,,http://www.grilletechinc.com/products/residential/returnairgrilles.html,1,0,2,5,8,11,14,17,20,23,26,29,32,35,38,41,44,47,50,53,56,59,62,65,68,71,74,77,80,83,86,89,1,1,1,2,1,2,2,2,2,2,2,2,1,2,1,1,1,1,1,1,1,1,2,2,3,3
US,Return Grille,1000,,,3000,,3000,1000,,http://www.grilletechinc.com/products/residential/returnairgrilles.html,1,0,2,5,8,11,14,17,20,23,26,29,32,35,38,41,44,47,50,53,56,59,62,65,68,71,74,77,80,83,86,89,1,1,1,1,1,1,1,1,1,1,1,1,1,1,1,1,1,1,0,0,0,0,0,0,0,0
US,Return Grille,1000,,,3000,30,3000,1000,,http://www.grilletechinc.com/products/residential/returnairgrilles.html,1,0,2,5,8,11,14,17,20,23,26,29,32,35,38,41,44,47,50,53,56,59,62,65,68,71,74,77,80,83,86,89,1,1,1,2,1,2,2,2,2,2,2,2,2,2,2,2,2,2,1,1,1,1,1,1,1,1
Metric,Return Grille,,1.2,20,,,42,236.220472,(236 FPM),http://www.grilletechinc.com/products/residential/returnairgrilles.html,1,0,2,5,8,11,14,17,20,23,26,29,32,35,38,41,44,47,50,53,56,59,62,65,68,71,74,77,80,83,86,89,#ERROR,#ERROR,#ERROR,#ERROR,#ERROR,#ERROR,#ERROR,#ERROR,#ERROR,#ERROR,#ERROR,#ERROR,#ERROR,#ERROR,#ERROR,#ERROR,#ERROR,#ERROR,#ERROR,#ERROR,#ERROR,#ERROR,#ERROR,#ERROR,#ERROR,#ERROR
Metric,Return Grille,,1.2,100,,,212,236.220472,(236 FPM),http://www.grilletechinc.com/products/residential/returnairgrilles.html,1,0,2,5,8,11,14,17,20,23,26,29,32,35,38,41,44,47,50,53,56,59,62,65,68,71,74,77,80,83,86,89,#ERROR,#ERROR,#ERROR,#ERROR,#ERROR,#ERROR,#ERROR,#ERROR,#ERROR,#ERROR,#ERROR,#ERROR,#ERROR,#ERROR,#ERROR,#ERROR,#ERROR,#ERROR,#ERROR,#ERROR,#ERROR,#ERROR,#ERROR,#ERROR,#ERROR,#ERROR
Metric,Return Grille,,1.2,500,,,1059,236.220472,(236 FPM),http://www.grilletechinc.com/products/residential/returnairgrilles.html,1,0,2,5,8,11,14,17,20,23,26,29,32,35,38,41,44,47,50,53,56,59,62,65,68,71,74,77,80,83,86,89,#ERROR,#ERROR,#ERROR,#ERROR,#ERROR,#ERROR,#ERROR,#ERROR,#ERROR,#ERROR,#ERROR,#ERROR,#ERROR,#ERROR,#ERROR,#ERROR,#ERROR,#ERROR,#ERROR,#ERROR,#ERROR,#ERROR,#ERROR,#ERROR,#ERROR,#ERROR
Metric,Return Grille,,2.5,20,,,42,492.125984,(492 FPM),http://www.grilletechinc.com/products/residential/returnairgrilles.html,1,0,2,5,8,11,14,17,20,23,26,29,32,35,38,41,44,47,50,53,56,59,62,65,68,71,74,77,80,83,86,89,0,2,2,2,2,2,2,2,2,2,2,2,2,2,2,2,2,2,2,2,2,2,2,2,2,2
Metric,Return Grille,,2.5,100,,,212,492.125984,(492 FPM),http://www.grilletechinc.com/products/residential/returnairgrilles.html,1,0,2,5,8,11,14,17,20,23,26,29,32,35,38,41,44,47,50,53,56,59,62,65,68,71,74,77,80,83,86,89,1,1,1,1,1,0,0,1,2,0,1,2,2,2,2,2,2,2,2,2,2,2,2,2,2,2
Metric,Return Grille,,2.5,500,,,1059,492.125984,(492 FPM),http://www.grilletechinc.com/products/residential/returnairgrilles.html,1,0,2,5,8,11,14,17,20,23,26,29,32,35,38,41,44,47,50,53,56,59,62,65,68,71,74,77,80,83,86,89,1,1,1,1,1,1,1,1,1,1,1,1,1,1,1,0,1,0,1,2,1,2,2,2,2,2
Metric,Return Grille,,3,20,,,42,590.551181,(591 FPM),http://www.grilletechinc.com/products/residential/returnairgrilles.html,1,0,2,5,8,11,14,17,20,23,26,29,32,35,38,41,44,47,50,53,56,59,62,65,68,71,74,77,80,83,86,89,0,2,2,2,2,2,2,2,2,2,2,2,2,2,2,2,2,2,2,2,2,2,2,2,2,2
Metric,Return Grille,,3,100,,,212,590.551181,(591 FPM),http://www.grilletechinc.com/products/residential/returnairgrilles.html,1,0,2,5,8,11,14,17,20,23,26,29,32,35,38,41,44,47,50,53,56,59,62,65,68,71,74,77,80,83,86,89,1,1,1,0,1,0,0,1,2,0,1,2,2,2,2,2,2,2,2,2,2,2,2,2,2,2
Metric,Return Grille,,3,500,,,1059,590.551181,(591 FPM),http://www.grilletechinc.com/products/residential/returnairgrilles.html,1,0,2,5,8,11,14,17,20,23,26,29,32,35,38,41,44,47,50,53,56,59,62,65,68,71,74,77,80,83,86,89,1,1,1,1,1,1,1,1,1,1,1,1,1,1,0,0,0,0,1,2,1,2,2,2,2,2
Metric,Return Grille,,5.2,20,,,42,1023.622047,(1024 FPM),http://www.grilletechinc.com/products/residential/returnairgrilles.html,1,0,2,5,8,11,14,17,20,23,26,29,32,35,38,41,44,47,50,53,56,59,62,65,68,71,74,77,80,83,86,89,0,2,2,2,2,2,2,2,2,2,2,2,2,2,2,2,2,2,2,2,2,2,2,2,2,2
Metric,Return Grille,,5.2,100,,,212,1023.622047,(1024 FPM),http://www.grilletechinc.com/products/residential/returnairgrilles.html,1,0,2,5,8,11,14,17,20,23,26,29,32,35,38,41,44,47,50,53,56,59,62,65,68,71,74,77,80,83,86,89,1,1,0,0,0,0,0,1,2,0,1,2,2,2,2,2,2,2,2,2,2,2,2,2,2,2
Metric,Return Grille,,5.2,500,,,1059,1023.622047,(1024 FPM),http://www.grilletechinc.com/products/residential/returnairgrilles.html,1,0,2,5,8,11,14,17,20,23,26,29,32,35,38,41,44,47,50,53,56,59,62,65,68,71,74,77,80,83,86,89,1,1,1,1,1,1,1,1,0,1,1,1,0,0,0,0,0,0,1,2,1,2,2,2,2,2
US,"Supply: 1-Way Curved Blade, Louvered Face",250,,,40,,40,250,,http://www.grilletechinc.com/products/commercial/curvedbladeceilingsupply.html,0,1,#ERROR,#ERROR,#ERROR,#ERROR,#ERROR,#ERROR,#ERROR,#ERROR,#ERROR,#ERROR,#ERROR,#ERROR,#ERROR,#ERROR,#ERROR,#ERROR,#ERROR,#ERROR,#ERROR,#ERROR,#ERROR,#ERROR,#ERROR,#ERROR,#ERROR,#ERROR,#ERROR,#ERROR,#ERROR,#ERROR,2,4,6,8,10,12,14,16,18,20,22,24,26,28,30,32,34,36,38,40,42,44,46,48,50,52
US,"Supply: 1-Way Curved Blade, Louvered Face",250,,,40,30,40,250,,http://www.grilletechinc.com/products/commercial/curvedbladeceilingsupply.html,0,1,#ERROR,#ERROR,#ERROR,#ERROR,#ERROR,#ERROR,#ERROR,#ERROR,#ERROR,#ERROR,#ERROR,#ERROR,#ERROR,#ERROR,#ERROR,#ERROR,#ERROR,#ERROR,#ERROR,#ERROR,#ERROR,#ERROR,#ERROR,#ERROR,#ERROR,#ERROR,#ERROR,#ERROR,#ERROR,#ERROR,2,4,6,8,10,12,14,16,18,20,22,24,26,28,30,32,34,36,38,40,42,44,46,48,50,52
US,"Supply: 1-Way Curved Blade, Louvered Face",250,,,55,,55,250,,http://www.grilletechinc.com/products/commercial/curvedbladeceilingsupply.html,0,1,#ERROR,#ERROR,#ERROR,#ERROR,#ERROR,#ERROR,#ERROR,#ERROR,#ERROR,#ERROR,#ERROR,#ERROR,#ERROR,#ERROR,#ERROR,#ERROR,#ERROR,#ERROR,#ERROR,#ERROR,#ERROR,#ERROR,#ERROR,#ERROR,#ERROR,#ERROR,#ERROR,#ERROR,#ERROR,#ERROR,2,4,6,8,10,12,14,16,18,20,22,24,26,28,30,32,34,36,38,40,42,44,46,48,50,52
US,"Supply: 1-Way Curved Blade, Louvered Face",250,,,55,30,55,250,,http://www.grilletechinc.com/products/commercial/curvedbladeceilingsupply.html,0,1,#ERROR,#ERROR,#ERROR,#ERROR,#ERROR,#ERROR,#ERROR,#ERROR,#ERROR,#ERROR,#ERROR,#ERROR,#ERROR,#ERROR,#ERROR,#ERROR,#ERROR,#ERROR,#ERROR,#ERROR,#ERROR,#ERROR,#ERROR,#ERROR,#ERROR,#ERROR,#ERROR,#ERROR,#ERROR,#ERROR,2,4,6,8,10,12,14,16,18,20,22,24,26,28,30,32,34,36,38,40,42,44,46,48,50,52
US,"Supply: 1-Way Curved Blade, Louvered Face",250,,,150,,150,250,,http://www.grilletechinc.com/products/commercial/curvedbladeceilingsupply.html,0,1,#ERROR,#ERROR,#ERROR,#ERROR,#ERROR,#ERROR,#ERROR,#ERROR,#ERROR,#ERROR,#ERROR,#ERROR,#ERROR,#ERROR,#ERROR,#ERROR,#ERROR,#ERROR,#ERROR,#ERROR,#ERROR,#ERROR,#ERROR,#ERROR,#ERROR,#ERROR,#ERROR,#ERROR,#ERROR,#ERROR,2,4,6,8,10,12,14,16,18,20,22,24,26,28,30,32,34,36,38,40,42,44,46,48,50,52
US,"Supply: 1-Way Curved Blade, Louvered Face",250,,,150,30,150,250,,http://www.grilletechinc.com/products/commercial/curvedbladeceilingsupply.html,0,1,#ERROR,#ERROR,#ERROR,#ERROR,#ERROR,#ERROR,#ERROR,#ERROR,#ERROR,#ERROR,#ERROR,#ERROR,#ERROR,#ERROR,#ERROR,#ERROR,#ERROR,#ERROR,#ERROR,#ERROR,#ERROR,#ERROR,#ERROR,#ERROR,#ERROR,#ERROR,#ERROR,#ERROR,#ERROR,#ERROR,2,4,6,8,10,12,14,16,18,20,22,24,26,28,30,32,34,36,38,40,42,44,46,48,50,52
US,"Supply: 1-Way Curved Blade, Louvered Face",250,,,400,,400,250,,http://www.grilletechinc.com/products/commercial/curvedbladeceilingsupply.html,0,1,#ERROR,#ERROR,#ERROR,#ERROR,#ERROR,#ERROR,#ERROR,#ERROR,#ERROR,#ERROR,#ERROR,#ERROR,#ERROR,#ERROR,#ERROR,#ERROR,#ERROR,#ERROR,#ERROR,#ERROR,#ERROR,#ERROR,#ERROR,#ERROR,#ERROR,#ERROR,#ERROR,#ERROR,#ERROR,#ERROR,2,4,6,8,10,12,14,16,18,20,22,24,26,28,30,32,34,36,38,40,42,44,46,48,50,52
US,"Supply: 1-Way Curved Blade, Louvered Face",250,,,400,30,400,250,,http://www.grilletechinc.com/products/commercial/curvedbladeceilingsupply.html,0,1,#ERROR,#ERROR,#ERROR,#ERROR,#ERROR,#ERROR,#ERROR,#ERROR,#ERROR,#ERROR,#ERROR,#ERROR,#ERROR,#ERROR,#ERROR,#ERROR,#ERROR,#ERROR,#ERROR,#ERROR,#ERROR,#ERROR,#ERROR,#ERROR,#ERROR,#ERROR,#ERROR,#ERROR,#ERROR,#ERROR,2,4,6,8,10,12,14,16,18,20,22,24,26,28,30,32,34,36,38,40,42,44,46,48,50,52
US,"Supply: 1-Way Curved Blade, Louvered Face",250,,,900,,900,250,,http://www.grilletechinc.com/products/commercial/curvedbladeceilingsupply.html,0,1,#ERROR,#ERROR,#ERROR,#ERROR,#ERROR,#ERROR,#ERROR,#ERROR,#ERROR,#ERROR,#ERROR,#ERROR,#ERROR,#ERROR,#ERROR,#ERROR,#ERROR,#ERROR,#ERROR,#ERROR,#ERROR,#ERROR,#ERROR,#ERROR,#ERROR,#ERROR,#ERROR,#ERROR,#ERROR,#ERROR,2,4,6,8,10,12,14,16,18,20,22,24,26,28,30,32,34,36,38,40,42,44,46,48,50,52
US,"Supply: 1-Way Curved Blade, Louvered Face",250,,,900,30,900,250,,http://www.grilletechinc.com/products/commercial/curvedbladeceilingsupply.html,0,1,#ERROR,#ERROR,#ERROR,#ERROR,#ERROR,#ERROR,#ERROR,#ERROR,#ERROR,#ERROR,#ERROR,#ERROR,#ERROR,#ERROR,#ERROR,#ERROR,#ERROR,#ERROR,#ERROR,#ERROR,#ERROR,#ERROR,#ERROR,#ERROR,#ERROR,#ERROR,#ERROR,#ERROR,#ERROR,#ERROR,2,4,6,8,10,12,14,16,18,20,22,24,26,28,30,32,34,36,38,40,42,44,46,48,50,52
US,"Supply: 1-Way Curved Blade, Louvered Face",250,,,1500,,1500,250,,http://www.grilletechinc.com/products/commercial/curvedbladeceilingsupply.html,0,1,#ERROR,#ERROR,#ERROR,#ERROR,#ERROR,#ERROR,#ERROR,#ERROR,#ERROR,#ERROR,#ERROR,#ERROR,#ERROR,#ERROR,#ERROR,#ERROR,#ERROR,#ERROR,#ERROR,#ERROR,#ERROR,#ERROR,#ERROR,#ERROR,#ERROR,#ERROR,#ERROR,#ERROR,#ERROR,#ERROR,2,4,6,8,10,12,14,16,18,20,22,24,26,28,30,32,34,36,38,40,42,44,46,48,50,52
US,"Supply: 1-Way Curved Blade, Louvered Face",250,,,1500,30,1500,250,,http://www.grilletechinc.com/products/commercial/curvedbladeceilingsupply.html,0,1,#ERROR,#ERROR,#ERROR,#ERROR,#ERROR,#ERROR,#ERROR,#ERROR,#ERROR,#ERROR,#ERROR,#ERROR,#ERROR,#ERROR,#ERROR,#ERROR,#ERROR,#ERROR,#ERROR,#ERROR,#ERROR,#ERROR,#ERROR,#ERROR,#ERROR,#ERROR,#ERROR,#ERROR,#ERROR,#ERROR,2,4,6,8,10,12,14,16,18,20,22,24,26,28,30,32,34,36,38,40,42,44,46,48,50,52
US,"Supply: 1-Way Curved Blade, Louvered Face",250,,,3000,,3000,250,,http://www.grilletechinc.com/products/commercial/curvedbladeceilingsupply.html,0,1,#ERROR,#ERROR,#ERROR,#ERROR,#ERROR,#ERROR,#ERROR,#ERROR,#ERROR,#ERROR,#ERROR,#ERROR,#ERROR,#ERROR,#ERROR,#ERROR,#ERROR,#ERROR,#ERROR,#ERROR,#ERROR,#ERROR,#ERROR,#ERROR,#ERROR,#ERROR,#ERROR,#ERROR,#ERROR,#ERROR,2,4,6,8,10,12,14,16,18,20,22,24,26,28,30,32,34,36,38,40,42,44,46,48,50,52
US,"Supply: 1-Way Curved Blade, Louvered Face",250,,,3000,30,3000,250,,http://www.grilletechinc.com/products/commercial/curvedbladeceilingsupply.html,0,1,#ERROR,#ERROR,#ERROR,#ERROR,#ERROR,#ERROR,#ERROR,#ERROR,#ERROR,#ERROR,#ERROR,#ERROR,#ERROR,#ERROR,#ERROR,#ERROR,#ERROR,#ERROR,#ERROR,#ERROR,#ERROR,#ERROR,#ERROR,#ERROR,#ERROR,#ERROR,#ERROR,#ERROR,#ERROR,#ERROR,2,4,6,8,10,12,14,16,18,20,22,24,26,28,30,32,34,36,38,40,42,44,46,48,50,52
US,"Supply: 1-Way Curved Blade, Louvered Face",300,,,40,,40,300,,http://www.grilletechinc.com/products/commercial/curvedbladeceilingsupply.html,0,1,0,2,2,2,2,2,2,2,2,2,2,2,2,2,2,2,2,2,5,8,11,14,17,20,23,26,29,32,35,38,2,4,6,8,10,12,14,16,18,20,22,24,26,28,30,32,34,36,38,40,42,44,46,48,50,52
US,"Supply: 1-Way Curved Blade, Louvered Face",300,,,40,30,40,300,,http://www.grilletechinc.com/products/commercial/curvedbladeceilingsupply.html,0,1,0,2,2,2,2,2,2,2,2,2,2,2,2,2,2,2,2,2,5,8,11,14,17,20,23,26,29,32,35,38,2,4,6,8,10,12,14,16,18,20,22,24,26,28,30,32,34,36,38,40,42,44,46,48,50,52
US,"Supply: 1-Way Curved Blade, Louvered Face",300,,,55,,55,300,,http://www.grilletechinc.com/products/commercial/curvedbladeceilingsupply.html,0,1,0,2,2,2,2,2,2,2,2,2,2,2,2,2,2,2,2,2,5,8,11,14,17,20,23,26,29,32,35,38,2,4,6,8,10,12,14,16,18,20,22,24,26,28,30,32,34,36,38,40,42,44,46,48,50,52
US,"Supply: 1-Way Curved Blade, Louvered Face",300,,,55,30,55,300,,http://www.grilletechinc.com/products/commercial/curvedbladeceilingsupply.html,0,1,0,2,2,2,2,2,2,2,2,2,2,2,2,2,2,2,2,2,5,8,11,14,17,20,23,26,29,32,35,38,2,4,6,8,10,12,14,16,18,20,22,24,26,28,30,32,34,36,38,40,42,44,46,48,50,52
US,"Supply: 1-Way Curved Blade, Louvered Face",300,,,150,,150,300,,http://www.grilletechinc.com/products/commercial/curvedbladeceilingsupply.html,0,1,1,1,1,1,1,2,1,2,2,2,2,2,2,2,2,2,2,2,5,8,11,14,17,20,23,26,29,32,35,38,2,4,6,8,10,12,14,16,18,20,22,24,26,28,30,32,34,36,38,40,42,44,46,48,50,52
US,"Supply: 1-Way Curved Blade, Louvered Face",300,,,150,30,150,300,,http://www.grilletechinc.com/products/commercial/curvedbladeceilingsupply.html,0,1,1,1,1,1,1,2,1,2,2,2,2,2,2,2,2,2,2,2,5,8,11,14,17,20,23,26,29,32,35,38,2,4,6,8,10,12,14,16,18,20,22,24,26,28,30,32,34,36,38,40,42,44,46,48,50,52
US,"Supply: 1-Way Curved Blade, Louvered Face",300,,,400,,400,300,,http://www.grilletechinc.com/products/commercial/curvedbladeceilingsupply.html,0,1,1,1,1,1,1,1,1,1,1,1,1,1,2,0,2,2,2,2,5,8,11,14,17,20,23,26,29,32,35,38,2,4,6,8,10,12,14,16,18,20,22,24,26,28,30,32,34,36,38,40,42,44,46,48,50,52
US,"Supply: 1-Way Curved Blade, Louvered Face",300,,,400,30,400,300,,http://www.grilletechinc.com/products/commercial/curvedbladeceilingsupply.html,0,1,1,1,1,1,1,1,1,1,1,1,1,1,2,0,2,2,2,2,5,8,11,14,17,20,23,26,29,32,35,38,2,4,6,8,10,12,14,16,18,20,22,24,26,28,30,32,34,36,38,40,42,44,46,48,50,52
US,"Supply: 1-Way Curved Blade, Louvered Face",300,,,900,,900,300,,http://www.grilletechinc.com/products/commercial/curvedbladeceilingsupply.html,0,1,1,1,1,1,1,1,1,1,1,1,1,1,1,1,1,1,1,2,5,8,11,14,17,20,23,26,29,32,35,38,2,4,6,8,10,12,14,16,18,20,22,24,26,28,30,32,34,36,38,40,42,44,46,48,50,52
US,"Supply: 1-Way Curved Blade, Louvered Face",300,,,900,30,900,300,,http://www.grilletechinc.com/products/commercial/curvedbladeceilingsupply.html,0,1,1,1,1,1,1,1,1,1,1,1,1,1,1,1,1,1,1,2,5,8,11,14,17,20,23,26,29,32,35,38,2,4,6,8,10,12,14,16,18,20,22,24,26,28,30,32,34,36,38,40,42,44,46,48,50,52
US,"Supply: 1-Way Curved Blade, Louvered Face",300,,,1500,,1500,300,,http://www.grilletechinc.com/products/commercial/curvedbladeceilingsupply.html,0,1,1,1,1,1,1,1,1,1,1,1,1,1,1,1,1,1,1,1,1,1,1,1,1,1,1,1,1,1,1,1,2,4,6,8,10,12,14,16,18,20,22,24,26,28,30,32,34,36,38,40,42,44,46,48,50,52
US,"Supply: 1-Way Curved Blade, Louvered Face",300,,,1500,30,1500,300,,http://www.grilletechinc.com/products/commercial/curvedbladeceilingsupply.html,0,1,1,1,1,1,1,1,1,1,1,1,1,1,1,1,1,1,1,1,1,1,1,1,1,1,1,1,1,1,1,1,2,4,6,8,10,12,14,16,18,20,22,24,26,28,30,32,34,36,38,40,42,44,46,48,50,52
US,"Supply: 1-Way Curved Blade, Louvered Face",300,,,3000,,3000,300,,http://www.grilletechinc.com/products/commercial/curvedbladeceilingsupply.html,0,1,1,1,1,1,1,1,1,1,1,1,1,1,1,1,1,1,1,1,4,7,10,13,16,19,22,25,28,31,34,37,2,4,6,8,10,12,14,16,18,20,22,24,26,28,30,32,34,36,38,40,42,44,46,48,50,52
US,"Supply: 1-Way Curved Blade, Louvered Face",300,,,3000,30,3000,300,,http://www.grilletechinc.com/products/commercial/curvedbladeceilingsupply.html,0,1,1,1,1,1,1,1,1,1,1,1,1,1,1,1,1,1,1,1,4,7,10,13,16,19,22,25,28,31,34,37,2,4,6,8,10,12,14,16,18,20,22,24,26,28,30,32,34,36,38,40,42,44,46,48,50,52
US,"Supply: 1-Way Curved Blade, Louvered Face",500,,,40,,40,500,,http://www.grilletechinc.com/products/commercial/curvedbladeceilingsupply.html,0,1,0,2,2,2,2,2,2,2,2,2,2,2,2,2,2,2,2,2,5,8,11,14,17,20,23,26,29,32,35,38,2,4,6,8,10,12,14,16,18,20,22,24,26,28,30,32,34,36,38,40,42,44,46,48,50,52
US,"Supply: 1-Way Curved Blade, Louvered Face",500,,,40,30,40,500,,http://www.grilletechinc.com/products/commercial/curvedbladeceilingsupply.html,0,1,0,2,3,3,3,3,3,3,3,3,3,3,3,3,3,3,3,3,6,9,12,15,18,21,24,27,30,33,36,39,2,4,6,8,10,12,14,16,18,20,22,24,26,28,30,32,34,36,38,40,42,44,46,48,50,52
US,"Supply: 1-Way Curved Blade, Louvered Face",500,,,55,,55,500,,http://www.grilletechinc.com/products/commercial/curvedbladeceilingsupply.html,0,1,0,2,2,2,2,2,2,2,2,2,2,2,2,2,2,2,2,2,5,8,11,14,17,20,23,26,29,32,35,38,2,4,6,8,10,12,14,16,18,20,22,24,26,28,30,32,34,36,38,40,42,44,46,48,50,52
US,"Supply: 1-Way Curved Blade, Louvered Face",500,,,55,30,55,500,,http://www.grilletechinc.com/products/commercial/curvedbladeceilingsupply.html,0,1,0,2,3,3,3,3,3,3,3,3,3,3,3,3,3,3,3,3,6,9,12,15,18,21,24,27,30,33,36,39,2,4,6,8,10,12,14,16,18,20,22,24,26,28,30,32,34,36,38,40,42,44,46,48,50,52
US,"Supply: 1-Way Curved Blade, Louvered Face",500,,,150,,150,500,,http://www.grilletechinc.com/products/commercial/curvedbladeceilingsupply.html,0,1,1,1,1,0,0,2,0,2,2,2,2,2,2,2,2,2,2,2,5,8,11,14,17,20,23,26,29,32,35,38,2,4,6,8,10,12,14,16,18,20,22,24,26,28,30,32,34,36,38,40,42,44,46,48,50,52
US,"Supply: 1-Way Curved Blade, Louvered Face",500,,,150,30,150,500,,http://www.grilletechinc.com/products/commercial/curvedbladeceilingsupply.html,0,1,1,1,2,1,1,3,1,3,3,3,3,3,3,3,3,3,3,3,6,9,12,15,18,21,24,27,30,33,36,39,2,4,6,8,10,12,14,16,18,20,22,24,26,28,30,32,34,36,38,40,42,44,46,48,50,52
US,"Supply: 1-Way Curved Blade, Louvered Face",500,,,400,,400,500,,http://www.grilletechinc.com/products/commercial/curvedbladeceilingsupply.html,0,1,1,1,1,1,1,1,1,1,0,1,0,0,2,1,2,2,2,2,5,8,11,14,17,20,23,26,29,32,35,38,2,4,6,8,10,12,14,16,18,20,22,24,26,28,30,32,34,36,38,40,42,44,46,48,50,52
US,"Supply: 1-Way Curved Blade, Louvered Face",500,,,400,30,400,500,,http://www.grilletechinc.com/products/commercial/curvedbladeceilingsupply.html,0,1,1,1,2,2,2,2,2,2,1,2,1,1,3,2,3,3,3,3,6,9,12,15,18,21,24,27,30,33,36,39,2,4,6,8,10,12,14,16,18,20,22,24,26,28,30,32,34,36,38,40,42,44,46,48,50,52
US,"Supply: 1-Way Curved Blade, Louvered Face",500,,,900,,900,500,,http://www.grilletechinc.com/products/commercial/curvedbladeceilingsupply.html,0,1,1,1,1,1,1,1,1,1,1,1,1,1,1,1,0,0,1,2,5,8,11,14,17,20,23,26,29,32,35,38,2,4,6,8,10,12,14,16,18,20,22,24,26,28,30,32,34,36,38,40,42,44,46,48,50,52
US,"Supply: 1-Way Curved Blade, Louvered Face",500,,,900,30,900,500,,http://www.grilletechinc.com/products/commercial/curvedbladeceilingsupply.html,0,1,1,1,2,2,2,2,2,2,2,2,2,2,2,2,1,1,2,3,6,9,12,15,18,21,24,27,30,33,36,39,2,4,6,8,10,12,14,16,18,20,22,24,26,28,30,32,34,36,38,40,42,44,46,48,50,52
US,"Supply: 1-Way Curved Blade, Louvered Face",500,,,1500,,1500,500,,http://www.grilletechinc.com/products/commercial/curvedbladeceilingsupply.html,0,1,1,1,1,1,1,1,1,1,1,1,1,1,1,1,1,1,0,1,1,1,1,1,1,1,1,1,1,1,1,1,2,4,6,8,10,12,14,16,18,20,22,24,26,28,30,32,34,36,38,40,42,44,46,48,50,52
US,"Supply: 1-Way Curved Blade, Louvered Face",500,,,1500,30,1500,500,,http://www.grilletechinc.com/products/commercial/curvedbladeceilingsupply.html,0,1,1,1,2,2,2,2,2,2,2,2,2,2,2,2,2,2,1,2,2,2,2,2,2,2,2,2,2,2,2,2,2,4,6,8,10,12,14,16,18,20,22,24,26,28,30,32,34,36,38,40,42,44,46,48,50,52
US,"Supply: 1-Way Curved Blade, Louvered Face",500,,,3000,,3000,500,,http://www.grilletechinc.com/products/commercial/curvedbladeceilingsupply.html,0,1,1,1,1,1,1,1,1,1,1,1,1,1,1,1,1,1,1,0,0,0,0,0,0,0,0,0,0,0,0,0,2,4,6,8,10,12,14,16,18,20,22,24,26,28,30,32,34,36,38,40,42,44,46,48,50,52
US,"Supply: 1-Way Curved Blade, Louvered Face",500,,,3000,30,3000,500,,http://www.grilletechinc.com/products/commercial/curvedbladeceilingsupply.html,0,1,1,1,2,2,2,2,2,2,2,2,2,2,2,2,2,2,2,1,1,1,1,1,1,1,1,1,1,1,1,1,2,4,6,8,10,12,14,16,18,20,22,24,26,28,30,32,34,36,38,40,42,44,46,48,50,52
US,"Supply: 1-Way Curved Blade, Louvered Face",650,,,40,,40,650,,http://www.grilletechinc.com/products/commercial/curvedbladeceilingsupply.html,0,1,0,2,2,2,2,2,2,2,2,2,2,2,2,2,2,2,2,2,5,8,11,14,17,20,23,26,29,32,35,38,2,4,6,8,10,12,14,16,18,20,22,24,26,28,30,32,34,36,38,40,42,44,46,48,50,52
US,"Supply: 1-Way Curved Blade, Louvered Face",650,,,40,30,40,650,,http://www.grilletechinc.com/products/commercial/curvedbladeceilingsupply.html,0,1,1,3,3,3,3,3,3,3,3,3,3,3,3,3,3,3,3,3,6,9,12,15,18,21,24,27,30,33,36,39,2,4,6,8,10,12,14,16,18,20,22,24,26,28,30,32,34,36,38,40,42,44,46,48,50,52
US,"Supply: 1-Way Curved Blade, Louvered Face",650,,,55,,55,650,,http://www.grilletechinc.com/products/commercial/curvedbladeceilingsupply.html,0,1,0,2,2,2,2,2,2,2,2,2,2,2,2,2,2,2,2,2,5,8,11,14,17,20,23,26,29,32,35,38,2,4,6,8,10,12,14,16,18,20,22,24,26,28,30,32,34,36,38,40,42,44,46,48,50,52
US,"Supply: 1-Way Curved Blade, Louvered Face",650,,,55,30,55,650,,http://www.grilletechinc.com/products/commercial/curvedbladeceilingsupply.html,0,1,1,3,3,3,3,3,3,3,3,3,3,3,3,3,3,3,3,3,6,9,12,15,18,21,24,27,30,33,36,39,2,4,6,8,10,12,14,16,18,20,22,24,26,28,30,32,34,36,38,40,42,44,46,48,50,52
US,"Supply: 1-Way Curved Blade, Louvered Face",650,,,150,,150,650,,http://www.grilletechinc.com/products/commercial/curvedbladeceilingsupply.html,0,1,1,1,0,0,0,2,0,2,2,2,2,2,2,2,2,2,2,2,5,8,11,14,17,20,23,26,29,32,35,38,2,4,6,8,10,12,14,16,18,20,22,24,26,28,30,32,34,36,38,40,42,44,46,48,50,52
US,"Supply: 1-Way Curved Blade, Louvered Face",650,,,150,30,150,650,,http://www.grilletechinc.com/products/commercial/curvedbladeceilingsupply.html,0,1,2,2,1,1,1,3,1,3,3,3,3,3,3,3,3,3,3,3,6,9,12,15,18,21,24,27,30,33,36,39,2,4,6,8,10,12,14,16,18,20,22,24,26,28,30,32,34,36,38,40,42,44,46,48,50,52
US,"Supply: 1-Way Curved Blade, Louvered Face",650,,,400,,400,650,,http://www.grilletechinc.com/products/commercial/curvedbladeceilingsupply.html,0,1,1,1,1,1,1,0,1,0,0,1,0,0,2,1,2,2,2,2,5,8,11,14,17,20,23,26,29,32,35,38,2,4,6,8,10,12,14,16,18,20,22,24,26,28,30,32,34,36,38,40,42,44,46,48,50,52
US,"Supply: 1-Way Curved Blade, Louvered Face",650,,,400,30,400,650,,http://www.grilletechinc.com/products/commercial/curvedbladeceilingsupply.html,0,1,2,2,2,2,2,1,2,1,1,2,1,1,3,2,3,3,3,3,6,9,12,15,18,21,24,27,30,33,36,39,2,4,6,8,10,12,14,16,18,20,22,24,26,28,30,32,34,36,38,40,42,44,46,48,50,52
US,"Supply: 1-Way Curved Blade, Louvered Face",650,,,900,,900,650,,http://www.grilletechinc.com/products/commercial/curvedbladeceilingsupply.html,0,1,1,1,1,1,1,1,1,1,1,1,1,1,0,1,0,0,1,2,5,8,11,14,17,20,23,26,29,32,35,38,2,4,6,8,10,12,14,16,18,20,22,24,26,28,30,32,34,36,38,40,42,44,46,48,50,52
US,"Supply: 1-Way Curved Blade, Louvered Face",650,,,900,30,900,650,,http://www.grilletechinc.com/products/commercial/curvedbladeceilingsupply.html,0,1,2,2,2,2,2,2,2,2,2,2,2,2,1,2,1,1,2,3,6,9,12,15,18,21,24,27,30,33,36,39,2,4,6,8,10,12,14,16,18,20,22,24,26,28,30,32,34,36,38,40,42,44,46,48,50,52
US,"Supply: 1-Way Curved Blade, Louvered Face",650,,,1500,,1500,650,,http://www.grilletechinc.com/products/commercial/curvedbladeceilingsupply.html,0,1,1,1,1,1,1,1,1,1,1,1,1,1,1,1,1,1,0,1,1,1,1,1,1,1,1,1,1,1,1,1,2,4,6,8,10,12,14,16,18,20,22,24,26,28,30,32,34,36,38,40,42,44,46,48,50,52
US,"Supply: 1-Way Curved Blade, Louvered Face",650,,,1500,30,1500,650,,http://www.grilletechinc.com/products/commercial/curvedbladeceilingsupply.html,0,1,2,2,2,2,2,2,2,2,2,2,2,2,2,2,2,2,1,2,2,2,2,2,2,2,2,2,2,2,2,2,2,4,6,8,10,12,14,16,18,20,22,24,26,28,30,32,34,36,38,40,42,44,46,48,50,52
US,"Supply: 1-Way Curved Blade, Louvered Face",650,,,3000,,3000,650,,http://www.grilletechinc.com/products/commercial/curvedbladeceilingsupply.html,0,1,1,1,1,1,1,1,1,1,1,1,1,1,1,1,1,1,1,0,0,0,0,0,0,0,0,0,0,0,0,0,2,4,6,8,10,12,14,16,18,20,22,24,26,28,30,32,34,36,38,40,42,44,46,48,50,52
US,"Supply: 1-Way Curved Blade, Louvered Face",650,,,3000,30,3000,650,,http://www.grilletechinc.com/products/commercial/curvedbladeceilingsupply.html,0,1,2,2,2,2,2,2,2,2,2,2,2,2,2,2,2,2,2,1,1,1,1,1,1,1,1,1,1,1,1,1,2,4,6,8,10,12,14,16,18,20,22,24,26,28,30,32,34,36,38,40,42,44,46,48,50,52
US,"Supply: 1-Way Curved Blade, Louvered Face",1000,,,40,,40,1000,,http://www.grilletechinc.com/products/commercial/curvedbladeceilingsupply.html,0,1,0,2,2,2,2,2,2,2,2,2,2,2,2,2,2,#ERROR,#ERROR,#ERROR,#ERROR,#ERROR,#ERROR,#ERROR,#ERROR,#ERROR,#ERROR,#ERROR,#ERROR,#ERROR,#ERROR,#ERROR,2,4,6,8,10,12,14,16,18,20,22,24,26,28,30,32,34,36,38,40,42,44,46,48,50,52
US,"Supply: 1-Way Curved Blade, Louvered Face",1000,,,40,30,40,1000,,http://www.grilletechinc.com/products/commercial/curvedbladeceilingsupply.html,0,1,1,3,3,3,3,3,3,3,3,3,3,3,3,3,3,#ERROR,#ERROR,#ERROR,#ERROR,#ERROR,#ERROR,#ERROR,#ERROR,#ERROR,#ERROR,#ERROR,#ERROR,#ERROR,#ERROR,#ERROR,2,4,6,8,10,12,14,16,18,20,22,24,26,28,30,32,34,36,38,40,42,44,46,48,50,52
US,"Supply: 1-Way Curved Blade, Louvered Face",1000,,,55,,55,1000,,http://www.grilletechinc.com/products/commercial/curvedbladeceilingsupply.html,0,1,0,2,2,2,2,2,2,2,2,2,2,2,2,2,2,#ERROR,#ERROR,#ERROR,#ERROR,#ERROR,#ERROR,#ERROR,#ERROR,#ERROR,#ERROR,#ERROR,#ERROR,#ERROR,#ERROR,#ERROR,2,4,6,8,10,12,14,16,18,20,22,24,26,28,30,32,34,36,38,40,42,44,46,48,50,52
US,"Supply: 1-Way Curved Blade, Louvered Face",1000,,,55,30,55,1000,,http://www.grilletechinc.com/products/commercial/curvedbladeceilingsupply.html,0,1,1,3,3,3,3,3,3,3,3,3,3,3,3,3,3,#ERROR,#ERROR,#ERROR,#ERROR,#ERROR,#ERROR,#ERROR,#ERROR,#ERROR,#ERROR,#ERROR,#ERROR,#ERROR,#ERROR,#ERROR,2,4,6,8,10,12,14,16,18,20,22,24,26,28,30,32,34,36,38,40,42,44,46,48,50,52
US,"Supply: 1-Way Curved Blade, Louvered Face",1000,,,150,,150,1000,,http://www.grilletechinc.com/products/commercial/curvedbladeceilingsupply.html,0,1,0,0,0,0,0,2,0,2,2,2,2,2,2,2,2,#ERROR,#ERROR,#ERROR,#ERROR,#ERROR,#ERROR,#ERROR,#ERROR,#ERROR,#ERROR,#ERROR,#ERROR,#ERROR,#ERROR,#ERROR,2,4,6,8,10,12,14,16,18,20,22,24,26,28,30,32,34,36,38,40,42,44,46,48,50,52
US,"Supply: 1-Way Curved Blade, Louvered Face",1000,,,150,30,150,1000,,http://www.grilletechinc.com/products/commercial/curvedbladeceilingsupply.html,0,1,1,1,1,1,1,3,1,3,3,3,3,3,3,3,3,#ERROR,#ERROR,#ERROR,#ERROR,#ERROR,#ERROR,#ERROR,#ERROR,#ERROR,#ERROR,#ERROR,#ERROR,#ERROR,#ERROR,#ERROR,2,4,6,8,10,12,14,16,18,20,22,24,26,28,30,32,34,36,38,40,42,44,46,48,50,52
US,"Supply: 1-Way Curved Blade, Louvered Face",1000,,,400,,400,1000,,http://www.grilletechinc.com/products/commercial/curvedbladeceilingsupply.html,0,1,1,1,1,1,0,0,0,0,0,0,0,0,2,1,2,#ERROR,#ERROR,#ERROR,#ERROR,#ERROR,#ERROR,#ERROR,#ERROR,#ERROR,#ERROR,#ERROR,#ERROR,#ERROR,#ERROR,#ERROR,2,4,6,8,10,12,14,16,18,20,22,24,26,28,30,32,34,36,38,40,42,44,46,48,50,52
US,"Supply: 1-Way Curved Blade, Louvered Face",1000,,,400,30,400,1000,,http://www.grilletechinc.com/products/commercial/curvedbladeceilingsupply.html,0,1,2,2,2,2,1,1,1,1,1,1,1,1,3,2,3,#ERROR,#ERROR,#ERROR,#ERROR,#ERROR,#ERROR,#ERROR,#ERROR,#ERROR,#ERROR,#ERROR,#ERROR,#ERROR,#ERROR,#ERROR,2,4,6,8,10,12,14,16,18,20,22,24,26,28,30,32,34,36,38,40,42,44,46,48,50,52
US,"Supply: 1-Way Curved Blade, Louvered Face",1000,,,900,,900,1000,,http://www.grilletechinc.com/products/commercial/curvedbladeceilingsupply.html,0,1,1,1,1,1,1,1,1,1,0,1,0,0,0,0,0,#ERROR,#ERROR,#ERROR,#ERROR,#ERROR,#ERROR,#ERROR,#ERROR,#ERROR,#ERROR,#ERROR,#ERROR,#ERROR,#ERROR,#ERROR,2,4,6,8,10,12,14,16,18,20,22,24,26,28,30,32,34,36,38,40,42,44,46,48,50,52
US,"Supply: 1-Way Curved Blade, Louvered Face",1000,,,900,30,900,1000,,http://www.grilletechinc.com/products/commercial/curvedbladeceilingsupply.html,0,1,2,2,2,2,2,2,2,2,1,2,1,1,1,1,1,#ERROR,#ERROR,#ERROR,#ERROR,#ERROR,#ERROR,#ERROR,#ERROR,#ERROR,#ERROR,#ERROR,#ERROR,#ERROR,#ERROR,#ERROR,2,4,6,8,10,12,14,16,18,20,22,24,26,28,30,32,34,36,38,40,42,44,46,48,50,52
US,"Supply: 1-Way Curved Blade, Louvered Face",1000,,,1500,,1500,1000,,http://www.grilletechinc.com/products/commercial/curvedbladeceilingsupply.html,0,1,1,1,1,1,1,1,1,1,1,1,1,1,0,1,0,#ERROR,#ERROR,#ERROR,#ERROR,#ERROR,#ERROR,#ERROR,#ERROR,#ERROR,#ERROR,#ERROR,#ERROR,#ERROR,#ERROR,#ERROR,2,4,6,8,10,12,14,16,18,20,22,24,26,28,30,32,34,36,38,40,42,44,46,48,50,52
US,"Supply: 1-Way Curved Blade, Louvered Face",1000,,,1500,30,1500,1000,,http://www.grilletechinc.com/products/commercial/curvedbladeceilingsupply.html,0,1,2,2,2,2,2,2,2,2,2,2,2,2,1,2,1,#ERROR,#ERROR,#ERROR,#ERROR,#ERROR,#ERROR,#ERROR,#ERROR,#ERROR,#ERROR,#ERROR,#ERROR,#ERROR,#ERROR,#ERROR,2,4,6,8,10,12,14,16,18,20,22,24,26,28,30,32,34,36,38,40,42,44,46,48,50,52
US,"Supply: 1-Way Curved Blade, Louvered Face",1000,,,3000,,3000,1000,,http://www.grilletechinc.com/products/commercial/curvedbladeceilingsupply.html,0,1,1,1,1,1,1,1,1,1,1,1,1,1,1,1,1,#ERROR,#ERROR,#ERROR,#ERROR,#ERROR,#ERROR,#ERROR,#ERROR,#ERROR,#ERROR,#ERROR,#ERROR,#ERROR,#ERROR,#ERROR,2,4,6,8,10,12,14,16,18,20,22,24,26,28,30,32,34,36,38,40,42,44,46,48,50,52
US,"Supply: 1-Way Curved Blade, Louvered Face",1000,,,3000,30,3000,1000,,http://www.grilletechinc.com/products/commercial/curvedbladeceilingsupply.html,0,1,2,2,2,2,2,2,2,2,2,2,2,2,2,2,2,#ERROR,#ERROR,#ERROR,#ERROR,#ERROR,#ERROR,#ERROR,#ERROR,#ERROR,#ERROR,#ERROR,#ERROR,#ERROR,#ERROR,#ERROR,2,4,6,8,10,12,14,16,18,20,22,24,26,28,30,32,34,36,38,40,42,44,46,48,50,52
Metric,"Supply: 1-Way Curved Blade, Louvered Face",,1.2,20,,,42,236.220472,(236 FPM),http://www.grilletechinc.com/products/commercial/curvedbladeceilingsupply.html,0,1,#ERROR,#ERROR,#ERROR,#ERROR,#ERROR,#ERROR,#ERROR,#ERROR,#ERROR,#ERROR,#ERROR,#ERROR,#ERROR,#ERROR,#ERROR,#ERROR,#ERROR,#ERROR,#ERROR,#ERROR,#ERROR,#ERROR,#ERROR,#ERROR,#ERROR,#ERROR,#ERROR,#ERROR,#ERROR,#ERROR,2,4,6,8,10,12,14,16,18,20,22,24,26,28,30,32,34,36,38,40,42,44,46,48,50,52
Metric,"Supply: 1-Way Curved Blade, Louvered Face",,1.2,100,,,212,236.220472,(236 FPM),http://www.grilletechinc.com/products/commercial/curvedbladeceilingsupply.html,0,1,#ERROR,#ERROR,#ERROR,#ERROR,#ERROR,#ERROR,#ERROR,#ERROR,#ERROR,#ERROR,#ERROR,#ERROR,#ERROR,#ERROR,#ERROR,#ERROR,#ERROR,#ERROR,#ERROR,#ERROR,#ERROR,#ERROR,#ERROR,#ERROR,#ERROR,#ERROR,#ERROR,#ERROR,#ERROR,#ERROR,2,4,6,8,10,12,14,16,18,20,22,24,26,28,30,32,34,36,38,40,42,44,46,48,50,52
Metric,"Supply: 1-Way Curved Blade, Louvered Face",,1.2,500,,,1059,236.220472,(236 FPM),http://www.grilletechinc.com/products/commercial/curvedbladeceilingsupply.html,0,1,#ERROR,#ERROR,#ERROR,#ERROR,#ERROR,#ERROR,#ERROR,#ERROR,#ERROR,#ERROR,#ERROR,#ERROR,#ERROR,#ERROR,#ERROR,#ERROR,#ERROR,#ERROR,#ERROR,#ERROR,#ERROR,#ERROR,#ERROR,#ERROR,#ERROR,#ERROR,#ERROR,#ERROR,#ERROR,#ERROR,2,4,6,8,10,12,14,16,18,20,22,24,26,28,30,32,34,36,38,40,42,44,46,48,50,52
Metric,"Supply: 1-Way Curved Blade, Louvered Face",,2.5,20,,,42,492.125984,(492 FPM),http://www.grilletechinc.com/products/commercial/curvedbladeceilingsupply.html,0,1,0,2,2,2,2,2,2,2,2,2,2,2,2,2,2,2,2,2,5,8,11,14,17,20,23,26,29,32,35,38,2,4,6,8,10,12,14,16,18,20,22,24,26,28,30,32,34,36,38,40,42,44,46,48,50,52
Metric,"Supply: 1-Way Curved Blade, Louvered Face",,2.5,100,,,212,492.125984,(492 FPM),http://www.grilletechinc.com/products/commercial/curvedbladeceilingsupply.html,0,1,1,1,1,1,1,0,1,1,2,0,2,2,2,2,2,2,2,2,5,8,11,14,17,20,23,26,29,32,35,38,2,4,6,8,10,12,14,16,18,20,22,24,26,28,30,32,34,36,38,40,42,44,46,48,50,52
Metric,"Supply: 1-Way Curved Blade, Louvered Face",,2.5,500,,,1059,492.125984,(492 FPM),http://www.grilletechinc.com/products/commercial/curvedbladeceilingsupply.html,0,1,1,1,1,1,1,1,1,1,1,1,1,1,1,1,1,1,1,2,5,8,11,14,17,20,23,26,29,32,35,38,2,4,6,8,10,12,14,16,18,20,22,24,26,28,30,32,34,36,38,40,42,44,46,48,50,52
Metric,"Supply: 1-Way Curved Blade, Louvered Face",,3,20,,,42,590.551181,(591 FPM),http://www.grilletechinc.com/products/commercial/curvedbladeceilingsupply.html,0,1,0,2,2,2,2,2,2,2,2,2,2,2,2,2,2,2,2,2,5,8,11,14,17,20,23,26,29,32,35,38,2,4,6,8,10,12,14,16,18,20,22,24,26,28,30,32,34,36,38,40,42,44,46,48,50,52
Metric,"Supply: 1-Way Curved Blade, Louvered Face",,3,100,,,212,590.551181,(591 FPM),http://www.grilletechinc.com/products/commercial/curvedbladeceilingsupply.html,0,1,1,1,1,1,0,0,0,1,2,0,2,2,2,2,2,2,2,2,5,8,11,14,17,20,23,26,29,32,35,38,2,4,6,8,10,12,14,16,18,20,22,24,26,28,30,32,34,36,38,40,42,44,46,48,50,52
Metric,"Supply: 1-Way Curved Blade, Louvered Face",,3,500,,,1059,590.551181,(591 FPM),http://www.grilletechinc.com/products/commercial/curvedbladeceilingsupply.html,0,1,1,1,1,1,1,1,1,1,1,1,1,1,1,1,1,0,1,2,5,8,11,14,17,20,23,26,29,32,35,38,2,4,6,8,10,12,14,16,18,20,22,24,26,28,30,32,34,36,38,40,42,44,46,48,50,52
Metric,"Supply: 1-Way Curved Blade, Louvered Face",,5.2,20,,,42,1023.622047,(1024 FPM),http://www.grilletechinc.com/products/commercial/curvedbladeceilingsupply.html,0,1,0,2,2,2,2,2,2,2,2,2,2,2,2,2,2,#ERROR,#ERROR,#ERROR,#ERROR,#ERROR,#ERROR,#ERROR,#ERROR,#ERROR,#ERROR,#ERROR,#ERROR,#ERROR,#ERROR,#ERROR,2,4,6,8,10,12,14,16,18,20,22,24,26,28,30,32,34,36,38,40,42,44,46,48,50,52
Metric,"Supply: 1-Way Curved Blade, Louvered Face",,5.2,100,,,212,1023.622047,(1024 FPM),http://www.grilletechinc.com/products/commercial/curvedbladeceilingsupply.html,0,1,1,1,0,0,0,0,0,1,2,0,2,2,2,2,2,#ERROR,#ERROR,#ERROR,#ERROR,#ERROR,#ERROR,#ERROR,#ERROR,#ERROR,#ERROR,#ERROR,#ERROR,#ERROR,#ERROR,#ERROR,2,4,6,8,10,12,14,16,18,20,22,24,26,28,30,32,34,36,38,40,42,44,46,48,50,52
Metric,"Supply: 1-Way Curved Blade, Louvered Face",,5.2,500,,,1059,1023.622047,(1024 FPM),http://www.grilletechinc.com/products/commercial/curvedbladeceilingsupply.html,0,1,1,1,1,1,1,1,1,1,0,1,1,0,0,0,0,#ERROR,#ERROR,#ERROR,#ERROR,#ERROR,#ERROR,#ERROR,#ERROR,#ERROR,#ERROR,#ERROR,#ERROR,#ERROR,#ERROR,#ERROR,2,4,6,8,10,12,14,16,18,20,22,24,26,28,30,32,34,36,38,40,42,44,46,48,50,52
US,Supply: 1-Way Multi-Shutter,250,,,40,,40,250,,http://www.grilletechinc.com/products/residential/msdampersupply.html,0,1,#ERROR,#ERROR,#ERROR,#ERROR,#ERROR,#ERROR,#ERROR,#ERROR,#ERROR,#ERROR,#ERROR,#ERROR,#ERROR,#ERROR,#ERROR,#ERROR,#ERROR,#ERROR,#ERROR,#ERROR,#ERROR,#ERROR,#ERROR,#ERROR,#ERROR,#ERROR,#ERROR,#ERROR,#ERROR,#ERROR,2,4,6,8,10,12,14,16,18,20,22,24,26,28,30,32,34,36,38,40,42,44,46,48,50,52
US,Supply: 1-Way Multi-Shutter,250,,,40,30,40,250,,http://www.grilletechinc.com/products/residential/msdampersupply.html,0,1,#ERROR,#ERROR,#ERROR,#ERROR,#ERROR,#ERROR,#ERROR,#ERROR,#ERROR,#ERROR,#ERROR,#ERROR,#ERROR,#ERROR,#ERROR,#ERROR,#ERROR,#ERROR,#ERROR,#ERROR,#ERROR,#ERROR,#ERROR,#ERROR,#ERROR,#ERROR,#ERROR,#ERROR,#ERROR,#ERROR,2,4,6,8,10,12,14,16,18,20,22,24,26,28,30,32,34,36,38,40,42,44,46,48,50,52
US,Supply: 1-Way Multi-Shutter,250,,,55,,55,250,,http://www.grilletechinc.com/products/residential/msdampersupply.html,0,1,#ERROR,#ERROR,#ERROR,#ERROR,#ERROR,#ERROR,#ERROR,#ERROR,#ERROR,#ERROR,#ERROR,#ERROR,#ERROR,#ERROR,#ERROR,#ERROR,#ERROR,#ERROR,#ERROR,#ERROR,#ERROR,#ERROR,#ERROR,#ERROR,#ERROR,#ERROR,#ERROR,#ERROR,#ERROR,#ERROR,2,4,6,8,10,12,14,16,18,20,22,24,26,28,30,32,34,36,38,40,42,44,46,48,50,52
US,Supply: 1-Way Multi-Shutter,250,,,55,30,55,250,,http://www.grilletechinc.com/products/residential/msdampersupply.html,0,1,#ERROR,#ERROR,#ERROR,#ERROR,#ERROR,#ERROR,#ERROR,#ERROR,#ERROR,#ERROR,#ERROR,#ERROR,#ERROR,#ERROR,#ERROR,#ERROR,#ERROR,#ERROR,#ERROR,#ERROR,#ERROR,#ERROR,#ERROR,#ERROR,#ERROR,#ERROR,#ERROR,#ERROR,#ERROR,#ERROR,2,4,6,8,10,12,14,16,18,20,22,24,26,28,30,32,34,36,38,40,42,44,46,48,50,52
US,Supply: 1-Way Multi-Shutter,250,,,150,,150,250,,http://www.grilletechinc.com/products/residential/msdampersupply.html,0,1,#ERROR,#ERROR,#ERROR,#ERROR,#ERROR,#ERROR,#ERROR,#ERROR,#ERROR,#ERROR,#ERROR,#ERROR,#ERROR,#ERROR,#ERROR,#ERROR,#ERROR,#ERROR,#ERROR,#ERROR,#ERROR,#ERROR,#ERROR,#ERROR,#ERROR,#ERROR,#ERROR,#ERROR,#ERROR,#ERROR,2,4,6,8,10,12,14,16,18,20,22,24,26,28,30,32,34,36,38,40,42,44,46,48,50,52
US,Supply: 1-Way Multi-Shutter,250,,,150,30,150,250,,http://www.grilletechinc.com/products/residential/msdampersupply.html,0,1,#ERROR,#ERROR,#ERROR,#ERROR,#ERROR,#ERROR,#ERROR,#ERROR,#ERROR,#ERROR,#ERROR,#ERROR,#ERROR,#ERROR,#ERROR,#ERROR,#ERROR,#ERROR,#ERROR,#ERROR,#ERROR,#ERROR,#ERROR,#ERROR,#ERROR,#ERROR,#ERROR,#ERROR,#ERROR,#ERROR,2,4,6,8,10,12,14,16,18,20,22,24,26,28,30,32,34,36,38,40,42,44,46,48,50,52
US,Supply: 1-Way Multi-Shutter,250,,,400,,400,250,,http://www.grilletechinc.com/products/residential/msdampersupply.html,0,1,#ERROR,#ERROR,#ERROR,#ERROR,#ERROR,#ERROR,#ERROR,#ERROR,#ERROR,#ERROR,#ERROR,#ERROR,#ERROR,#ERROR,#ERROR,#ERROR,#ERROR,#ERROR,#ERROR,#ERROR,#ERROR,#ERROR,#ERROR,#ERROR,#ERROR,#ERROR,#ERROR,#ERROR,#ERROR,#ERROR,2,4,6,8,10,12,14,16,18,20,22,24,26,28,30,32,34,36,38,40,42,44,46,48,50,52
US,Supply: 1-Way Multi-Shutter,250,,,400,30,400,250,,http://www.grilletechinc.com/products/residential/msdampersupply.html,0,1,#ERROR,#ERROR,#ERROR,#ERROR,#ERROR,#ERROR,#ERROR,#ERROR,#ERROR,#ERROR,#ERROR,#ERROR,#ERROR,#ERROR,#ERROR,#ERROR,#ERROR,#ERROR,#ERROR,#ERROR,#ERROR,#ERROR,#ERROR,#ERROR,#ERROR,#ERROR,#ERROR,#ERROR,#ERROR,#ERROR,2,4,6,8,10,12,14,16,18,20,22,24,26,28,30,32,34,36,38,40,42,44,46,48,50,52
US,Supply: 1-Way Multi-Shutter,250,,,900,,900,250,,http://www.grilletechinc.com/products/residential/msdampersupply.html,0,1,#ERROR,#ERROR,#ERROR,#ERROR,#ERROR,#ERROR,#ERROR,#ERROR,#ERROR,#ERROR,#ERROR,#ERROR,#ERROR,#ERROR,#ERROR,#ERROR,#ERROR,#ERROR,#ERROR,#ERROR,#ERROR,#ERROR,#ERROR,#ERROR,#ERROR,#ERROR,#ERROR,#ERROR,#ERROR,#ERROR,2,4,6,8,10,12,14,16,18,20,22,24,26,28,30,32,34,36,38,40,42,44,46,48,50,52
US,Supply: 1-Way Multi-Shutter,250,,,900,30,900,250,,http://www.grilletechinc.com/products/residential/msdampersupply.html,0,1,#ERROR,#ERROR,#ERROR,#ERROR,#ERROR,#ERROR,#ERROR,#ERROR,#ERROR,#ERROR,#ERROR,#ERROR,#ERROR,#ERROR,#ERROR,#ERROR,#ERROR,#ERROR,#ERROR,#ERROR,#ERROR,#ERROR,#ERROR,#ERROR,#ERROR,#ERROR,#ERROR,#ERROR,#ERROR,#ERROR,2,4,6,8,10,12,14,16,18,20,22,24,26,28,30,32,34,36,38,40,42,44,46,48,50,52
US,Supply: 1-Way Multi-Shutter,250,,,1500,,1500,250,,http://www.grilletechinc.com/products/residential/msdampersupply.html,0,1,#ERROR,#ERROR,#ERROR,#ERROR,#ERROR,#ERROR,#ERROR,#ERROR,#ERROR,#ERROR,#ERROR,#ERROR,#ERROR,#ERROR,#ERROR,#ERROR,#ERROR,#ERROR,#ERROR,#ERROR,#ERROR,#ERROR,#ERROR,#ERROR,#ERROR,#ERROR,#ERROR,#ERROR,#ERROR,#ERROR,2,4,6,8,10,12,14,16,18,20,22,24,26,28,30,32,34,36,38,40,42,44,46,48,50,52
US,Supply: 1-Way Multi-Shutter,250,,,1500,30,1500,250,,http://www.grilletechinc.com/products/residential/msdampersupply.html,0,1,#ERROR,#ERROR,#ERROR,#ERROR,#ERROR,#ERROR,#ERROR,#ERROR,#ERROR,#ERROR,#ERROR,#ERROR,#ERROR,#ERROR,#ERROR,#ERROR,#ERROR,#ERROR,#ERROR,#ERROR,#ERROR,#ERROR,#ERROR,#ERROR,#ERROR,#ERROR,#ERROR,#ERROR,#ERROR,#ERROR,2,4,6,8,10,12,14,16,18,20,22,24,26,28,30,32,34,36,38,40,42,44,46,48,50,52
US,Supply: 1-Way Multi-Shutter,250,,,3000,,3000,250,,http://www.grilletechinc.com/products/residential/msdampersupply.html,0,1,#ERROR,#ERROR,#ERROR,#ERROR,#ERROR,#ERROR,#ERROR,#ERROR,#ERROR,#ERROR,#ERROR,#ERROR,#ERROR,#ERROR,#ERROR,#ERROR,#ERROR,#ERROR,#ERROR,#ERROR,#ERROR,#ERROR,#ERROR,#ERROR,#ERROR,#ERROR,#ERROR,#ERROR,#ERROR,#ERROR,2,4,6,8,10,12,14,16,18,20,22,24,26,28,30,32,34,36,38,40,42,44,46,48,50,52
US,Supply: 1-Way Multi-Shutter,250,,,3000,30,3000,250,,http://www.grilletechinc.com/products/residential/msdampersupply.html,0,1,#ERROR,#ERROR,#ERROR,#ERROR,#ERROR,#ERROR,#ERROR,#ERROR,#ERROR,#ERROR,#ERROR,#ERROR,#ERROR,#ERROR,#ERROR,#ERROR,#ERROR,#ERROR,#ERROR,#ERROR,#ERROR,#ERROR,#ERROR,#ERROR,#ERROR,#ERROR,#ERROR,#ERROR,#ERROR,#ERROR,2,4,6,8,10,12,14,16,18,20,22,24,26,28,30,32,34,36,38,40,42,44,46,48,50,52
US,Supply: 1-Way Multi-Shutter,300,,,40,,40,300,,http://www.grilletechinc.com/products/residential/msdampersupply.html,0,1,0,2,2,2,2,2,2,2,2,2,2,2,2,2,2,2,2,2,5,8,11,14,17,20,23,26,29,32,35,38,2,4,6,8,10,12,14,16,18,20,22,24,26,28,30,32,34,36,38,40,42,44,46,48,50,52
US,Supply: 1-Way Multi-Shutter,300,,,40,30,40,300,,http://www.grilletechinc.com/products/residential/msdampersupply.html,0,1,0,2,2,2,2,2,2,2,2,2,2,2,2,2,2,2,2,2,5,8,11,14,17,20,23,26,29,32,35,38,2,4,6,8,10,12,14,16,18,20,22,24,26,28,30,32,34,36,38,40,42,44,46,48,50,52
US,Supply: 1-Way Multi-Shutter,300,,,55,,55,300,,http://www.grilletechinc.com/products/residential/msdampersupply.html,0,1,0,2,2,2,2,2,2,2,2,2,2,2,2,2,2,2,2,2,5,8,11,14,17,20,23,26,29,32,35,38,2,4,6,8,10,12,14,16,18,20,22,24,26,28,30,32,34,36,38,40,42,44,46,48,50,52
US,Supply: 1-Way Multi-Shutter,300,,,55,30,55,300,,http://www.grilletechinc.com/products/residential/msdampersupply.html,0,1,0,2,2,2,2,2,2,2,2,2,2,2,2,2,2,2,2,2,5,8,11,14,17,20,23,26,29,32,35,38,2,4,6,8,10,12,14,16,18,20,22,24,26,28,30,32,34,36,38,40,42,44,46,48,50,52
US,Supply: 1-Way Multi-Shutter,300,,,150,,150,300,,http://www.grilletechinc.com/products/residential/msdampersupply.html,0,1,1,1,1,1,1,2,1,2,2,2,2,2,2,2,2,2,2,2,5,8,11,14,17,20,23,26,29,32,35,38,2,4,6,8,10,12,14,16,18,20,22,24,26,28,30,32,34,36,38,40,42,44,46,48,50,52
US,Supply: 1-Way Multi-Shutter,300,,,150,30,150,300,,http://www.grilletechinc.com/products/residential/msdampersupply.html,0,1,1,1,1,1,1,2,1,2,2,2,2,2,2,2,2,2,2,2,5,8,11,14,17,20,23,26,29,32,35,38,2,4,6,8,10,12,14,16,18,20,22,24,26,28,30,32,34,36,38,40,42,44,46,48,50,52
US,Supply: 1-Way Multi-Shutter,300,,,400,,400,300,,http://www.grilletechinc.com/products/residential/msdampersupply.html,0,1,1,1,1,1,1,1,1,1,1,1,1,1,2,0,2,2,2,2,5,8,11,14,17,20,23,26,29,32,35,38,2,4,6,8,10,12,14,16,18,20,22,24,26,28,30,32,34,36,38,40,42,44,46,48,50,52
US,Supply: 1-Way Multi-Shutter,300,,,400,30,400,300,,http://www.grilletechinc.com/products/residential/msdampersupply.html,0,1,1,1,1,1,1,1,1,1,1,1,1,1,2,0,2,2,2,2,5,8,11,14,17,20,23,26,29,32,35,38,2,4,6,8,10,12,14,16,18,20,22,24,26,28,30,32,34,36,38,40,42,44,46,48,50,52
US,Supply: 1-Way Multi-Shutter,300,,,900,,900,300,,http://www.grilletechinc.com/products/residential/msdampersupply.html,0,1,1,1,1,1,1,1,1,1,1,1,1,1,1,1,1,1,1,2,5,8,11,14,17,20,23,26,29,32,35,38,2,4,6,8,10,12,14,16,18,20,22,24,26,28,30,32,34,36,38,40,42,44,46,48,50,52
US,Supply: 1-Way Multi-Shutter,300,,,900,30,900,300,,http://www.grilletechinc.com/products/residential/msdampersupply.html,0,1,1,1,1,1,1,1,1,1,1,1,1,1,1,1,1,1,1,2,5,8,11,14,17,20,23,26,29,32,35,38,2,4,6,8,10,12,14,16,18,20,22,24,26,28,30,32,34,36,38,40,42,44,46,48,50,52
US,Supply: 1-Way Multi-Shutter,300,,,1500,,1500,300,,http://www.grilletechinc.com/products/residential/msdampersupply.html,0,1,1,1,1,1,1,1,1,1,1,1,1,1,1,1,1,1,1,1,1,1,1,1,1,1,1,1,1,1,1,1,2,4,6,8,10,12,14,16,18,20,22,24,26,28,30,32,34,36,38,40,42,44,46,48,50,52
US,Supply: 1-Way Multi-Shutter,300,,,1500,30,1500,300,,http://www.grilletechinc.com/products/residential/msdampersupply.html,0,1,1,1,1,1,1,1,1,1,1,1,1,1,1,1,1,1,1,1,1,1,1,1,1,1,1,1,1,1,1,1,2,4,6,8,10,12,14,16,18,20,22,24,26,28,30,32,34,36,38,40,42,44,46,48,50,52
US,Supply: 1-Way Multi-Shutter,300,,,3000,,3000,300,,http://www.grilletechinc.com/products/residential/msdampersupply.html,0,1,1,1,1,1,1,1,1,1,1,1,1,1,1,1,1,1,1,1,4,7,10,13,16,19,22,25,28,31,34,37,2,4,6,8,10,12,14,16,18,20,22,24,26,28,30,32,34,36,38,40,42,44,46,48,50,52
US,Supply: 1-Way Multi-Shutter,300,,,3000,30,3000,300,,http://www.grilletechinc.com/products/residential/msdampersupply.html,0,1,1,1,1,1,1,1,1,1,1,1,1,1,1,1,1,1,1,1,4,7,10,13,16,19,22,25,28,31,34,37,2,4,6,8,10,12,14,16,18,20,22,24,26,28,30,32,34,36,38,40,42,44,46,48,50,52
US,Supply: 1-Way Multi-Shutter,500,,,40,,40,500,,http://www.grilletechinc.com/products/residential/msdampersupply.html,0,1,0,2,2,2,2,2,2,2,2,2,2,2,2,2,2,2,2,2,5,8,11,14,17,20,23,26,29,32,35,38,2,4,6,8,10,12,14,16,18,20,22,24,26,28,30,32,34,36,38,40,42,44,46,48,50,52
US,Supply: 1-Way Multi-Shutter,500,,,40,30,40,500,,http://www.grilletechinc.com/products/residential/msdampersupply.html,0,1,0,2,3,3,3,3,3,3,3,3,3,3,3,3,3,3,3,3,6,9,12,15,18,21,24,27,30,33,36,39,2,4,6,8,10,12,14,16,18,20,22,24,26,28,30,32,34,36,38,40,42,44,46,48,50,52
US,Supply: 1-Way Multi-Shutter,500,,,55,,55,500,,http://www.grilletechinc.com/products/residential/msdampersupply.html,0,1,0,2,2,2,2,2,2,2,2,2,2,2,2,2,2,2,2,2,5,8,11,14,17,20,23,26,29,32,35,38,2,4,6,8,10,12,14,16,18,20,22,24,26,28,30,32,34,36,38,40,42,44,46,48,50,52
US,Supply: 1-Way Multi-Shutter,500,,,55,30,55,500,,http://www.grilletechinc.com/products/residential/msdampersupply.html,0,1,0,2,3,3,3,3,3,3,3,3,3,3,3,3,3,3,3,3,6,9,12,15,18,21,24,27,30,33,36,39,2,4,6,8,10,12,14,16,18,20,22,24,26,28,30,32,34,36,38,40,42,44,46,48,50,52
US,Supply: 1-Way Multi-Shutter,500,,,150,,150,500,,http://www.grilletechinc.com/products/residential/msdampersupply.html,0,1,1,1,1,0,0,2,0,2,2,2,2,2,2,2,2,2,2,2,5,8,11,14,17,20,23,26,29,32,35,38,2,4,6,8,10,12,14,16,18,20,22,24,26,28,30,32,34,36,38,40,42,44,46,48,50,52
US,Supply: 1-Way Multi-Shutter,500,,,150,30,150,500,,http://www.grilletechinc.com/products/residential/msdampersupply.html,0,1,1,1,2,1,1,3,1,3,3,3,3,3,3,3,3,3,3,3,6,9,12,15,18,21,24,27,30,33,36,39,2,4,6,8,10,12,14,16,18,20,22,24,26,28,30,32,34,36,38,40,42,44,46,48,50,52
US,Supply: 1-Way Multi-Shutter,500,,,400,,400,500,,http://www.grilletechinc.com/products/residential/msdampersupply.html,0,1,1,1,1,1,1,1,1,1,0,1,0,0,2,1,2,2,2,2,5,8,11,14,17,20,23,26,29,32,35,38,2,4,6,8,10,12,14,16,18,20,22,24,26,28,30,32,34,36,38,40,42,44,46,48,50,52
US,Supply: 1-Way Multi-Shutter,500,,,400,30,400,500,,http://www.grilletechinc.com/products/residential/msdampersupply.html,0,1,1,1,2,2,2,2,2,2,1,2,1,1,3,2,3,3,3,3,6,9,12,15,18,21,24,27,30,33,36,39,2,4,6,8,10,12,14,16,18,20,22,24,26,28,30,32,34,36,38,40,42,44,46,48,50,52
US,Supply: 1-Way Multi-Shutter,500,,,900,,900,500,,http://www.grilletechinc.com/products/residential/msdampersupply.html,0,1,1,1,1,1,1,1,1,1,1,1,1,1,1,1,0,0,1,2,5,8,11,14,17,20,23,26,29,32,35,38,2,4,6,8,10,12,14,16,18,20,22,24,26,28,30,32,34,36,38,40,42,44,46,48,50,52
US,Supply: 1-Way Multi-Shutter,500,,,900,30,900,500,,http://www.grilletechinc.com/products/residential/msdampersupply.html,0,1,1,1,2,2,2,2,2,2,2,2,2,2,2,2,1,1,2,3,6,9,12,15,18,21,24,27,30,33,36,39,2,4,6,8,10,12,14,16,18,20,22,24,26,28,30,32,34,36,38,40,42,44,46,48,50,52
US,Supply: 1-Way Multi-Shutter,500,,,1500,,1500,500,,http://www.grilletechinc.com/products/residential/msdampersupply.html,0,1,1,1,1,1,1,1,1,1,1,1,1,1,1,1,1,1,0,1,1,1,1,1,1,1,1,1,1,1,1,1,2,4,6,8,10,12,14,16,18,20,22,24,26,28,30,32,34,36,38,40,42,44,46,48,50,52
US,Supply: 1-Way Multi-Shutter,500,,,1500,30,1500,500,,http://www.grilletechinc.com/products/residential/msdampersupply.html,0,1,1,1,2,2,2,2,2,2,2,2,2,2,2,2,2,2,1,2,2,2,2,2,2,2,2,2,2,2,2,2,2,4,6,8,10,12,14,16,18,20,22,24,26,28,30,32,34,36,38,40,42,44,46,48,50,52
US,Supply: 1-Way Multi-Shutter,500,,,3000,,3000,500,,http://www.grilletechinc.com/products/residential/msdampersupply.html,0,1,1,1,1,1,1,1,1,1,1,1,1,1,1,1,1,1,1,0,0,0,0,0,0,0,0,0,0,0,0,0,2,4,6,8,10,12,14,16,18,20,22,24,26,28,30,32,34,36,38,40,42,44,46,48,50,52
US,Supply: 1-Way Multi-Shutter,500,,,3000,30,3000,500,,http://www.grilletechinc.com/products/residential/msdampersupply.html,0,1,1,1,2,2,2,2,2,2,2,2,2,2,2,2,2,2,2,1,1,1,1,1,1,1,1,1,1,1,1,1,2,4,6,8,10,12,14,16,18,20,22,24,26,28,30,32,34,36,38,40,42,44,46,48,50,52
US,Supply: 1-Way Multi-Shutter,650,,,40,,40,650,,http://www.grilletechinc.com/products/residential/msdampersupply.html,0,1,0,2,2,2,2,2,2,2,2,2,2,2,2,2,2,2,2,2,5,8,11,14,17,20,23,26,29,32,35,38,2,4,6,8,10,12,14,16,18,20,22,24,26,28,30,32,34,36,38,40,42,44,46,48,50,52
US,Supply: 1-Way Multi-Shutter,650,,,40,30,40,650,,http://www.grilletechinc.com/products/residential/msdampersupply.html,0,1,1,3,3,3,3,3,3,3,3,3,3,3,3,3,3,3,3,3,6,9,12,15,18,21,24,27,30,33,36,39,2,4,6,8,10,12,14,16,18,20,22,24,26,28,30,32,34,36,38,40,42,44,46,48,50,52
US,Supply: 1-Way Multi-Shutter,650,,,55,,55,650,,http://www.grilletechinc.com/products/residential/msdampersupply.html,0,1,0,2,2,2,2,2,2,2,2,2,2,2,2,2,2,2,2,2,5,8,11,14,17,20,23,26,29,32,35,38,2,4,6,8,10,12,14,16,18,20,22,24,26,28,30,32,34,36,38,40,42,44,46,48,50,52
US,Supply: 1-Way Multi-Shutter,650,,,55,30,55,650,,http://www.grilletechinc.com/products/residential/msdampersupply.html,0,1,1,3,3,3,3,3,3,3,3,3,3,3,3,3,3,3,3,3,6,9,12,15,18,21,24,27,30,33,36,39,2,4,6,8,10,12,14,16,18,20,22,24,26,28,30,32,34,36,38,40,42,44,46,48,50,52
US,Supply: 1-Way Multi-Shutter,650,,,150,,150,650,,http://www.grilletechinc.com/products/residential/msdampersupply.html,0,1,1,1,0,0,0,2,0,2,2,2,2,2,2,2,2,2,2,2,5,8,11,14,17,20,23,26,29,32,35,38,2,4,6,8,10,12,14,16,18,20,22,24,26,28,30,32,34,36,38,40,42,44,46,48,50,52
US,Supply: 1-Way Multi-Shutter,650,,,150,30,150,650,,http://www.grilletechinc.com/products/residential/msdampersupply.html,0,1,2,2,1,1,1,3,1,3,3,3,3,3,3,3,3,3,3,3,6,9,12,15,18,21,24,27,30,33,36,39,2,4,6,8,10,12,14,16,18,20,22,24,26,28,30,32,34,36,38,40,42,44,46,48,50,52
US,Supply: 1-Way Multi-Shutter,650,,,400,,400,650,,http://www.grilletechinc.com/products/residential/msdampersupply.html,0,1,1,1,1,1,1,0,1,0,0,1,0,0,2,1,2,2,2,2,5,8,11,14,17,20,23,26,29,32,35,38,2,4,6,8,10,12,14,16,18,20,22,24,26,28,30,32,34,36,38,40,42,44,46,48,50,52
US,Supply: 1-Way Multi-Shutter,650,,,400,30,400,650,,http://www.grilletechinc.com/products/residential/msdampersupply.html,0,1,2,2,2,2,2,1,2,1,1,2,1,1,3,2,3,3,3,3,6,9,12,15,18,21,24,27,30,33,36,39,2,4,6,8,10,12,14,16,18,20,22,24,26,28,30,32,34,36,38,40,42,44,46,48,50,52
US,Supply: 1-Way Multi-Shutter,650,,,900,,900,650,,http://www.grilletechinc.com/products/residential/msdampersupply.html,0,1,1,1,1,1,1,1,1,1,1,1,1,1,0,1,0,0,1,2,5,8,11,14,17,20,23,26,29,32,35,38,2,4,6,8,10,12,14,16,18,20,22,24,26,28,30,32,34,36,38,40,42,44,46,48,50,52
US,Supply: 1-Way Multi-Shutter,650,,,900,30,900,650,,http://www.grilletechinc.com/products/residential/msdampersupply.html,0,1,2,2,2,2,2,2,2,2,2,2,2,2,1,2,1,1,2,3,6,9,12,15,18,21,24,27,30,33,36,39,2,4,6,8,10,12,14,16,18,20,22,24,26,28,30,32,34,36,38,40,42,44,46,48,50,52
US,Supply: 1-Way Multi-Shutter,650,,,1500,,1500,650,,http://www.grilletechinc.com/products/residential/msdampersupply.html,0,1,1,1,1,1,1,1,1,1,1,1,1,1,1,1,1,1,0,1,1,1,1,1,1,1,1,1,1,1,1,1,2,4,6,8,10,12,14,16,18,20,22,24,26,28,30,32,34,36,38,40,42,44,46,48,50,52
US,Supply: 1-Way Multi-Shutter,650,,,1500,30,1500,650,,http://www.grilletechinc.com/products/residential/msdampersupply.html,0,1,2,2,2,2,2,2,2,2,2,2,2,2,2,2,2,2,1,2,2,2,2,2,2,2,2,2,2,2,2,2,2,4,6,8,10,12,14,16,18,20,22,24,26,28,30,32,34,36,38,40,42,44,46,48,50,52
US,Supply: 1-Way Multi-Shutter,650,,,3000,,3000,650,,http://www.grilletechinc.com/products/residential/msdampersupply.html,0,1,1,1,1,1,1,1,1,1,1,1,1,1,1,1,1,1,1,0,0,0,0,0,0,0,0,0,0,0,0,0,2,4,6,8,10,12,14,16,18,20,22,24,26,28,30,32,34,36,38,40,42,44,46,48,50,52
US,Supply: 1-Way Multi-Shutter,650,,,3000,30,3000,650,,http://www.grilletechinc.com/products/residential/msdampersupply.html,0,1,2,2,2,2,2,2,2,2,2,2,2,2,2,2,2,2,2,1,1,1,1,1,1,1,1,1,1,1,1,1,2,4,6,8,10,12,14,16,18,20,22,24,26,28,30,32,34,36,38,40,42,44,46,48,50,52
US,Supply: 1-Way Multi-Shutter,1000,,,40,,40,1000,,http://www.grilletechinc.com/products/residential/msdampersupply.html,0,1,0,2,2,2,2,2,2,2,2,2,2,2,2,2,2,#ERROR,#ERROR,#ERROR,#ERROR,#ERROR,#ERROR,#ERROR,#ERROR,#ERROR,#ERROR,#ERROR,#ERROR,#ERROR,#ERROR,#ERROR,2,4,6,8,10,12,14,16,18,20,22,24,26,28,30,32,34,36,38,40,42,44,46,48,50,52
US,Supply: 1-Way Multi-Shutter,1000,,,40,30,40,1000,,http://www.grilletechinc.com/products/residential/msdampersupply.html,0,1,1,3,3,3,3,3,3,3,3,3,3,3,3,3,3,#ERROR,#ERROR,#ERROR,#ERROR,#ERROR,#ERROR,#ERROR,#ERROR,#ERROR,#ERROR,#ERROR,#ERROR,#ERROR,#ERROR,#ERROR,2,4,6,8,10,12,14,16,18,20,22,24,26,28,30,32,34,36,38,40,42,44,46,48,50,52
US,Supply: 1-Way Multi-Shutter,1000,,,55,,55,1000,,http://www.grilletechinc.com/products/residential/msdampersupply.html,0,1,0,2,2,2,2,2,2,2,2,2,2,2,2,2,2,#ERROR,#ERROR,#ERROR,#ERROR,#ERROR,#ERROR,#ERROR,#ERROR,#ERROR,#ERROR,#ERROR,#ERROR,#ERROR,#ERROR,#ERROR,2,4,6,8,10,12,14,16,18,20,22,24,26,28,30,32,34,36,38,40,42,44,46,48,50,52
US,Supply: 1-Way Multi-Shutter,1000,,,55,30,55,1000,,http://www.grilletechinc.com/products/residential/msdampersupply.html,0,1,1,3,3,3,3,3,3,3,3,3,3,3,3,3,3,#ERROR,#ERROR,#ERROR,#ERROR,#ERROR,#ERROR,#ERROR,#ERROR,#ERROR,#ERROR,#ERROR,#ERROR,#ERROR,#ERROR,#ERROR,2,4,6,8,10,12,14,16,18,20,22,24,26,28,30,32,34,36,38,40,42,44,46,48,50,52
US,Supply: 1-Way Multi-Shutter,1000,,,150,,150,1000,,http://www.grilletechinc.com/products/residential/msdampersupply.html,0,1,0,0,0,0,0,2,0,2,2,2,2,2,2,2,2,#ERROR,#ERROR,#ERROR,#ERROR,#ERROR,#ERROR,#ERROR,#ERROR,#ERROR,#ERROR,#ERROR,#ERROR,#ERROR,#ERROR,#ERROR,2,4,6,8,10,12,14,16,18,20,22,24,26,28,30,32,34,36,38,40,42,44,46,48,50,52
US,Supply: 1-Way Multi-Shutter,1000,,,150,30,150,1000,,http://www.grilletechinc.com/products/residential/msdampersupply.html,0,1,1,1,1,1,1,3,1,3,3,3,3,3,3,3,3,#ERROR,#ERROR,#ERROR,#ERROR,#ERROR,#ERROR,#ERROR,#ERROR,#ERROR,#ERROR,#ERROR,#ERROR,#ERROR,#ERROR,#ERROR,2,4,6,8,10,12,14,16,18,20,22,24,26,28,30,32,34,36,38,40,42,44,46,48,50,52
US,Supply: 1-Way Multi-Shutter,1000,,,400,,400,1000,,http://www.grilletechinc.com/products/residential/msdampersupply.html,0,1,1,1,1,1,0,0,0,0,0,0,0,0,2,1,2,#ERROR,#ERROR,#ERROR,#ERROR,#ERROR,#ERROR,#ERROR,#ERROR,#ERROR,#ERROR,#ERROR,#ERROR,#ERROR,#ERROR,#ERROR,2,4,6,8,10,12,14,16,18,20,22,24,26,28,30,32,34,36,38,40,42,44,46,48,50,52
US,Supply: 1-Way Multi-Shutter,1000,,,400,30,400,1000,,http://www.grilletechinc.com/products/residential/msdampersupply.html,0,1,2,2,2,2,1,1,1,1,1,1,1,1,3,2,3,#ERROR,#ERROR,#ERROR,#ERROR,#ERROR,#ERROR,#ERROR,#ERROR,#ERROR,#ERROR,#ERROR,#ERROR,#ERROR,#ERROR,#ERROR,2,4,6,8,10,12,14,16,18,20,22,24,26,28,30,32,34,36,38,40,42,44,46,48,50,52
US,Supply: 1-Way Multi-Shutter,1000,,,900,,900,1000,,http://www.grilletechinc.com/products/residential/msdampersupply.html,0,1,1,1,1,1,1,1,1,1,0,1,0,0,0,0,0,#ERROR,#ERROR,#ERROR,#ERROR,#ERROR,#ERROR,#ERROR,#ERROR,#ERROR,#ERROR,#ERROR,#ERROR,#ERROR,#ERROR,#ERROR,2,4,6,8,10,12,14,16,18,20,22,24,26,28,30,32,34,36,38,40,42,44,46,48,50,52
US,Supply: 1-Way Multi-Shutter,1000,,,900,30,900,1000,,http://www.grilletechinc.com/products/residential/msdampersupply.html,0,1,2,2,2,2,2,2,2,2,1,2,1,1,1,1,1,#ERROR,#ERROR,#ERROR,#ERROR,#ERROR,#ERROR,#ERROR,#ERROR,#ERROR,#ERROR,#ERROR,#ERROR,#ERROR,#ERROR,#ERROR,2,4,6,8,10,12,14,16,18,20,22,24,26,28,30,32,34,36,38,40,42,44,46,48,50,52
US,Supply: 1-Way Multi-Shutter,1000,,,1500,,1500,1000,,http://www.grilletechinc.com/products/residential/msdampersupply.html,0,1,1,1,1,1,1,1,1,1,1,1,1,1,0,1,0,#ERROR,#ERROR,#ERROR,#ERROR,#ERROR,#ERROR,#ERROR,#ERROR,#ERROR,#ERROR,#ERROR,#ERROR,#ERROR,#ERROR,#ERROR,2,4,6,8,10,12,14,16,18,20,22,24,26,28,30,32,34,36,38,40,42,44,46,48,50,52
US,Supply: 1-Way Multi-Shutter,1000,,,1500,30,1500,1000,,http://www.grilletechinc.com/products/residential/msdampersupply.html,0,1,2,2,2,2,2,2,2,2,2,2,2,2,1,2,1,#ERROR,#ERROR,#ERROR,#ERROR,#ERROR,#ERROR,#ERROR,#ERROR,#ERROR,#ERROR,#ERROR,#ERROR,#ERROR,#ERROR,#ERROR,2,4,6,8,10,12,14,16,18,20,22,24,26,28,30,32,34,36,38,40,42,44,46,48,50,52
US,Supply: 1-Way Multi-Shutter,1000,,,3000,,3000,1000,,http://www.grilletechinc.com/products/residential/msdampersupply.html,0,1,1,1,1,1,1,1,1,1,1,1,1,1,1,1,1,#ERROR,#ERROR,#ERROR,#ERROR,#ERROR,#ERROR,#ERROR,#ERROR,#ERROR,#ERROR,#ERROR,#ERROR,#ERROR,#ERROR,#ERROR,2,4,6,8,10,12,14,16,18,20,22,24,26,28,30,32,34,36,38,40,42,44,46,48,50,52
US,Supply: 1-Way Multi-Shutter,1000,,,3000,30,3000,1000,,http://www.grilletechinc.com/products/residential/msdampersupply.html,0,1,2,2,2,2,2,2,2,2,2,2,2,2,2,2,2,#ERROR,#ERROR,#ERROR,#ERROR,#ERROR,#ERROR,#ERROR,#ERROR,#ERROR,#ERROR,#ERROR,#ERROR,#ERROR,#ERROR,#ERROR,2,4,6,8,10,12,14,16,18,20,22,24,26,28,30,32,34,36,38,40,42,44,46,48,50,52
Metric,Supply: 1-Way Multi-Shutter,,1.2,20,,,42,236.220472,(236 FPM),http://www.grilletechinc.com/products/residential/msdampersupply.html,0,1,#ERROR,#ERROR,#ERROR,#ERROR,#ERROR,#ERROR,#ERROR,#ERROR,#ERROR,#ERROR,#ERROR,#ERROR,#ERROR,#ERROR,#ERROR,#ERROR,#ERROR,#ERROR,#ERROR,#ERROR,#ERROR,#ERROR,#ERROR,#ERROR,#ERROR,#ERROR,#ERROR,#ERROR,#ERROR,#ERROR,2,4,6,8,10,12,14,16,18,20,22,24,26,28,30,32,34,36,38,40,42,44,46,48,50,52
Metric,Supply: 1-Way Multi-Shutter,,1.2,100,,,212,236.220472,(236 FPM),http://www.grilletechinc.com/products/residential/msdampersupply.html,0,1,#ERROR,#ERROR,#ERROR,#ERROR,#ERROR,#ERROR,#ERROR,#ERROR,#ERROR,#ERROR,#ERROR,#ERROR,#ERROR,#ERROR,#ERROR,#ERROR,#ERROR,#ERROR,#ERROR,#ERROR,#ERROR,#ERROR,#ERROR,#ERROR,#ERROR,#ERROR,#ERROR,#ERROR,#ERROR,#ERROR,2,4,6,8,10,12,14,16,18,20,22,24,26,28,30,32,34,36,38,40,42,44,46,48,50,52
Metric,Supply: 1-Way Multi-Shutter,,1.2,500,,,1059,236.220472,(236 FPM),http://www.grilletechinc.com/products/residential/msdampersupply.html,0,1,#ERROR,#ERROR,#ERROR,#ERROR,#ERROR,#ERROR,#ERROR,#ERROR,#ERROR,#ERROR,#ERROR,#ERROR,#ERROR,#ERROR,#ERROR,#ERROR,#ERROR,#ERROR,#ERROR,#ERROR,#ERROR,#ERROR,#ERROR,#ERROR,#ERROR,#ERROR,#ERROR,#ERROR,#ERROR,#ERROR,2,4,6,8,10,12,14,16,18,20,22,24,26,28,30,32,34,36,38,40,42,44,46,48,50,52
Metric,Supply: 1-Way Multi-Shutter,,2.5,20,,,42,492.125984,(492 FPM),http://www.grilletechinc.com/products/residential/msdampersupply.html,0,1,0,2,2,2,2,2,2,2,2,2,2,2,2,2,2,2,2,2,5,8,11,14,17,20,23,26,29,32,35,38,2,4,6,8,10,12,14,16,18,20,22,24,26,28,30,32,34,36,38,40,42,44,46,48,50,52
Metric,Supply: 1-Way Multi-Shutter,,2.5,100,,,212,492.125984,(492 FPM),http://www.grilletechinc.com/products/residential/msdampersupply.html,0,1,1,1,1,1,1,0,1,1,2,0,2,2,2,2,2,2,2,2,5,8,11,14,17,20,23,26,29,32,35,38,2,4,6,8,10,12,14,16,18,20,22,24,26,28,30,32,34,36,38,40,42,44,46,48,50,52
Metric,Supply: 1-Way Multi-Shutter,,2.5,500,,,1059,492.125984,(492 FPM),http://www.grilletechinc.com/products/residential/msdampersupply.html,0,1,1,1,1,1,1,1,1,1,1,1,1,1,1,1,1,1,1,2,5,8,11,14,17,20,23,26,29,32,35,38,2,4,6,8,10,12,14,16,18,20,22,24,26,28,30,32,34,36,38,40,42,44,46,48,50,52
Metric,Supply: 1-Way Multi-Shutter,,3,20,,,42,590.551181,(591 FPM),http://www.grilletechinc.com/products/residential/msdampersupply.html,0,1,0,2,2,2,2,2,2,2,2,2,2,2,2,2,2,2,2,2,5,8,11,14,17,20,23,26,29,32,35,38,2,4,6,8,10,12,14,16,18,20,22,24,26,28,30,32,34,36,38,40,42,44,46,48,50,52
Metric,Supply: 1-Way Multi-Shutter,,3,100,,,212,590.551181,(591 FPM),http://www.grilletechinc.com/products/residential/msdampersupply.html,0,1,1,1,1,1,0,0,0,1,2,0,2,2,2,2,2,2,2,2,5,8,11,14,17,20,23,26,29,32,35,38,2,4,6,8,10,12,14,16,18,20,22,24,26,28,30,32,34,36,38,40,42,44,46,48,50,52
Metric,Supply: 1-Way Multi-Shutter,,3,500,,,1059,590.551181,(591 FPM),http://www.grilletechinc.com/products/residential/msdampersupply.html,0,1,1,1,1,1,1,1,1,1,1,1,1,1,1,1,1,0,1,2,5,8,11,14,17,20,23,26,29,32,35,38,2,4,6,8,10,12,14,16,18,20,22,24,26,28,30,32,34,36,38,40,42,44,46,48,50,52
Metric,Supply: 1-Way Multi-Shutter,,5.2,20,,,42,1023.622047,(1024 FPM),http://www.grilletechinc.com/products/residential/msdampersupply.html,0,1,0,2,2,2,2,2,2,2,2,2,2,2,2,2,2,#ERROR,#ERROR,#ERROR,#ERROR,#ERROR,#ERROR,#ERROR,#ERROR,#ERROR,#ERROR,#ERROR,#ERROR,#ERROR,#ERROR,#ERROR,2,4,6,8,10,12,14,16,18,20,22,24,26,28,30,32,34,36,38,40,42,44,46,48,50,52
Metric,Supply: 1-Way Multi-Shutter,,5.2,100,,,212,1023.622047,(1024 FPM),http://www.grilletechinc.com/products/residential/msdampersupply.html,0,1,1,1,0,0,0,0,0,1,2,0,2,2,2,2,2,#ERROR,#ERROR,#ERROR,#ERROR,#ERROR,#ERROR,#ERROR,#ERROR,#ERROR,#ERROR,#ERROR,#ERROR,#ERROR,#ERROR,#ERROR,2,4,6,8,10,12,14,16,18,20,22,24,26,28,30,32,34,36,38,40,42,44,46,48,50,52
Metric,Supply: 1-Way Multi-Shutter,,5.2,500,,,1059,1023.622047,(1024 FPM),http://www.grilletechinc.com/products/residential/msdampersupply.html,0,1,1,1,1,1,1,1,1,1,0,1,1,0,0,0,0,#ERROR,#ERROR,#ERROR,#ERROR,#ERROR,#ERROR,#ERROR,#ERROR,#ERROR,#ERROR,#ERROR,#ERROR,#ERROR,#ERROR,#ERROR,2,4,6,8,10,12,14,16,18,20,22,24,26,28,30,32,34,36,38,40,42,44,46,48,50,52
US,"Supply: 2-Way Curved Blade, Louvered Face",250,,,40,,40,250,,http://www.grilletechinc.com/products/commercial/curvedbladeceilingsupply.html,0,1,#ERROR,#ERROR,#ERROR,#ERROR,#ERROR,#ERROR,#ERROR,#ERROR,#ERROR,#ERROR,#ERROR,#ERROR,#ERROR,#ERROR,#ERROR,#ERROR,#ERROR,#ERROR,#ERROR,#ERROR,#ERROR,#ERROR,#ERROR,#ERROR,#ERROR,#ERROR,#ERROR,#ERROR,#ERROR,#ERROR,2,4,6,8,10,12,14,16,18,20,22,24,26,28,30,32,34,36,38,40,42,44,46,48,50,52
US,"Supply: 2-Way Curved Blade, Louvered Face",250,,,40,30,40,250,,http://www.grilletechinc.com/products/commercial/curvedbladeceilingsupply.html,0,1,#ERROR,#ERROR,#ERROR,#ERROR,#ERROR,#ERROR,#ERROR,#ERROR,#ERROR,#ERROR,#ERROR,#ERROR,#ERROR,#ERROR,#ERROR,#ERROR,#ERROR,#ERROR,#ERROR,#ERROR,#ERROR,#ERROR,#ERROR,#ERROR,#ERROR,#ERROR,#ERROR,#ERROR,#ERROR,#ERROR,2,4,6,8,10,12,14,16,18,20,22,24,26,28,30,32,34,36,38,40,42,44,46,48,50,52
US,"Supply: 2-Way Curved Blade, Louvered Face",250,,,55,,55,250,,http://www.grilletechinc.com/products/commercial/curvedbladeceilingsupply.html,0,1,#ERROR,#ERROR,#ERROR,#ERROR,#ERROR,#ERROR,#ERROR,#ERROR,#ERROR,#ERROR,#ERROR,#ERROR,#ERROR,#ERROR,#ERROR,#ERROR,#ERROR,#ERROR,#ERROR,#ERROR,#ERROR,#ERROR,#ERROR,#ERROR,#ERROR,#ERROR,#ERROR,#ERROR,#ERROR,#ERROR,2,4,6,8,10,12,14,16,18,20,22,24,26,28,30,32,34,36,38,40,42,44,46,48,50,52
US,"Supply: 2-Way Curved Blade, Louvered Face",250,,,55,30,55,250,,http://www.grilletechinc.com/products/commercial/curvedbladeceilingsupply.html,0,1,#ERROR,#ERROR,#ERROR,#ERROR,#ERROR,#ERROR,#ERROR,#ERROR,#ERROR,#ERROR,#ERROR,#ERROR,#ERROR,#ERROR,#ERROR,#ERROR,#ERROR,#ERROR,#ERROR,#ERROR,#ERROR,#ERROR,#ERROR,#ERROR,#ERROR,#ERROR,#ERROR,#ERROR,#ERROR,#ERROR,2,4,6,8,10,12,14,16,18,20,22,24,26,28,30,32,34,36,38,40,42,44,46,48,50,52
US,"Supply: 2-Way Curved Blade, Louvered Face",250,,,150,,150,250,,http://www.grilletechinc.com/products/commercial/curvedbladeceilingsupply.html,0,1,#ERROR,#ERROR,#ERROR,#ERROR,#ERROR,#ERROR,#ERROR,#ERROR,#ERROR,#ERROR,#ERROR,#ERROR,#ERROR,#ERROR,#ERROR,#ERROR,#ERROR,#ERROR,#ERROR,#ERROR,#ERROR,#ERROR,#ERROR,#ERROR,#ERROR,#ERROR,#ERROR,#ERROR,#ERROR,#ERROR,2,4,6,8,10,12,14,16,18,20,22,24,26,28,30,32,34,36,38,40,42,44,46,48,50,52
US,"Supply: 2-Way Curved Blade, Louvered Face",250,,,150,30,150,250,,http://www.grilletechinc.com/products/commercial/curvedbladeceilingsupply.html,0,1,#ERROR,#ERROR,#ERROR,#ERROR,#ERROR,#ERROR,#ERROR,#ERROR,#ERROR,#ERROR,#ERROR,#ERROR,#ERROR,#ERROR,#ERROR,#ERROR,#ERROR,#ERROR,#ERROR,#ERROR,#ERROR,#ERROR,#ERROR,#ERROR,#ERROR,#ERROR,#ERROR,#ERROR,#ERROR,#ERROR,2,4,6,8,10,12,14,16,18,20,22,24,26,28,30,32,34,36,38,40,42,44,46,48,50,52
US,"Supply: 2-Way Curved Blade, Louvered Face",250,,,400,,400,250,,http://www.grilletechinc.com/products/commercial/curvedbladeceilingsupply.html,0,1,#ERROR,#ERROR,#ERROR,#ERROR,#ERROR,#ERROR,#ERROR,#ERROR,#ERROR,#ERROR,#ERROR,#ERROR,#ERROR,#ERROR,#ERROR,#ERROR,#ERROR,#ERROR,#ERROR,#ERROR,#ERROR,#ERROR,#ERROR,#ERROR,#ERROR,#ERROR,#ERROR,#ERROR,#ERROR,#ERROR,2,4,6,8,10,12,14,16,18,20,22,24,26,28,30,32,34,36,38,40,42,44,46,48,50,52
US,"Supply: 2-Way Curved Blade, Louvered Face",250,,,400,30,400,250,,http://www.grilletechinc.com/products/commercial/curvedbladeceilingsupply.html,0,1,#ERROR,#ERROR,#ERROR,#ERROR,#ERROR,#ERROR,#ERROR,#ERROR,#ERROR,#ERROR,#ERROR,#ERROR,#ERROR,#ERROR,#ERROR,#ERROR,#ERROR,#ERROR,#ERROR,#ERROR,#ERROR,#ERROR,#ERROR,#ERROR,#ERROR,#ERROR,#ERROR,#ERROR,#ERROR,#ERROR,2,4,6,8,10,12,14,16,18,20,22,24,26,28,30,32,34,36,38,40,42,44,46,48,50,52
US,"Supply: 2-Way Curved Blade, Louvered Face",250,,,900,,900,250,,http://www.grilletechinc.com/products/commercial/curvedbladeceilingsupply.html,0,1,#ERROR,#ERROR,#ERROR,#ERROR,#ERROR,#ERROR,#ERROR,#ERROR,#ERROR,#ERROR,#ERROR,#ERROR,#ERROR,#ERROR,#ERROR,#ERROR,#ERROR,#ERROR,#ERROR,#ERROR,#ERROR,#ERROR,#ERROR,#ERROR,#ERROR,#ERROR,#ERROR,#ERROR,#ERROR,#ERROR,2,4,6,8,10,12,14,16,18,20,22,24,26,28,30,32,34,36,38,40,42,44,46,48,50,52
US,"Supply: 2-Way Curved Blade, Louvered Face",250,,,900,30,900,250,,http://www.grilletechinc.com/products/commercial/curvedbladeceilingsupply.html,0,1,#ERROR,#ERROR,#ERROR,#ERROR,#ERROR,#ERROR,#ERROR,#ERROR,#ERROR,#ERROR,#ERROR,#ERROR,#ERROR,#ERROR,#ERROR,#ERROR,#ERROR,#ERROR,#ERROR,#ERROR,#ERROR,#ERROR,#ERROR,#ERROR,#ERROR,#ERROR,#ERROR,#ERROR,#ERROR,#ERROR,2,4,6,8,10,12,14,16,18,20,22,24,26,28,30,32,34,36,38,40,42,44,46,48,50,52
US,"Supply: 2-Way Curved Blade, Louvered Face",250,,,1500,,1500,250,,http://www.grilletechinc.com/products/commercial/curvedbladeceilingsupply.html,0,1,#ERROR,#ERROR,#ERROR,#ERROR,#ERROR,#ERROR,#ERROR,#ERROR,#ERROR,#ERROR,#ERROR,#ERROR,#ERROR,#ERROR,#ERROR,#ERROR,#ERROR,#ERROR,#ERROR,#ERROR,#ERROR,#ERROR,#ERROR,#ERROR,#ERROR,#ERROR,#ERROR,#ERROR,#ERROR,#ERROR,2,4,6,8,10,12,14,16,18,20,22,24,26,28,30,32,34,36,38,40,42,44,46,48,50,52
US,"Supply: 2-Way Curved Blade, Louvered Face",250,,,1500,30,1500,250,,http://www.grilletechinc.com/products/commercial/curvedbladeceilingsupply.html,0,1,#ERROR,#ERROR,#ERROR,#ERROR,#ERROR,#ERROR,#ERROR,#ERROR,#ERROR,#ERROR,#ERROR,#ERROR,#ERROR,#ERROR,#ERROR,#ERROR,#ERROR,#ERROR,#ERROR,#ERROR,#ERROR,#ERROR,#ERROR,#ERROR,#ERROR,#ERROR,#ERROR,#ERROR,#ERROR,#ERROR,2,4,6,8,10,12,14,16,18,20,22,24,26,28,30,32,34,36,38,40,42,44,46,48,50,52
US,"Supply: 2-Way Curved Blade, Louvered Face",250,,,3000,,3000,250,,http://www.grilletechinc.com/products/commercial/curvedbladeceilingsupply.html,0,1,#ERROR,#ERROR,#ERROR,#ERROR,#ERROR,#ERROR,#ERROR,#ERROR,#ERROR,#ERROR,#ERROR,#ERROR,#ERROR,#ERROR,#ERROR,#ERROR,#ERROR,#ERROR,#ERROR,#ERROR,#ERROR,#ERROR,#ERROR,#ERROR,#ERROR,#ERROR,#ERROR,#ERROR,#ERROR,#ERROR,2,4,6,8,10,12,14,16,18,20,22,24,26,28,30,32,34,36,38,40,42,44,46,48,50,52
US,"Supply: 2-Way Curved Blade, Louvered Face",250,,,3000,30,3000,250,,http://www.grilletechinc.com/products/commercial/curvedbladeceilingsupply.html,0,1,#ERROR,#ERROR,#ERROR,#ERROR,#ERROR,#ERROR,#ERROR,#ERROR,#ERROR,#ERROR,#ERROR,#ERROR,#ERROR,#ERROR,#ERROR,#ERROR,#ERROR,#ERROR,#ERROR,#ERROR,#ERROR,#ERROR,#ERROR,#ERROR,#ERROR,#ERROR,#ERROR,#ERROR,#ERROR,#ERROR,2,4,6,8,10,12,14,16,18,20,22,24,26,28,30,32,34,36,38,40,42,44,46,48,50,52
US,"Supply: 2-Way Curved Blade, Louvered Face",300,,,40,,40,300,,http://www.grilletechinc.com/products/commercial/curvedbladeceilingsupply.html,0,1,0,2,2,2,2,2,2,2,2,2,2,2,2,2,2,2,2,2,5,8,11,14,17,20,23,26,29,32,35,38,2,4,6,8,10,12,14,16,18,20,22,24,26,28,30,32,34,36,38,40,42,44,46,48,50,52
US,"Supply: 2-Way Curved Blade, Louvered Face",300,,,40,30,40,300,,http://www.grilletechinc.com/products/commercial/curvedbladeceilingsupply.html,0,1,0,2,2,2,2,2,2,2,2,2,2,2,2,2,2,2,2,2,5,8,11,14,17,20,23,26,29,32,35,38,2,4,6,8,10,12,14,16,18,20,22,24,26,28,30,32,34,36,38,40,42,44,46,48,50,52
US,"Supply: 2-Way Curved Blade, Louvered Face",300,,,55,,55,300,,http://www.grilletechinc.com/products/commercial/curvedbladeceilingsupply.html,0,1,0,2,2,2,2,2,2,2,2,2,2,2,2,2,2,2,2,2,5,8,11,14,17,20,23,26,29,32,35,38,2,4,6,8,10,12,14,16,18,20,22,24,26,28,30,32,34,36,38,40,42,44,46,48,50,52
US,"Supply: 2-Way Curved Blade, Louvered Face",300,,,55,30,55,300,,http://www.grilletechinc.com/products/commercial/curvedbladeceilingsupply.html,0,1,0,2,2,2,2,2,2,2,2,2,2,2,2,2,2,2,2,2,5,8,11,14,17,20,23,26,29,32,35,38,2,4,6,8,10,12,14,16,18,20,22,24,26,28,30,32,34,36,38,40,42,44,46,48,50,52
US,"Supply: 2-Way Curved Blade, Louvered Face",300,,,150,,150,300,,http://www.grilletechinc.com/products/commercial/curvedbladeceilingsupply.html,0,1,1,1,1,1,1,2,1,2,2,2,2,2,2,2,2,2,2,2,5,8,11,14,17,20,23,26,29,32,35,38,2,4,6,8,10,12,14,16,18,20,22,24,26,28,30,32,34,36,38,40,42,44,46,48,50,52
US,"Supply: 2-Way Curved Blade, Louvered Face",300,,,150,30,150,300,,http://www.grilletechinc.com/products/commercial/curvedbladeceilingsupply.html,0,1,1,1,1,1,1,2,1,2,2,2,2,2,2,2,2,2,2,2,5,8,11,14,17,20,23,26,29,32,35,38,2,4,6,8,10,12,14,16,18,20,22,24,26,28,30,32,34,36,38,40,42,44,46,48,50,52
US,"Supply: 2-Way Curved Blade, Louvered Face",300,,,400,,400,300,,http://www.grilletechinc.com/products/commercial/curvedbladeceilingsupply.html,0,1,1,1,1,1,1,1,1,1,1,1,1,1,2,0,2,2,2,2,5,8,11,14,17,20,23,26,29,32,35,38,2,4,6,8,10,12,14,16,18,20,22,24,26,28,30,32,34,36,38,40,42,44,46,48,50,52
US,"Supply: 2-Way Curved Blade, Louvered Face",300,,,400,30,400,300,,http://www.grilletechinc.com/products/commercial/curvedbladeceilingsupply.html,0,1,1,1,1,1,1,1,1,1,1,1,1,1,2,0,2,2,2,2,5,8,11,14,17,20,23,26,29,32,35,38,2,4,6,8,10,12,14,16,18,20,22,24,26,28,30,32,34,36,38,40,42,44,46,48,50,52
US,"Supply: 2-Way Curved Blade, Louvered Face",300,,,900,,900,300,,http://www.grilletechinc.com/products/commercial/curvedbladeceilingsupply.html,0,1,1,1,1,1,1,1,1,1,1,1,1,1,1,1,1,1,1,2,5,8,11,14,17,20,23,26,29,32,35,38,2,4,6,8,10,12,14,16,18,20,22,24,26,28,30,32,34,36,38,40,42,44,46,48,50,52
US,"Supply: 2-Way Curved Blade, Louvered Face",300,,,900,30,900,300,,http://www.grilletechinc.com/products/commercial/curvedbladeceilingsupply.html,0,1,1,1,1,1,1,1,1,1,1,1,1,1,1,1,1,1,1,2,5,8,11,14,17,20,23,26,29,32,35,38,2,4,6,8,10,12,14,16,18,20,22,24,26,28,30,32,34,36,38,40,42,44,46,48,50,52
US,"Supply: 2-Way Curved Blade, Louvered Face",300,,,1500,,1500,300,,http://www.grilletechinc.com/products/commercial/curvedbladeceilingsupply.html,0,1,1,1,1,1,1,1,1,1,1,1,1,1,1,1,1,1,1,1,1,1,1,1,1,1,1,1,1,1,1,1,2,4,6,8,10,12,14,16,18,20,22,24,26,28,30,32,34,36,38,40,42,44,46,48,50,52
US,"Supply: 2-Way Curved Blade, Louvered Face",300,,,1500,30,1500,300,,http://www.grilletechinc.com/products/commercial/curvedbladeceilingsupply.html,0,1,1,1,1,1,1,1,1,1,1,1,1,1,1,1,1,1,1,1,1,1,1,1,1,1,1,1,1,1,1,1,2,4,6,8,10,12,14,16,18,20,22,24,26,28,30,32,34,36,38,40,42,44,46,48,50,52
US,"Supply: 2-Way Curved Blade, Louvered Face",300,,,3000,,3000,300,,http://www.grilletechinc.com/products/commercial/curvedbladeceilingsupply.html,0,1,1,1,1,1,1,1,1,1,1,1,1,1,1,1,1,1,1,1,4,7,10,13,16,19,22,25,28,31,34,37,2,4,6,8,10,12,14,16,18,20,22,24,26,28,30,32,34,36,38,40,42,44,46,48,50,52
US,"Supply: 2-Way Curved Blade, Louvered Face",300,,,3000,30,3000,300,,http://www.grilletechinc.com/products/commercial/curvedbladeceilingsupply.html,0,1,1,1,1,1,1,1,1,1,1,1,1,1,1,1,1,1,1,1,4,7,10,13,16,19,22,25,28,31,34,37,2,4,6,8,10,12,14,16,18,20,22,24,26,28,30,32,34,36,38,40,42,44,46,48,50,52
US,"Supply: 2-Way Curved Blade, Louvered Face",500,,,40,,40,500,,http://www.grilletechinc.com/products/commercial/curvedbladeceilingsupply.html,0,1,0,2,2,2,2,2,2,2,2,2,2,2,2,2,2,2,2,2,5,8,11,14,17,20,23,26,29,32,35,38,2,4,6,8,10,12,14,16,18,20,22,24,26,28,30,32,34,36,38,40,42,44,46,48,50,52
US,"Supply: 2-Way Curved Blade, Louvered Face",500,,,40,30,40,500,,http://www.grilletechinc.com/products/commercial/curvedbladeceilingsupply.html,0,1,0,2,3,3,3,3,3,3,3,3,3,3,3,3,3,3,3,3,6,9,12,15,18,21,24,27,30,33,36,39,2,4,6,8,10,12,14,16,18,20,22,24,26,28,30,32,34,36,38,40,42,44,46,48,50,52
US,"Supply: 2-Way Curved Blade, Louvered Face",500,,,55,,55,500,,http://www.grilletechinc.com/products/commercial/curvedbladeceilingsupply.html,0,1,0,2,2,2,2,2,2,2,2,2,2,2,2,2,2,2,2,2,5,8,11,14,17,20,23,26,29,32,35,38,2,4,6,8,10,12,14,16,18,20,22,24,26,28,30,32,34,36,38,40,42,44,46,48,50,52
US,"Supply: 2-Way Curved Blade, Louvered Face",500,,,55,30,55,500,,http://www.grilletechinc.com/products/commercial/curvedbladeceilingsupply.html,0,1,0,2,3,3,3,3,3,3,3,3,3,3,3,3,3,3,3,3,6,9,12,15,18,21,24,27,30,33,36,39,2,4,6,8,10,12,14,16,18,20,22,24,26,28,30,32,34,36,38,40,42,44,46,48,50,52
US,"Supply: 2-Way Curved Blade, Louvered Face",500,,,150,,150,500,,http://www.grilletechinc.com/products/commercial/curvedbladeceilingsupply.html,0,1,1,1,1,0,0,2,0,2,2,2,2,2,2,2,2,2,2,2,5,8,11,14,17,20,23,26,29,32,35,38,2,4,6,8,10,12,14,16,18,20,22,24,26,28,30,32,34,36,38,40,42,44,46,48,50,52
US,"Supply: 2-Way Curved Blade, Louvered Face",500,,,150,30,150,500,,http://www.grilletechinc.com/products/commercial/curvedbladeceilingsupply.html,0,1,1,1,2,1,1,3,1,3,3,3,3,3,3,3,3,3,3,3,6,9,12,15,18,21,24,27,30,33,36,39,2,4,6,8,10,12,14,16,18,20,22,24,26,28,30,32,34,36,38,40,42,44,46,48,50,52
US,"Supply: 2-Way Curved Blade, Louvered Face",500,,,400,,400,500,,http://www.grilletechinc.com/products/commercial/curvedbladeceilingsupply.html,0,1,1,1,1,1,1,1,1,1,0,1,0,0,2,1,2,2,2,2,5,8,11,14,17,20,23,26,29,32,35,38,2,4,6,8,10,12,14,16,18,20,22,24,26,28,30,32,34,36,38,40,42,44,46,48,50,52
US,"Supply: 2-Way Curved Blade, Louvered Face",500,,,400,30,400,500,,http://www.grilletechinc.com/products/commercial/curvedbladeceilingsupply.html,0,1,1,1,2,2,2,2,2,2,1,2,1,1,3,2,3,3,3,3,6,9,12,15,18,21,24,27,30,33,36,39,2,4,6,8,10,12,14,16,18,20,22,24,26,28,30,32,34,36,38,40,42,44,46,48,50,52
US,"Supply: 2-Way Curved Blade, Louvered Face",500,,,900,,900,500,,http://www.grilletechinc.com/products/commercial/curvedbladeceilingsupply.html,0,1,1,1,1,1,1,1,1,1,1,1,1,1,1,1,0,0,1,2,5,8,11,14,17,20,23,26,29,32,35,38,2,4,6,8,10,12,14,16,18,20,22,24,26,28,30,32,34,36,38,40,42,44,46,48,50,52
US,"Supply: 2-Way Curved Blade, Louvered Face",500,,,900,30,900,500,,http://www.grilletechinc.com/products/commercial/curvedbladeceilingsupply.html,0,1,1,1,2,2,2,2,2,2,2,2,2,2,2,2,1,1,2,3,6,9,12,15,18,21,24,27,30,33,36,39,2,4,6,8,10,12,14,16,18,20,22,24,26,28,30,32,34,36,38,40,42,44,46,48,50,52
US,"Supply: 2-Way Curved Blade, Louvered Face",500,,,1500,,1500,500,,http://www.grilletechinc.com/products/commercial/curvedbladeceilingsupply.html,0,1,1,1,1,1,1,1,1,1,1,1,1,1,1,1,1,1,0,1,1,1,1,1,1,1,1,1,1,1,1,1,2,4,6,8,10,12,14,16,18,20,22,24,26,28,30,32,34,36,38,40,42,44,46,48,50,52
US,"Supply: 2-Way Curved Blade, Louvered Face",500,,,1500,30,1500,500,,http://www.grilletechinc.com/products/commercial/curvedbladeceilingsupply.html,0,1,1,1,2,2,2,2,2,2,2,2,2,2,2,2,2,2,1,2,2,2,2,2,2,2,2,2,2,2,2,2,2,4,6,8,10,12,14,16,18,20,22,24,26,28,30,32,34,36,38,40,42,44,46,48,50,52
US,"Supply: 2-Way Curved Blade, Louvered Face",500,,,3000,,3000,500,,http://www.grilletechinc.com/products/commercial/curvedbladeceilingsupply.html,0,1,1,1,1,1,1,1,1,1,1,1,1,1,1,1,1,1,1,0,0,0,0,0,0,0,0,0,0,0,0,0,2,4,6,8,10,12,14,16,18,20,22,24,26,28,30,32,34,36,38,40,42,44,46,48,50,52
US,"Supply: 2-Way Curved Blade, Louvered Face",500,,,3000,30,3000,500,,http://www.grilletechinc.com/products/commercial/curvedbladeceilingsupply.html,0,1,1,1,2,2,2,2,2,2,2,2,2,2,2,2,2,2,2,1,1,1,1,1,1,1,1,1,1,1,1,1,2,4,6,8,10,12,14,16,18,20,22,24,26,28,30,32,34,36,38,40,42,44,46,48,50,52
US,"Supply: 2-Way Curved Blade, Louvered Face",650,,,40,,40,650,,http://www.grilletechinc.com/products/commercial/curvedbladeceilingsupply.html,0,1,0,2,2,2,2,2,2,2,2,2,2,2,2,2,2,2,2,2,5,8,11,14,17,20,23,26,29,32,35,38,2,4,6,8,10,12,14,16,18,20,22,24,26,28,30,32,34,36,38,40,42,44,46,48,50,52
US,"Supply: 2-Way Curved Blade, Louvered Face",650,,,40,30,40,650,,http://www.grilletechinc.com/products/commercial/curvedbladeceilingsupply.html,0,1,1,3,3,3,3,3,3,3,3,3,3,3,3,3,3,3,3,3,6,9,12,15,18,21,24,27,30,33,36,39,2,4,6,8,10,12,14,16,18,20,22,24,26,28,30,32,34,36,38,40,42,44,46,48,50,52
US,"Supply: 2-Way Curved Blade, Louvered Face",650,,,55,,55,650,,http://www.grilletechinc.com/products/commercial/curvedbladeceilingsupply.html,0,1,0,2,2,2,2,2,2,2,2,2,2,2,2,2,2,2,2,2,5,8,11,14,17,20,23,26,29,32,35,38,2,4,6,8,10,12,14,16,18,20,22,24,26,28,30,32,34,36,38,40,42,44,46,48,50,52
US,"Supply: 2-Way Curved Blade, Louvered Face",650,,,55,30,55,650,,http://www.grilletechinc.com/products/commercial/curvedbladeceilingsupply.html,0,1,1,3,3,3,3,3,3,3,3,3,3,3,3,3,3,3,3,3,6,9,12,15,18,21,24,27,30,33,36,39,2,4,6,8,10,12,14,16,18,20,22,24,26,28,30,32,34,36,38,40,42,44,46,48,50,52
US,"Supply: 2-Way Curved Blade, Louvered Face",650,,,150,,150,650,,http://www.grilletechinc.com/products/commercial/curvedbladeceilingsupply.html,0,1,1,1,0,0,0,2,0,2,2,2,2,2,2,2,2,2,2,2,5,8,11,14,17,20,23,26,29,32,35,38,2,4,6,8,10,12,14,16,18,20,22,24,26,28,30,32,34,36,38,40,42,44,46,48,50,52
US,"Supply: 2-Way Curved Blade, Louvered Face",650,,,150,30,150,650,,http://www.grilletechinc.com/products/commercial/curvedbladeceilingsupply.html,0,1,2,2,1,1,1,3,1,3,3,3,3,3,3,3,3,3,3,3,6,9,12,15,18,21,24,27,30,33,36,39,2,4,6,8,10,12,14,16,18,20,22,24,26,28,30,32,34,36,38,40,42,44,46,48,50,52
US,"Supply: 2-Way Curved Blade, Louvered Face",650,,,400,,400,650,,http://www.grilletechinc.com/products/commercial/curvedbladeceilingsupply.html,0,1,1,1,1,1,1,0,1,0,0,1,0,0,2,1,2,2,2,2,5,8,11,14,17,20,23,26,29,32,35,38,2,4,6,8,10,12,14,16,18,20,22,24,26,28,30,32,34,36,38,40,42,44,46,48,50,52
US,"Supply: 2-Way Curved Blade, Louvered Face",650,,,400,30,400,650,,http://www.grilletechinc.com/products/commercial/curvedbladeceilingsupply.html,0,1,2,2,2,2,2,1,2,1,1,2,1,1,3,2,3,3,3,3,6,9,12,15,18,21,24,27,30,33,36,39,2,4,6,8,10,12,14,16,18,20,22,24,26,28,30,32,34,36,38,40,42,44,46,48,50,52
US,"Supply: 2-Way Curved Blade, Louvered Face",650,,,900,,900,650,,http://www.grilletechinc.com/products/commercial/curvedbladeceilingsupply.html,0,1,1,1,1,1,1,1,1,1,1,1,1,1,0,1,0,0,1,2,5,8,11,14,17,20,23,26,29,32,35,38,2,4,6,8,10,12,14,16,18,20,22,24,26,28,30,32,34,36,38,40,42,44,46,48,50,52
US,"Supply: 2-Way Curved Blade, Louvered Face",650,,,900,30,900,650,,http://www.grilletechinc.com/products/commercial/curvedbladeceilingsupply.html,0,1,2,2,2,2,2,2,2,2,2,2,2,2,1,2,1,1,2,3,6,9,12,15,18,21,24,27,30,33,36,39,2,4,6,8,10,12,14,16,18,20,22,24,26,28,30,32,34,36,38,40,42,44,46,48,50,52
US,"Supply: 2-Way Curved Blade, Louvered Face",650,,,1500,,1500,650,,http://www.grilletechinc.com/products/commercial/curvedbladeceilingsupply.html,0,1,1,1,1,1,1,1,1,1,1,1,1,1,1,1,1,1,0,1,1,1,1,1,1,1,1,1,1,1,1,1,2,4,6,8,10,12,14,16,18,20,22,24,26,28,30,32,34,36,38,40,42,44,46,48,50,52
US,"Supply: 2-Way Curved Blade, Louvered Face",650,,,1500,30,1500,650,,http://www.grilletechinc.com/products/commercial/curvedbladeceilingsupply.html,0,1,2,2,2,2,2,2,2,2,2,2,2,2,2,2,2,2,1,2,2,2,2,2,2,2,2,2,2,2,2,2,2,4,6,8,10,12,14,16,18,20,22,24,26,28,30,32,34,36,38,40,42,44,46,48,50,52
US,"Supply: 2-Way Curved Blade, Louvered Face",650,,,3000,,3000,650,,http://www.grilletechinc.com/products/commercial/curvedbladeceilingsupply.html,0,1,1,1,1,1,1,1,1,1,1,1,1,1,1,1,1,1,1,0,0,0,0,0,0,0,0,0,0,0,0,0,2,4,6,8,10,12,14,16,18,20,22,24,26,28,30,32,34,36,38,40,42,44,46,48,50,52
US,"Supply: 2-Way Curved Blade, Louvered Face",650,,,3000,30,3000,650,,http://www.grilletechinc.com/products/commercial/curvedbladeceilingsupply.html,0,1,2,2,2,2,2,2,2,2,2,2,2,2,2,2,2,2,2,1,1,1,1,1,1,1,1,1,1,1,1,1,2,4,6,8,10,12,14,16,18,20,22,24,26,28,30,32,34,36,38,40,42,44,46,48,50,52
US,"Supply: 2-Way Curved Blade, Louvered Face",1000,,,40,,40,1000,,http://www.grilletechinc.com/products/commercial/curvedbladeceilingsupply.html,0,1,0,2,2,2,2,2,2,2,2,2,2,2,2,2,2,#ERROR,#ERROR,#ERROR,#ERROR,#ERROR,#ERROR,#ERROR,#ERROR,#ERROR,#ERROR,#ERROR,#ERROR,#ERROR,#ERROR,#ERROR,2,4,6,8,10,12,14,16,18,20,22,24,26,28,30,32,34,36,38,40,42,44,46,48,50,52
US,"Supply: 2-Way Curved Blade, Louvered Face",1000,,,40,30,40,1000,,http://www.grilletechinc.com/products/commercial/curvedbladeceilingsupply.html,0,1,1,3,3,3,3,3,3,3,3,3,3,3,3,3,3,#ERROR,#ERROR,#ERROR,#ERROR,#ERROR,#ERROR,#ERROR,#ERROR,#ERROR,#ERROR,#ERROR,#ERROR,#ERROR,#ERROR,#ERROR,2,4,6,8,10,12,14,16,18,20,22,24,26,28,30,32,34,36,38,40,42,44,46,48,50,52
US,"Supply: 2-Way Curved Blade, Louvered Face",1000,,,55,,55,1000,,http://www.grilletechinc.com/products/commercial/curvedbladeceilingsupply.html,0,1,0,2,2,2,2,2,2,2,2,2,2,2,2,2,2,#ERROR,#ERROR,#ERROR,#ERROR,#ERROR,#ERROR,#ERROR,#ERROR,#ERROR,#ERROR,#ERROR,#ERROR,#ERROR,#ERROR,#ERROR,2,4,6,8,10,12,14,16,18,20,22,24,26,28,30,32,34,36,38,40,42,44,46,48,50,52
US,"Supply: 2-Way Curved Blade, Louvered Face",1000,,,55,30,55,1000,,http://www.grilletechinc.com/products/commercial/curvedbladeceilingsupply.html,0,1,1,3,3,3,3,3,3,3,3,3,3,3,3,3,3,#ERROR,#ERROR,#ERROR,#ERROR,#ERROR,#ERROR,#ERROR,#ERROR,#ERROR,#ERROR,#ERROR,#ERROR,#ERROR,#ERROR,#ERROR,2,4,6,8,10,12,14,16,18,20,22,24,26,28,30,32,34,36,38,40,42,44,46,48,50,52
US,"Supply: 2-Way Curved Blade, Louvered Face",1000,,,150,,150,1000,,http://www.grilletechinc.com/products/commercial/curvedbladeceilingsupply.html,0,1,0,0,0,0,0,2,0,2,2,2,2,2,2,2,2,#ERROR,#ERROR,#ERROR,#ERROR,#ERROR,#ERROR,#ERROR,#ERROR,#ERROR,#ERROR,#ERROR,#ERROR,#ERROR,#ERROR,#ERROR,2,4,6,8,10,12,14,16,18,20,22,24,26,28,30,32,34,36,38,40,42,44,46,48,50,52
US,"Supply: 2-Way Curved Blade, Louvered Face",1000,,,150,30,150,1000,,http://www.grilletechinc.com/products/commercial/curvedbladeceilingsupply.html,0,1,1,1,1,1,1,3,1,3,3,3,3,3,3,3,3,#ERROR,#ERROR,#ERROR,#ERROR,#ERROR,#ERROR,#ERROR,#ERROR,#ERROR,#ERROR,#ERROR,#ERROR,#ERROR,#ERROR,#ERROR,2,4,6,8,10,12,14,16,18,20,22,24,26,28,30,32,34,36,38,40,42,44,46,48,50,52
US,"Supply: 2-Way Curved Blade, Louvered Face",1000,,,400,,400,1000,,http://www.grilletechinc.com/products/commercial/curvedbladeceilingsupply.html,0,1,1,1,1,1,0,0,0,0,0,0,0,0,2,1,2,#ERROR,#ERROR,#ERROR,#ERROR,#ERROR,#ERROR,#ERROR,#ERROR,#ERROR,#ERROR,#ERROR,#ERROR,#ERROR,#ERROR,#ERROR,2,4,6,8,10,12,14,16,18,20,22,24,26,28,30,32,34,36,38,40,42,44,46,48,50,52
US,"Supply: 2-Way Curved Blade, Louvered Face",1000,,,400,30,400,1000,,http://www.grilletechinc.com/products/commercial/curvedbladeceilingsupply.html,0,1,2,2,2,2,1,1,1,1,1,1,1,1,3,2,3,#ERROR,#ERROR,#ERROR,#ERROR,#ERROR,#ERROR,#ERROR,#ERROR,#ERROR,#ERROR,#ERROR,#ERROR,#ERROR,#ERROR,#ERROR,2,4,6,8,10,12,14,16,18,20,22,24,26,28,30,32,34,36,38,40,42,44,46,48,50,52
US,"Supply: 2-Way Curved Blade, Louvered Face",1000,,,900,,900,1000,,http://www.grilletechinc.com/products/commercial/curvedbladeceilingsupply.html,0,1,1,1,1,1,1,1,1,1,0,1,0,0,0,0,0,#ERROR,#ERROR,#ERROR,#ERROR,#ERROR,#ERROR,#ERROR,#ERROR,#ERROR,#ERROR,#ERROR,#ERROR,#ERROR,#ERROR,#ERROR,2,4,6,8,10,12,14,16,18,20,22,24,26,28,30,32,34,36,38,40,42,44,46,48,50,52
US,"Supply: 2-Way Curved Blade, Louvered Face",1000,,,900,30,900,1000,,http://www.grilletechinc.com/products/commercial/curvedbladeceilingsupply.html,0,1,2,2,2,2,2,2,2,2,1,2,1,1,1,1,1,#ERROR,#ERROR,#ERROR,#ERROR,#ERROR,#ERROR,#ERROR,#ERROR,#ERROR,#ERROR,#ERROR,#ERROR,#ERROR,#ERROR,#ERROR,2,4,6,8,10,12,14,16,18,20,22,24,26,28,30,32,34,36,38,40,42,44,46,48,50,52
US,"Supply: 2-Way Curved Blade, Louvered Face",1000,,,1500,,1500,1000,,http://www.grilletechinc.com/products/commercial/curvedbladeceilingsupply.html,0,1,1,1,1,1,1,1,1,1,1,1,1,1,0,1,0,#ERROR,#ERROR,#ERROR,#ERROR,#ERROR,#ERROR,#ERROR,#ERROR,#ERROR,#ERROR,#ERROR,#ERROR,#ERROR,#ERROR,#ERROR,2,4,6,8,10,12,14,16,18,20,22,24,26,28,30,32,34,36,38,40,42,44,46,48,50,52
US,"Supply: 2-Way Curved Blade, Louvered Face",1000,,,1500,30,1500,1000,,http://www.grilletechinc.com/products/commercial/curvedbladeceilingsupply.html,0,1,2,2,2,2,2,2,2,2,2,2,2,2,1,2,1,#ERROR,#ERROR,#ERROR,#ERROR,#ERROR,#ERROR,#ERROR,#ERROR,#ERROR,#ERROR,#ERROR,#ERROR,#ERROR,#ERROR,#ERROR,2,4,6,8,10,12,14,16,18,20,22,24,26,28,30,32,34,36,38,40,42,44,46,48,50,52
US,"Supply: 2-Way Curved Blade, Louvered Face",1000,,,3000,,3000,1000,,http://www.grilletechinc.com/products/commercial/curvedbladeceilingsupply.html,0,1,1,1,1,1,1,1,1,1,1,1,1,1,1,1,1,#ERROR,#ERROR,#ERROR,#ERROR,#ERROR,#ERROR,#ERROR,#ERROR,#ERROR,#ERROR,#ERROR,#ERROR,#ERROR,#ERROR,#ERROR,2,4,6,8,10,12,14,16,18,20,22,24,26,28,30,32,34,36,38,40,42,44,46,48,50,52
US,"Supply: 2-Way Curved Blade, Louvered Face",1000,,,3000,30,3000,1000,,http://www.grilletechinc.com/products/commercial/curvedbladeceilingsupply.html,0,1,2,2,2,2,2,2,2,2,2,2,2,2,2,2,2,#ERROR,#ERROR,#ERROR,#ERROR,#ERROR,#ERROR,#ERROR,#ERROR,#ERROR,#ERROR,#ERROR,#ERROR,#ERROR,#ERROR,#ERROR,2,4,6,8,10,12,14,16,18,20,22,24,26,28,30,32,34,36,38,40,42,44,46,48,50,52
Metric,"Supply: 2-Way Curved Blade, Louvered Face",,1.2,20,,,42,236.220472,(236 FPM),http://www.grilletechinc.com/products/commercial/curvedbladeceilingsupply.html,0,1,#ERROR,#ERROR,#ERROR,#ERROR,#ERROR,#ERROR,#ERROR,#ERROR,#ERROR,#ERROR,#ERROR,#ERROR,#ERROR,#ERROR,#ERROR,#ERROR,#ERROR,#ERROR,#ERROR,#ERROR,#ERROR,#ERROR,#ERROR,#ERROR,#ERROR,#ERROR,#ERROR,#ERROR,#ERROR,#ERROR,2,4,6,8,10,12,14,16,18,20,22,24,26,28,30,32,34,36,38,40,42,44,46,48,50,52
Metric,"Supply: 2-Way Curved Blade, Louvered Face",,1.2,100,,,212,236.220472,(236 FPM),http://www.grilletechinc.com/products/commercial/curvedbladeceilingsupply.html,0,1,#ERROR,#ERROR,#ERROR,#ERROR,#ERROR,#ERROR,#ERROR,#ERROR,#ERROR,#ERROR,#ERROR,#ERROR,#ERROR,#ERROR,#ERROR,#ERROR,#ERROR,#ERROR,#ERROR,#ERROR,#ERROR,#ERROR,#ERROR,#ERROR,#ERROR,#ERROR,#ERROR,#ERROR,#ERROR,#ERROR,2,4,6,8,10,12,14,16,18,20,22,24,26,28,30,32,34,36,38,40,42,44,46,48,50,52
Metric,"Supply: 2-Way Curved Blade, Louvered Face",,1.2,500,,,1059,236.220472,(236 FPM),http://www.grilletechinc.com/products/commercial/curvedbladeceilingsupply.html,0,1,#ERROR,#ERROR,#ERROR,#ERROR,#ERROR,#ERROR,#ERROR,#ERROR,#ERROR,#ERROR,#ERROR,#ERROR,#ERROR,#ERROR,#ERROR,#ERROR,#ERROR,#ERROR,#ERROR,#ERROR,#ERROR,#ERROR,#ERROR,#ERROR,#ERROR,#ERROR,#ERROR,#ERROR,#ERROR,#ERROR,2,4,6,8,10,12,14,16,18,20,22,24,26,28,30,32,34,36,38,40,42,44,46,48,50,52
Metric,"Supply: 2-Way Curved Blade, Louvered Face",,2.5,20,,,42,492.125984,(492 FPM),http://www.grilletechinc.com/products/commercial/curvedbladeceilingsupply.html,0,1,0,2,2,2,2,2,2,2,2,2,2,2,2,2,2,2,2,2,5,8,11,14,17,20,23,26,29,32,35,38,2,4,6,8,10,12,14,16,18,20,22,24,26,28,30,32,34,36,38,40,42,44,46,48,50,52
Metric,"Supply: 2-Way Curved Blade, Louvered Face",,2.5,100,,,212,492.125984,(492 FPM),http://www.grilletechinc.com/products/commercial/curvedbladeceilingsupply.html,0,1,1,1,1,1,1,0,1,1,2,0,2,2,2,2,2,2,2,2,5,8,11,14,17,20,23,26,29,32,35,38,2,4,6,8,10,12,14,16,18,20,22,24,26,28,30,32,34,36,38,40,42,44,46,48,50,52
Metric,"Supply: 2-Way Curved Blade, Louvered Face",,2.5,500,,,1059,492.125984,(492 FPM),http://www.grilletechinc.com/products/commercial/curvedbladeceilingsupply.html,0,1,1,1,1,1,1,1,1,1,1,1,1,1,1,1,1,1,1,2,5,8,11,14,17,20,23,26,29,32,35,38,2,4,6,8,10,12,14,16,18,20,22,24,26,28,30,32,34,36,38,40,42,44,46,48,50,52
Metric,"Supply: 2-Way Curved Blade, Louvered Face",,3,20,,,42,590.551181,(591 FPM),http://www.grilletechinc.com/products/commercial/curvedbladeceilingsupply.html,0,1,0,2,2,2,2,2,2,2,2,2,2,2,2,2,2,2,2,2,5,8,11,14,17,20,23,26,29,32,35,38,2,4,6,8,10,12,14,16,18,20,22,24,26,28,30,32,34,36,38,40,42,44,46,48,50,52
Metric,"Supply: 2-Way Curved Blade, Louvered Face",,3,100,,,212,590.551181,(591 FPM),http://www.grilletechinc.com/products/commercial/curvedbladeceilingsupply.html,0,1,1,1,1,1,0,0,0,1,2,0,2,2,2,2,2,2,2,2,5,8,11,14,17,20,23,26,29,32,35,38,2,4,6,8,10,12,14,16,18,20,22,24,26,28,30,32,34,36,38,40,42,44,46,48,50,52
Metric,"Supply: 2-Way Curved Blade, Louvered Face",,3,500,,,1059,590.551181,(591 FPM),http://www.grilletechinc.com/products/commercial/curvedbladeceilingsupply.html,0,1,1,1,1,1,1,1,1,1,1,1,1,1,1,1,1,0,1,2,5,8,11,14,17,20,23,26,29,32,35,38,2,4,6,8,10,12,14,16,18,20,22,24,26,28,30,32,34,36,38,40,42,44,46,48,50,52
Metric,"Supply: 2-Way Curved Blade, Louvered Face",,5.2,20,,,42,1023.622047,(1024 FPM),http://www.grilletechinc.com/products/commercial/curvedbladeceilingsupply.html,0,1,0,2,2,2,2,2,2,2,2,2,2,2,2,2,2,#ERROR,#ERROR,#ERROR,#ERROR,#ERROR,#ERROR,#ERROR,#ERROR,#ERROR,#ERROR,#ERROR,#ERROR,#ERROR,#ERROR,#ERROR,2,4,6,8,10,12,14,16,18,20,22,24,26,28,30,32,34,36,38,40,42,44,46,48,50,52
Metric,"Supply: 2-Way Curved Blade, Louvered Face",,5.2,100,,,212,1023.622047,(1024 FPM),http://www.grilletechinc.com/products/commercial/curvedbladeceilingsupply.html,0,1,1,1,0,0,0,0,0,1,2,0,2,2,2,2,2,#ERROR,#ERROR,#ERROR,#ERROR,#ERROR,#ERROR,#ERROR,#ERROR,#ERROR,#ERROR,#ERROR,#ERROR,#ERROR,#ERROR,#ERROR,2,4,6,8,10,12,14,16,18,20,22,24,26,28,30,32,34,36,38,40,42,44,46,48,50,52
Metric,"Supply: 2-Way Curved Blade, Louvered Face",,5.2,500,,,1059,1023.622047,(1024 FPM),http://www.grilletechinc.com/products/commercial/curvedbladeceilingsupply.html,0,1,1,1,1,1,1,1,1,1,0,1,1,0,0,0,0,#ERROR,#ERROR,#ERROR,#ERROR,#ERROR,#ERROR,#ERROR,#ERROR,#ERROR,#ERROR,#ERROR,#ERROR,#ERROR,#ERROR,#ERROR,2,4,6,8,10,12,14,16,18,20,22,24,26,28,30,32,34,36,38,40,42,44,46,48,50,52
US,"Supply: 3-Way Curved Blade, Louvered Face",250,,,40,,40,250,,http://www.grilletechinc.com/products/commercial/curvedbladeceilingsupply.html,0,1,#ERROR,#ERROR,#ERROR,#ERROR,#ERROR,#ERROR,#ERROR,#ERROR,#ERROR,#ERROR,#ERROR,#ERROR,#ERROR,#ERROR,#ERROR,#ERROR,#ERROR,#ERROR,#ERROR,#ERROR,#ERROR,#ERROR,#ERROR,#ERROR,#ERROR,#ERROR,#ERROR,#ERROR,#ERROR,#ERROR,2,4,6,8,10,12,14,16,18,20,22,24,26,28,30,32,34,36,38,40,42,44,46,48,50,52
US,"Supply: 3-Way Curved Blade, Louvered Face",250,,,40,30,40,250,,http://www.grilletechinc.com/products/commercial/curvedbladeceilingsupply.html,0,1,#ERROR,#ERROR,#ERROR,#ERROR,#ERROR,#ERROR,#ERROR,#ERROR,#ERROR,#ERROR,#ERROR,#ERROR,#ERROR,#ERROR,#ERROR,#ERROR,#ERROR,#ERROR,#ERROR,#ERROR,#ERROR,#ERROR,#ERROR,#ERROR,#ERROR,#ERROR,#ERROR,#ERROR,#ERROR,#ERROR,2,4,6,8,10,12,14,16,18,20,22,24,26,28,30,32,34,36,38,40,42,44,46,48,50,52
US,"Supply: 3-Way Curved Blade, Louvered Face",250,,,55,,55,250,,http://www.grilletechinc.com/products/commercial/curvedbladeceilingsupply.html,0,1,#ERROR,#ERROR,#ERROR,#ERROR,#ERROR,#ERROR,#ERROR,#ERROR,#ERROR,#ERROR,#ERROR,#ERROR,#ERROR,#ERROR,#ERROR,#ERROR,#ERROR,#ERROR,#ERROR,#ERROR,#ERROR,#ERROR,#ERROR,#ERROR,#ERROR,#ERROR,#ERROR,#ERROR,#ERROR,#ERROR,2,4,6,8,10,12,14,16,18,20,22,24,26,28,30,32,34,36,38,40,42,44,46,48,50,52
US,"Supply: 3-Way Curved Blade, Louvered Face",250,,,55,30,55,250,,http://www.grilletechinc.com/products/commercial/curvedbladeceilingsupply.html,0,1,#ERROR,#ERROR,#ERROR,#ERROR,#ERROR,#ERROR,#ERROR,#ERROR,#ERROR,#ERROR,#ERROR,#ERROR,#ERROR,#ERROR,#ERROR,#ERROR,#ERROR,#ERROR,#ERROR,#ERROR,#ERROR,#ERROR,#ERROR,#ERROR,#ERROR,#ERROR,#ERROR,#ERROR,#ERROR,#ERROR,2,4,6,8,10,12,14,16,18,20,22,24,26,28,30,32,34,36,38,40,42,44,46,48,50,52
US,"Supply: 3-Way Curved Blade, Louvered Face",250,,,150,,150,250,,http://www.grilletechinc.com/products/commercial/curvedbladeceilingsupply.html,0,1,#ERROR,#ERROR,#ERROR,#ERROR,#ERROR,#ERROR,#ERROR,#ERROR,#ERROR,#ERROR,#ERROR,#ERROR,#ERROR,#ERROR,#ERROR,#ERROR,#ERROR,#ERROR,#ERROR,#ERROR,#ERROR,#ERROR,#ERROR,#ERROR,#ERROR,#ERROR,#ERROR,#ERROR,#ERROR,#ERROR,2,4,6,8,10,12,14,16,18,20,22,24,26,28,30,32,34,36,38,40,42,44,46,48,50,52
US,"Supply: 3-Way Curved Blade, Louvered Face",250,,,150,30,150,250,,http://www.grilletechinc.com/products/commercial/curvedbladeceilingsupply.html,0,1,#ERROR,#ERROR,#ERROR,#ERROR,#ERROR,#ERROR,#ERROR,#ERROR,#ERROR,#ERROR,#ERROR,#ERROR,#ERROR,#ERROR,#ERROR,#ERROR,#ERROR,#ERROR,#ERROR,#ERROR,#ERROR,#ERROR,#ERROR,#ERROR,#ERROR,#ERROR,#ERROR,#ERROR,#ERROR,#ERROR,2,4,6,8,10,12,14,16,18,20,22,24,26,28,30,32,34,36,38,40,42,44,46,48,50,52
US,"Supply: 3-Way Curved Blade, Louvered Face",250,,,400,,400,250,,http://www.grilletechinc.com/products/commercial/curvedbladeceilingsupply.html,0,1,#ERROR,#ERROR,#ERROR,#ERROR,#ERROR,#ERROR,#ERROR,#ERROR,#ERROR,#ERROR,#ERROR,#ERROR,#ERROR,#ERROR,#ERROR,#ERROR,#ERROR,#ERROR,#ERROR,#ERROR,#ERROR,#ERROR,#ERROR,#ERROR,#ERROR,#ERROR,#ERROR,#ERROR,#ERROR,#ERROR,2,4,6,8,10,12,14,16,18,20,22,24,26,28,30,32,34,36,38,40,42,44,46,48,50,52
US,"Supply: 3-Way Curved Blade, Louvered Face",250,,,400,30,400,250,,http://www.grilletechinc.com/products/commercial/curvedbladeceilingsupply.html,0,1,#ERROR,#ERROR,#ERROR,#ERROR,#ERROR,#ERROR,#ERROR,#ERROR,#ERROR,#ERROR,#ERROR,#ERROR,#ERROR,#ERROR,#ERROR,#ERROR,#ERROR,#ERROR,#ERROR,#ERROR,#ERROR,#ERROR,#ERROR,#ERROR,#ERROR,#ERROR,#ERROR,#ERROR,#ERROR,#ERROR,2,4,6,8,10,12,14,16,18,20,22,24,26,28,30,32,34,36,38,40,42,44,46,48,50,52
US,"Supply: 3-Way Curved Blade, Louvered Face",250,,,900,,900,250,,http://www.grilletechinc.com/products/commercial/curvedbladeceilingsupply.html,0,1,#ERROR,#ERROR,#ERROR,#ERROR,#ERROR,#ERROR,#ERROR,#ERROR,#ERROR,#ERROR,#ERROR,#ERROR,#ERROR,#ERROR,#ERROR,#ERROR,#ERROR,#ERROR,#ERROR,#ERROR,#ERROR,#ERROR,#ERROR,#ERROR,#ERROR,#ERROR,#ERROR,#ERROR,#ERROR,#ERROR,2,4,6,8,10,12,14,16,18,20,22,24,26,28,30,32,34,36,38,40,42,44,46,48,50,52
US,"Supply: 3-Way Curved Blade, Louvered Face",250,,,900,30,900,250,,http://www.grilletechinc.com/products/commercial/curvedbladeceilingsupply.html,0,1,#ERROR,#ERROR,#ERROR,#ERROR,#ERROR,#ERROR,#ERROR,#ERROR,#ERROR,#ERROR,#ERROR,#ERROR,#ERROR,#ERROR,#ERROR,#ERROR,#ERROR,#ERROR,#ERROR,#ERROR,#ERROR,#ERROR,#ERROR,#ERROR,#ERROR,#ERROR,#ERROR,#ERROR,#ERROR,#ERROR,2,4,6,8,10,12,14,16,18,20,22,24,26,28,30,32,34,36,38,40,42,44,46,48,50,52
US,"Supply: 3-Way Curved Blade, Louvered Face",250,,,1500,,1500,250,,http://www.grilletechinc.com/products/commercial/curvedbladeceilingsupply.html,0,1,#ERROR,#ERROR,#ERROR,#ERROR,#ERROR,#ERROR,#ERROR,#ERROR,#ERROR,#ERROR,#ERROR,#ERROR,#ERROR,#ERROR,#ERROR,#ERROR,#ERROR,#ERROR,#ERROR,#ERROR,#ERROR,#ERROR,#ERROR,#ERROR,#ERROR,#ERROR,#ERROR,#ERROR,#ERROR,#ERROR,2,4,6,8,10,12,14,16,18,20,22,24,26,28,30,32,34,36,38,40,42,44,46,48,50,52
US,"Supply: 3-Way Curved Blade, Louvered Face",250,,,1500,30,1500,250,,http://www.grilletechinc.com/products/commercial/curvedbladeceilingsupply.html,0,1,#ERROR,#ERROR,#ERROR,#ERROR,#ERROR,#ERROR,#ERROR,#ERROR,#ERROR,#ERROR,#ERROR,#ERROR,#ERROR,#ERROR,#ERROR,#ERROR,#ERROR,#ERROR,#ERROR,#ERROR,#ERROR,#ERROR,#ERROR,#ERROR,#ERROR,#ERROR,#ERROR,#ERROR,#ERROR,#ERROR,2,4,6,8,10,12,14,16,18,20,22,24,26,28,30,32,34,36,38,40,42,44,46,48,50,52
US,"Supply: 3-Way Curved Blade, Louvered Face",250,,,3000,,3000,250,,http://www.grilletechinc.com/products/commercial/curvedbladeceilingsupply.html,0,1,#ERROR,#ERROR,#ERROR,#ERROR,#ERROR,#ERROR,#ERROR,#ERROR,#ERROR,#ERROR,#ERROR,#ERROR,#ERROR,#ERROR,#ERROR,#ERROR,#ERROR,#ERROR,#ERROR,#ERROR,#ERROR,#ERROR,#ERROR,#ERROR,#ERROR,#ERROR,#ERROR,#ERROR,#ERROR,#ERROR,2,4,6,8,10,12,14,16,18,20,22,24,26,28,30,32,34,36,38,40,42,44,46,48,50,52
US,"Supply: 3-Way Curved Blade, Louvered Face",250,,,3000,30,3000,250,,http://www.grilletechinc.com/products/commercial/curvedbladeceilingsupply.html,0,1,#ERROR,#ERROR,#ERROR,#ERROR,#ERROR,#ERROR,#ERROR,#ERROR,#ERROR,#ERROR,#ERROR,#ERROR,#ERROR,#ERROR,#ERROR,#ERROR,#ERROR,#ERROR,#ERROR,#ERROR,#ERROR,#ERROR,#ERROR,#ERROR,#ERROR,#ERROR,#ERROR,#ERROR,#ERROR,#ERROR,2,4,6,8,10,12,14,16,18,20,22,24,26,28,30,32,34,36,38,40,42,44,46,48,50,52
US,"Supply: 3-Way Curved Blade, Louvered Face",300,,,40,,40,300,,http://www.grilletechinc.com/products/commercial/curvedbladeceilingsupply.html,0,1,0,2,2,2,2,2,2,2,2,2,2,2,2,2,2,2,2,2,5,8,11,14,17,20,23,26,29,32,35,38,2,4,6,8,10,12,14,16,18,20,22,24,26,28,30,32,34,36,38,40,42,44,46,48,50,52
US,"Supply: 3-Way Curved Blade, Louvered Face",300,,,40,30,40,300,,http://www.grilletechinc.com/products/commercial/curvedbladeceilingsupply.html,0,1,0,2,2,2,2,2,2,2,2,2,2,2,2,2,2,2,2,2,5,8,11,14,17,20,23,26,29,32,35,38,2,4,6,8,10,12,14,16,18,20,22,24,26,28,30,32,34,36,38,40,42,44,46,48,50,52
US,"Supply: 3-Way Curved Blade, Louvered Face",300,,,55,,55,300,,http://www.grilletechinc.com/products/commercial/curvedbladeceilingsupply.html,0,1,0,2,2,2,2,2,2,2,2,2,2,2,2,2,2,2,2,2,5,8,11,14,17,20,23,26,29,32,35,38,2,4,6,8,10,12,14,16,18,20,22,24,26,28,30,32,34,36,38,40,42,44,46,48,50,52
US,"Supply: 3-Way Curved Blade, Louvered Face",300,,,55,30,55,300,,http://www.grilletechinc.com/products/commercial/curvedbladeceilingsupply.html,0,1,0,2,2,2,2,2,2,2,2,2,2,2,2,2,2,2,2,2,5,8,11,14,17,20,23,26,29,32,35,38,2,4,6,8,10,12,14,16,18,20,22,24,26,28,30,32,34,36,38,40,42,44,46,48,50,52
US,"Supply: 3-Way Curved Blade, Louvered Face",300,,,150,,150,300,,http://www.grilletechinc.com/products/commercial/curvedbladeceilingsupply.html,0,1,1,1,1,1,1,2,1,2,2,2,2,2,2,2,2,2,2,2,5,8,11,14,17,20,23,26,29,32,35,38,2,4,6,8,10,12,14,16,18,20,22,24,26,28,30,32,34,36,38,40,42,44,46,48,50,52
US,"Supply: 3-Way Curved Blade, Louvered Face",300,,,150,30,150,300,,http://www.grilletechinc.com/products/commercial/curvedbladeceilingsupply.html,0,1,1,1,1,1,1,2,1,2,2,2,2,2,2,2,2,2,2,2,5,8,11,14,17,20,23,26,29,32,35,38,2,4,6,8,10,12,14,16,18,20,22,24,26,28,30,32,34,36,38,40,42,44,46,48,50,52
US,"Supply: 3-Way Curved Blade, Louvered Face",300,,,400,,400,300,,http://www.grilletechinc.com/products/commercial/curvedbladeceilingsupply.html,0,1,1,1,1,1,1,1,1,1,1,1,1,1,2,0,2,2,2,2,5,8,11,14,17,20,23,26,29,32,35,38,2,4,6,8,10,12,14,16,18,20,22,24,26,28,30,32,34,36,38,40,42,44,46,48,50,52
US,"Supply: 3-Way Curved Blade, Louvered Face",300,,,400,30,400,300,,http://www.grilletechinc.com/products/commercial/curvedbladeceilingsupply.html,0,1,1,1,1,1,1,1,1,1,1,1,1,1,2,0,2,2,2,2,5,8,11,14,17,20,23,26,29,32,35,38,2,4,6,8,10,12,14,16,18,20,22,24,26,28,30,32,34,36,38,40,42,44,46,48,50,52
US,"Supply: 3-Way Curved Blade, Louvered Face",300,,,900,,900,300,,http://www.grilletechinc.com/products/commercial/curvedbladeceilingsupply.html,0,1,1,1,1,1,1,1,1,1,1,1,1,1,1,1,1,1,1,2,5,8,11,14,17,20,23,26,29,32,35,38,2,4,6,8,10,12,14,16,18,20,22,24,26,28,30,32,34,36,38,40,42,44,46,48,50,52
US,"Supply: 3-Way Curved Blade, Louvered Face",300,,,900,30,900,300,,http://www.grilletechinc.com/products/commercial/curvedbladeceilingsupply.html,0,1,1,1,1,1,1,1,1,1,1,1,1,1,1,1,1,1,1,2,5,8,11,14,17,20,23,26,29,32,35,38,2,4,6,8,10,12,14,16,18,20,22,24,26,28,30,32,34,36,38,40,42,44,46,48,50,52
US,"Supply: 3-Way Curved Blade, Louvered Face",300,,,1500,,1500,300,,http://www.grilletechinc.com/products/commercial/curvedbladeceilingsupply.html,0,1,1,1,1,1,1,1,1,1,1,1,1,1,1,1,1,1,1,1,1,1,1,1,1,1,1,1,1,1,1,1,2,4,6,8,10,12,14,16,18,20,22,24,26,28,30,32,34,36,38,40,42,44,46,48,50,52
US,"Supply: 3-Way Curved Blade, Louvered Face",300,,,1500,30,1500,300,,http://www.grilletechinc.com/products/commercial/curvedbladeceilingsupply.html,0,1,1,1,1,1,1,1,1,1,1,1,1,1,1,1,1,1,1,1,1,1,1,1,1,1,1,1,1,1,1,1,2,4,6,8,10,12,14,16,18,20,22,24,26,28,30,32,34,36,38,40,42,44,46,48,50,52
US,"Supply: 3-Way Curved Blade, Louvered Face",300,,,3000,,3000,300,,http://www.grilletechinc.com/products/commercial/curvedbladeceilingsupply.html,0,1,1,1,1,1,1,1,1,1,1,1,1,1,1,1,1,1,1,1,4,7,10,13,16,19,22,25,28,31,34,37,2,4,6,8,10,12,14,16,18,20,22,24,26,28,30,32,34,36,38,40,42,44,46,48,50,52
US,"Supply: 3-Way Curved Blade, Louvered Face",300,,,3000,30,3000,300,,http://www.grilletechinc.com/products/commercial/curvedbladeceilingsupply.html,0,1,1,1,1,1,1,1,1,1,1,1,1,1,1,1,1,1,1,1,4,7,10,13,16,19,22,25,28,31,34,37,2,4,6,8,10,12,14,16,18,20,22,24,26,28,30,32,34,36,38,40,42,44,46,48,50,52
US,"Supply: 3-Way Curved Blade, Louvered Face",500,,,40,,40,500,,http://www.grilletechinc.com/products/commercial/curvedbladeceilingsupply.html,0,1,0,2,2,2,2,2,2,2,2,2,2,2,2,2,2,2,2,2,5,8,11,14,17,20,23,26,29,32,35,38,2,4,6,8,10,12,14,16,18,20,22,24,26,28,30,32,34,36,38,40,42,44,46,48,50,52
US,"Supply: 3-Way Curved Blade, Louvered Face",500,,,40,30,40,500,,http://www.grilletechinc.com/products/commercial/curvedbladeceilingsupply.html,0,1,0,2,3,3,3,3,3,3,3,3,3,3,3,3,3,3,3,3,6,9,12,15,18,21,24,27,30,33,36,39,2,4,6,8,10,12,14,16,18,20,22,24,26,28,30,32,34,36,38,40,42,44,46,48,50,52
US,"Supply: 3-Way Curved Blade, Louvered Face",500,,,55,,55,500,,http://www.grilletechinc.com/products/commercial/curvedbladeceilingsupply.html,0,1,0,2,2,2,2,2,2,2,2,2,2,2,2,2,2,2,2,2,5,8,11,14,17,20,23,26,29,32,35,38,2,4,6,8,10,12,14,16,18,20,22,24,26,28,30,32,34,36,38,40,42,44,46,48,50,52
US,"Supply: 3-Way Curved Blade, Louvered Face",500,,,55,30,55,500,,http://www.grilletechinc.com/products/commercial/curvedbladeceilingsupply.html,0,1,0,2,3,3,3,3,3,3,3,3,3,3,3,3,3,3,3,3,6,9,12,15,18,21,24,27,30,33,36,39,2,4,6,8,10,12,14,16,18,20,22,24,26,28,30,32,34,36,38,40,42,44,46,48,50,52
US,"Supply: 3-Way Curved Blade, Louvered Face",500,,,150,,150,500,,http://www.grilletechinc.com/products/commercial/curvedbladeceilingsupply.html,0,1,1,1,1,0,0,2,0,2,2,2,2,2,2,2,2,2,2,2,5,8,11,14,17,20,23,26,29,32,35,38,2,4,6,8,10,12,14,16,18,20,22,24,26,28,30,32,34,36,38,40,42,44,46,48,50,52
US,"Supply: 3-Way Curved Blade, Louvered Face",500,,,150,30,150,500,,http://www.grilletechinc.com/products/commercial/curvedbladeceilingsupply.html,0,1,1,1,2,1,1,3,1,3,3,3,3,3,3,3,3,3,3,3,6,9,12,15,18,21,24,27,30,33,36,39,2,4,6,8,10,12,14,16,18,20,22,24,26,28,30,32,34,36,38,40,42,44,46,48,50,52
US,"Supply: 3-Way Curved Blade, Louvered Face",500,,,400,,400,500,,http://www.grilletechinc.com/products/commercial/curvedbladeceilingsupply.html,0,1,1,1,1,1,1,1,1,1,0,1,0,0,2,1,2,2,2,2,5,8,11,14,17,20,23,26,29,32,35,38,2,4,6,8,10,12,14,16,18,20,22,24,26,28,30,32,34,36,38,40,42,44,46,48,50,52
US,"Supply: 3-Way Curved Blade, Louvered Face",500,,,400,30,400,500,,http://www.grilletechinc.com/products/commercial/curvedbladeceilingsupply.html,0,1,1,1,2,2,2,2,2,2,1,2,1,1,3,2,3,3,3,3,6,9,12,15,18,21,24,27,30,33,36,39,2,4,6,8,10,12,14,16,18,20,22,24,26,28,30,32,34,36,38,40,42,44,46,48,50,52
US,"Supply: 3-Way Curved Blade, Louvered Face",500,,,900,,900,500,,http://www.grilletechinc.com/products/commercial/curvedbladeceilingsupply.html,0,1,1,1,1,1,1,1,1,1,1,1,1,1,1,1,0,0,1,2,5,8,11,14,17,20,23,26,29,32,35,38,2,4,6,8,10,12,14,16,18,20,22,24,26,28,30,32,34,36,38,40,42,44,46,48,50,52
US,"Supply: 3-Way Curved Blade, Louvered Face",500,,,900,30,900,500,,http://www.grilletechinc.com/products/commercial/curvedbladeceilingsupply.html,0,1,1,1,2,2,2,2,2,2,2,2,2,2,2,2,1,1,2,3,6,9,12,15,18,21,24,27,30,33,36,39,2,4,6,8,10,12,14,16,18,20,22,24,26,28,30,32,34,36,38,40,42,44,46,48,50,52
US,"Supply: 3-Way Curved Blade, Louvered Face",500,,,1500,,1500,500,,http://www.grilletechinc.com/products/commercial/curvedbladeceilingsupply.html,0,1,1,1,1,1,1,1,1,1,1,1,1,1,1,1,1,1,0,1,1,1,1,1,1,1,1,1,1,1,1,1,2,4,6,8,10,12,14,16,18,20,22,24,26,28,30,32,34,36,38,40,42,44,46,48,50,52
US,"Supply: 3-Way Curved Blade, Louvered Face",500,,,1500,30,1500,500,,http://www.grilletechinc.com/products/commercial/curvedbladeceilingsupply.html,0,1,1,1,2,2,2,2,2,2,2,2,2,2,2,2,2,2,1,2,2,2,2,2,2,2,2,2,2,2,2,2,2,4,6,8,10,12,14,16,18,20,22,24,26,28,30,32,34,36,38,40,42,44,46,48,50,52
US,"Supply: 3-Way Curved Blade, Louvered Face",500,,,3000,,3000,500,,http://www.grilletechinc.com/products/commercial/curvedbladeceilingsupply.html,0,1,1,1,1,1,1,1,1,1,1,1,1,1,1,1,1,1,1,0,0,0,0,0,0,0,0,0,0,0,0,0,2,4,6,8,10,12,14,16,18,20,22,24,26,28,30,32,34,36,38,40,42,44,46,48,50,52
US,"Supply: 3-Way Curved Blade, Louvered Face",500,,,3000,30,3000,500,,http://www.grilletechinc.com/products/commercial/curvedbladeceilingsupply.html,0,1,1,1,2,2,2,2,2,2,2,2,2,2,2,2,2,2,2,1,1,1,1,1,1,1,1,1,1,1,1,1,2,4,6,8,10,12,14,16,18,20,22,24,26,28,30,32,34,36,38,40,42,44,46,48,50,52
US,"Supply: 3-Way Curved Blade, Louvered Face",650,,,40,,40,650,,http://www.grilletechinc.com/products/commercial/curvedbladeceilingsupply.html,0,1,0,2,2,2,2,2,2,2,2,2,2,2,2,2,2,2,2,2,5,8,11,14,17,20,23,26,29,32,35,38,2,4,6,8,10,12,14,16,18,20,22,24,26,28,30,32,34,36,38,40,42,44,46,48,50,52
US,"Supply: 3-Way Curved Blade, Louvered Face",650,,,40,30,40,650,,http://www.grilletechinc.com/products/commercial/curvedbladeceilingsupply.html,0,1,1,3,3,3,3,3,3,3,3,3,3,3,3,3,3,3,3,3,6,9,12,15,18,21,24,27,30,33,36,39,2,4,6,8,10,12,14,16,18,20,22,24,26,28,30,32,34,36,38,40,42,44,46,48,50,52
US,"Supply: 3-Way Curved Blade, Louvered Face",650,,,55,,55,650,,http://www.grilletechinc.com/products/commercial/curvedbladeceilingsupply.html,0,1,0,2,2,2,2,2,2,2,2,2,2,2,2,2,2,2,2,2,5,8,11,14,17,20,23,26,29,32,35,38,2,4,6,8,10,12,14,16,18,20,22,24,26,28,30,32,34,36,38,40,42,44,46,48,50,52
US,"Supply: 3-Way Curved Blade, Louvered Face",650,,,55,30,55,650,,http://www.grilletechinc.com/products/commercial/curvedbladeceilingsupply.html,0,1,1,3,3,3,3,3,3,3,3,3,3,3,3,3,3,3,3,3,6,9,12,15,18,21,24,27,30,33,36,39,2,4,6,8,10,12,14,16,18,20,22,24,26,28,30,32,34,36,38,40,42,44,46,48,50,52
US,"Supply: 3-Way Curved Blade, Louvered Face",650,,,150,,150,650,,http://www.grilletechinc.com/products/commercial/curvedbladeceilingsupply.html,0,1,1,1,0,0,0,2,0,2,2,2,2,2,2,2,2,2,2,2,5,8,11,14,17,20,23,26,29,32,35,38,2,4,6,8,10,12,14,16,18,20,22,24,26,28,30,32,34,36,38,40,42,44,46,48,50,52
US,"Supply: 3-Way Curved Blade, Louvered Face",650,,,150,30,150,650,,http://www.grilletechinc.com/products/commercial/curvedbladeceilingsupply.html,0,1,2,2,1,1,1,3,1,3,3,3,3,3,3,3,3,3,3,3,6,9,12,15,18,21,24,27,30,33,36,39,2,4,6,8,10,12,14,16,18,20,22,24,26,28,30,32,34,36,38,40,42,44,46,48,50,52
US,"Supply: 3-Way Curved Blade, Louvered Face",650,,,400,,400,650,,http://www.grilletechinc.com/products/commercial/curvedbladeceilingsupply.html,0,1,1,1,1,1,1,0,1,0,0,1,0,0,2,1,2,2,2,2,5,8,11,14,17,20,23,26,29,32,35,38,2,4,6,8,10,12,14,16,18,20,22,24,26,28,30,32,34,36,38,40,42,44,46,48,50,52
US,"Supply: 3-Way Curved Blade, Louvered Face",650,,,400,30,400,650,,http://www.grilletechinc.com/products/commercial/curvedbladeceilingsupply.html,0,1,2,2,2,2,2,1,2,1,1,2,1,1,3,2,3,3,3,3,6,9,12,15,18,21,24,27,30,33,36,39,2,4,6,8,10,12,14,16,18,20,22,24,26,28,30,32,34,36,38,40,42,44,46,48,50,52
US,"Supply: 3-Way Curved Blade, Louvered Face",650,,,900,,900,650,,http://www.grilletechinc.com/products/commercial/curvedbladeceilingsupply.html,0,1,1,1,1,1,1,1,1,1,1,1,1,1,0,1,0,0,1,2,5,8,11,14,17,20,23,26,29,32,35,38,2,4,6,8,10,12,14,16,18,20,22,24,26,28,30,32,34,36,38,40,42,44,46,48,50,52
US,"Supply: 3-Way Curved Blade, Louvered Face",650,,,900,30,900,650,,http://www.grilletechinc.com/products/commercial/curvedbladeceilingsupply.html,0,1,2,2,2,2,2,2,2,2,2,2,2,2,1,2,1,1,2,3,6,9,12,15,18,21,24,27,30,33,36,39,2,4,6,8,10,12,14,16,18,20,22,24,26,28,30,32,34,36,38,40,42,44,46,48,50,52
US,"Supply: 3-Way Curved Blade, Louvered Face",650,,,1500,,1500,650,,http://www.grilletechinc.com/products/commercial/curvedbladeceilingsupply.html,0,1,1,1,1,1,1,1,1,1,1,1,1,1,1,1,1,1,0,1,1,1,1,1,1,1,1,1,1,1,1,1,2,4,6,8,10,12,14,16,18,20,22,24,26,28,30,32,34,36,38,40,42,44,46,48,50,52
US,"Supply: 3-Way Curved Blade, Louvered Face",650,,,1500,30,1500,650,,http://www.grilletechinc.com/products/commercial/curvedbladeceilingsupply.html,0,1,2,2,2,2,2,2,2,2,2,2,2,2,2,2,2,2,1,2,2,2,2,2,2,2,2,2,2,2,2,2,2,4,6,8,10,12,14,16,18,20,22,24,26,28,30,32,34,36,38,40,42,44,46,48,50,52
US,"Supply: 3-Way Curved Blade, Louvered Face",650,,,3000,,3000,650,,http://www.grilletechinc.com/products/commercial/curvedbladeceilingsupply.html,0,1,1,1,1,1,1,1,1,1,1,1,1,1,1,1,1,1,1,0,0,0,0,0,0,0,0,0,0,0,0,0,2,4,6,8,10,12,14,16,18,20,22,24,26,28,30,32,34,36,38,40,42,44,46,48,50,52
US,"Supply: 3-Way Curved Blade, Louvered Face",650,,,3000,30,3000,650,,http://www.grilletechinc.com/products/commercial/curvedbladeceilingsupply.html,0,1,2,2,2,2,2,2,2,2,2,2,2,2,2,2,2,2,2,1,1,1,1,1,1,1,1,1,1,1,1,1,2,4,6,8,10,12,14,16,18,20,22,24,26,28,30,32,34,36,38,40,42,44,46,48,50,52
US,"Supply: 3-Way Curved Blade, Louvered Face",1000,,,40,,40,1000,,http://www.grilletechinc.com/products/commercial/curvedbladeceilingsupply.html,0,1,0,2,2,2,2,2,2,2,2,2,2,2,2,2,2,#ERROR,#ERROR,#ERROR,#ERROR,#ERROR,#ERROR,#ERROR,#ERROR,#ERROR,#ERROR,#ERROR,#ERROR,#ERROR,#ERROR,#ERROR,2,4,6,8,10,12,14,16,18,20,22,24,26,28,30,32,34,36,38,40,42,44,46,48,50,52
US,"Supply: 3-Way Curved Blade, Louvered Face",1000,,,40,30,40,1000,,http://www.grilletechinc.com/products/commercial/curvedbladeceilingsupply.html,0,1,1,3,3,3,3,3,3,3,3,3,3,3,3,3,3,#ERROR,#ERROR,#ERROR,#ERROR,#ERROR,#ERROR,#ERROR,#ERROR,#ERROR,#ERROR,#ERROR,#ERROR,#ERROR,#ERROR,#ERROR,2,4,6,8,10,12,14,16,18,20,22,24,26,28,30,32,34,36,38,40,42,44,46,48,50,52
US,"Supply: 3-Way Curved Blade, Louvered Face",1000,,,55,,55,1000,,http://www.grilletechinc.com/products/commercial/curvedbladeceilingsupply.html,0,1,0,2,2,2,2,2,2,2,2,2,2,2,2,2,2,#ERROR,#ERROR,#ERROR,#ERROR,#ERROR,#ERROR,#ERROR,#ERROR,#ERROR,#ERROR,#ERROR,#ERROR,#ERROR,#ERROR,#ERROR,2,4,6,8,10,12,14,16,18,20,22,24,26,28,30,32,34,36,38,40,42,44,46,48,50,52
US,"Supply: 3-Way Curved Blade, Louvered Face",1000,,,55,30,55,1000,,http://www.grilletechinc.com/products/commercial/curvedbladeceilingsupply.html,0,1,1,3,3,3,3,3,3,3,3,3,3,3,3,3,3,#ERROR,#ERROR,#ERROR,#ERROR,#ERROR,#ERROR,#ERROR,#ERROR,#ERROR,#ERROR,#ERROR,#ERROR,#ERROR,#ERROR,#ERROR,2,4,6,8,10,12,14,16,18,20,22,24,26,28,30,32,34,36,38,40,42,44,46,48,50,52
US,"Supply: 3-Way Curved Blade, Louvered Face",1000,,,150,,150,1000,,http://www.grilletechinc.com/products/commercial/curvedbladeceilingsupply.html,0,1,0,0,0,0,0,2,0,2,2,2,2,2,2,2,2,#ERROR,#ERROR,#ERROR,#ERROR,#ERROR,#ERROR,#ERROR,#ERROR,#ERROR,#ERROR,#ERROR,#ERROR,#ERROR,#ERROR,#ERROR,2,4,6,8,10,12,14,16,18,20,22,24,26,28,30,32,34,36,38,40,42,44,46,48,50,52
US,"Supply: 3-Way Curved Blade, Louvered Face",1000,,,150,30,150,1000,,http://www.grilletechinc.com/products/commercial/curvedbladeceilingsupply.html,0,1,1,1,1,1,1,3,1,3,3,3,3,3,3,3,3,#ERROR,#ERROR,#ERROR,#ERROR,#ERROR,#ERROR,#ERROR,#ERROR,#ERROR,#ERROR,#ERROR,#ERROR,#ERROR,#ERROR,#ERROR,2,4,6,8,10,12,14,16,18,20,22,24,26,28,30,32,34,36,38,40,42,44,46,48,50,52
US,"Supply: 3-Way Curved Blade, Louvered Face",1000,,,400,,400,1000,,http://www.grilletechinc.com/products/commercial/curvedbladeceilingsupply.html,0,1,1,1,1,1,0,0,0,0,0,0,0,0,2,1,2,#ERROR,#ERROR,#ERROR,#ERROR,#ERROR,#ERROR,#ERROR,#ERROR,#ERROR,#ERROR,#ERROR,#ERROR,#ERROR,#ERROR,#ERROR,2,4,6,8,10,12,14,16,18,20,22,24,26,28,30,32,34,36,38,40,42,44,46,48,50,52
US,"Supply: 3-Way Curved Blade, Louvered Face",1000,,,400,30,400,1000,,http://www.grilletechinc.com/products/commercial/curvedbladeceilingsupply.html,0,1,2,2,2,2,1,1,1,1,1,1,1,1,3,2,3,#ERROR,#ERROR,#ERROR,#ERROR,#ERROR,#ERROR,#ERROR,#ERROR,#ERROR,#ERROR,#ERROR,#ERROR,#ERROR,#ERROR,#ERROR,2,4,6,8,10,12,14,16,18,20,22,24,26,28,30,32,34,36,38,40,42,44,46,48,50,52
US,"Supply: 3-Way Curved Blade, Louvered Face",1000,,,900,,900,1000,,http://www.grilletechinc.com/products/commercial/curvedbladeceilingsupply.html,0,1,1,1,1,1,1,1,1,1,0,1,0,0,0,0,0,#ERROR,#ERROR,#ERROR,#ERROR,#ERROR,#ERROR,#ERROR,#ERROR,#ERROR,#ERROR,#ERROR,#ERROR,#ERROR,#ERROR,#ERROR,2,4,6,8,10,12,14,16,18,20,22,24,26,28,30,32,34,36,38,40,42,44,46,48,50,52
US,"Supply: 3-Way Curved Blade, Louvered Face",1000,,,900,30,900,1000,,http://www.grilletechinc.com/products/commercial/curvedbladeceilingsupply.html,0,1,2,2,2,2,2,2,2,2,1,2,1,1,1,1,1,#ERROR,#ERROR,#ERROR,#ERROR,#ERROR,#ERROR,#ERROR,#ERROR,#ERROR,#ERROR,#ERROR,#ERROR,#ERROR,#ERROR,#ERROR,2,4,6,8,10,12,14,16,18,20,22,24,26,28,30,32,34,36,38,40,42,44,46,48,50,52
US,"Supply: 3-Way Curved Blade, Louvered Face",1000,,,1500,,1500,1000,,http://www.grilletechinc.com/products/commercial/curvedbladeceilingsupply.html,0,1,1,1,1,1,1,1,1,1,1,1,1,1,0,1,0,#ERROR,#ERROR,#ERROR,#ERROR,#ERROR,#ERROR,#ERROR,#ERROR,#ERROR,#ERROR,#ERROR,#ERROR,#ERROR,#ERROR,#ERROR,2,4,6,8,10,12,14,16,18,20,22,24,26,28,30,32,34,36,38,40,42,44,46,48,50,52
US,"Supply: 3-Way Curved Blade, Louvered Face",1000,,,1500,30,1500,1000,,http://www.grilletechinc.com/products/commercial/curvedbladeceilingsupply.html,0,1,2,2,2,2,2,2,2,2,2,2,2,2,1,2,1,#ERROR,#ERROR,#ERROR,#ERROR,#ERROR,#ERROR,#ERROR,#ERROR,#ERROR,#ERROR,#ERROR,#ERROR,#ERROR,#ERROR,#ERROR,2,4,6,8,10,12,14,16,18,20,22,24,26,28,30,32,34,36,38,40,42,44,46,48,50,52
US,"Supply: 3-Way Curved Blade, Louvered Face",1000,,,3000,,3000,1000,,http://www.grilletechinc.com/products/commercial/curvedbladeceilingsupply.html,0,1,1,1,1,1,1,1,1,1,1,1,1,1,1,1,1,#ERROR,#ERROR,#ERROR,#ERROR,#ERROR,#ERROR,#ERROR,#ERROR,#ERROR,#ERROR,#ERROR,#ERROR,#ERROR,#ERROR,#ERROR,2,4,6,8,10,12,14,16,18,20,22,24,26,28,30,32,34,36,38,40,42,44,46,48,50,52
US,"Supply: 3-Way Curved Blade, Louvered Face",1000,,,3000,30,3000,1000,,http://www.grilletechinc.com/products/commercial/curvedbladeceilingsupply.html,0,1,2,2,2,2,2,2,2,2,2,2,2,2,2,2,2,#ERROR,#ERROR,#ERROR,#ERROR,#ERROR,#ERROR,#ERROR,#ERROR,#ERROR,#ERROR,#ERROR,#ERROR,#ERROR,#ERROR,#ERROR,2,4,6,8,10,12,14,16,18,20,22,24,26,28,30,32,34,36,38,40,42,44,46,48,50,52
Metric,"Supply: 3-Way Curved Blade, Louvered Face",,1.2,20,,,42,236.220472,(236 FPM),http://www.grilletechinc.com/products/commercial/curvedbladeceilingsupply.html,0,1,#ERROR,#ERROR,#ERROR,#ERROR,#ERROR,#ERROR,#ERROR,#ERROR,#ERROR,#ERROR,#ERROR,#ERROR,#ERROR,#ERROR,#ERROR,#ERROR,#ERROR,#ERROR,#ERROR,#ERROR,#ERROR,#ERROR,#ERROR,#ERROR,#ERROR,#ERROR,#ERROR,#ERROR,#ERROR,#ERROR,2,4,6,8,10,12,14,16,18,20,22,24,26,28,30,32,34,36,38,40,42,44,46,48,50,52
Metric,"Supply: 3-Way Curved Blade, Louvered Face",,1.2,100,,,212,236.220472,(236 FPM),http://www.grilletechinc.com/products/commercial/curvedbladeceilingsupply.html,0,1,#ERROR,#ERROR,#ERROR,#ERROR,#ERROR,#ERROR,#ERROR,#ERROR,#ERROR,#ERROR,#ERROR,#ERROR,#ERROR,#ERROR,#ERROR,#ERROR,#ERROR,#ERROR,#ERROR,#ERROR,#ERROR,#ERROR,#ERROR,#ERROR,#ERROR,#ERROR,#ERROR,#ERROR,#ERROR,#ERROR,2,4,6,8,10,12,14,16,18,20,22,24,26,28,30,32,34,36,38,40,42,44,46,48,50,52
Metric,"Supply: 3-Way Curved Blade, Louvered Face",,1.2,500,,,1059,236.220472,(236 FPM),http://www.grilletechinc.com/products/commercial/curvedbladeceilingsupply.html,0,1,#ERROR,#ERROR,#ERROR,#ERROR,#ERROR,#ERROR,#ERROR,#ERROR,#ERROR,#ERROR,#ERROR,#ERROR,#ERROR,#ERROR,#ERROR,#ERROR,#ERROR,#ERROR,#ERROR,#ERROR,#ERROR,#ERROR,#ERROR,#ERROR,#ERROR,#ERROR,#ERROR,#ERROR,#ERROR,#ERROR,2,4,6,8,10,12,14,16,18,20,22,24,26,28,30,32,34,36,38,40,42,44,46,48,50,52
Metric,"Supply: 3-Way Curved Blade, Louvered Face",,2.5,20,,,42,492.125984,(492 FPM),http://www.grilletechinc.com/products/commercial/curvedbladeceilingsupply.html,0,1,0,2,2,2,2,2,2,2,2,2,2,2,2,2,2,2,2,2,5,8,11,14,17,20,23,26,29,32,35,38,2,4,6,8,10,12,14,16,18,20,22,24,26,28,30,32,34,36,38,40,42,44,46,48,50,52
Metric,"Supply: 3-Way Curved Blade, Louvered Face",,2.5,100,,,212,492.125984,(492 FPM),http://www.grilletechinc.com/products/commercial/curvedbladeceilingsupply.html,0,1,1,1,1,1,1,0,1,1,2,0,2,2,2,2,2,2,2,2,5,8,11,14,17,20,23,26,29,32,35,38,2,4,6,8,10,12,14,16,18,20,22,24,26,28,30,32,34,36,38,40,42,44,46,48,50,52
Metric,"Supply: 3-Way Curved Blade, Louvered Face",,2.5,500,,,1059,492.125984,(492 FPM),http://www.grilletechinc.com/products/commercial/curvedbladeceilingsupply.html,0,1,1,1,1,1,1,1,1,1,1,1,1,1,1,1,1,1,1,2,5,8,11,14,17,20,23,26,29,32,35,38,2,4,6,8,10,12,14,16,18,20,22,24,26,28,30,32,34,36,38,40,42,44,46,48,50,52
Metric,"Supply: 3-Way Curved Blade, Louvered Face",,3,20,,,42,590.551181,(591 FPM),http://www.grilletechinc.com/products/commercial/curvedbladeceilingsupply.html,0,1,0,2,2,2,2,2,2,2,2,2,2,2,2,2,2,2,2,2,5,8,11,14,17,20,23,26,29,32,35,38,2,4,6,8,10,12,14,16,18,20,22,24,26,28,30,32,34,36,38,40,42,44,46,48,50,52
Metric,"Supply: 3-Way Curved Blade, Louvered Face",,3,100,,,212,590.551181,(591 FPM),http://www.grilletechinc.com/products/commercial/curvedbladeceilingsupply.html,0,1,1,1,1,1,0,0,0,1,2,0,2,2,2,2,2,2,2,2,5,8,11,14,17,20,23,26,29,32,35,38,2,4,6,8,10,12,14,16,18,20,22,24,26,28,30,32,34,36,38,40,42,44,46,48,50,52
Metric,"Supply: 3-Way Curved Blade, Louvered Face",,3,500,,,1059,590.551181,(591 FPM),http://www.grilletechinc.com/products/commercial/curvedbladeceilingsupply.html,0,1,1,1,1,1,1,1,1,1,1,1,1,1,1,1,1,0,1,2,5,8,11,14,17,20,23,26,29,32,35,38,2,4,6,8,10,12,14,16,18,20,22,24,26,28,30,32,34,36,38,40,42,44,46,48,50,52
Metric,"Supply: 3-Way Curved Blade, Louvered Face",,5.2,20,,,42,1023.622047,(1024 FPM),http://www.grilletechinc.com/products/commercial/curvedbladeceilingsupply.html,0,1,0,2,2,2,2,2,2,2,2,2,2,2,2,2,2,#ERROR,#ERROR,#ERROR,#ERROR,#ERROR,#ERROR,#ERROR,#ERROR,#ERROR,#ERROR,#ERROR,#ERROR,#ERROR,#ERROR,#ERROR,2,4,6,8,10,12,14,16,18,20,22,24,26,28,30,32,34,36,38,40,42,44,46,48,50,52
Metric,"Supply: 3-Way Curved Blade, Louvered Face",,5.2,100,,,212,1023.622047,(1024 FPM),http://www.grilletechinc.com/products/commercial/curvedbladeceilingsupply.html,0,1,1,1,0,0,0,0,0,1,2,0,2,2,2,2,2,#ERROR,#ERROR,#ERROR,#ERROR,#ERROR,#ERROR,#ERROR,#ERROR,#ERROR,#ERROR,#ERROR,#ERROR,#ERROR,#ERROR,#ERROR,2,4,6,8,10,12,14,16,18,20,22,24,26,28,30,32,34,36,38,40,42,44,46,48,50,52
Metric,"Supply: 3-Way Curved Blade, Louvered Face",,5.2,500,,,1059,1023.622047,(1024 FPM),http://www.grilletechinc.com/products/commercial/curvedbladeceilingsupply.html,0,1,1,1,1,1,1,1,1,1,0,1,1,0,0,0,0,#ERROR,#ERROR,#ERROR,#ERROR,#ERROR,#ERROR,#ERROR,#ERROR,#ERROR,#ERROR,#ERROR,#ERROR,#ERROR,#ERROR,#ERROR,2,4,6,8,10,12,14,16,18,20,22,24,26,28,30,32,34,36,38,40,42,44,46,48,50,52
US,"Supply: 4-Way Curved Blade, Louvered Face",250,,,40,,40,250,,http://www.grilletechinc.com/products/commercial/curvedbladeceilingsupply.html,0,1,#ERROR,#ERROR,#ERROR,#ERROR,#ERROR,#ERROR,#ERROR,#ERROR,#ERROR,#ERROR,#ERROR,#ERROR,#ERROR,#ERROR,#ERROR,#ERROR,#ERROR,#ERROR,#ERROR,#ERROR,#ERROR,#ERROR,#ERROR,#ERROR,#ERROR,#ERROR,#ERROR,#ERROR,#ERROR,#ERROR,2,4,6,8,10,12,14,16,18,20,22,24,26,28,30,32,34,36,38,40,42,44,46,48,50,52
US,"Supply: 4-Way Curved Blade, Louvered Face",250,,,40,30,40,250,,http://www.grilletechinc.com/products/commercial/curvedbladeceilingsupply.html,0,1,#ERROR,#ERROR,#ERROR,#ERROR,#ERROR,#ERROR,#ERROR,#ERROR,#ERROR,#ERROR,#ERROR,#ERROR,#ERROR,#ERROR,#ERROR,#ERROR,#ERROR,#ERROR,#ERROR,#ERROR,#ERROR,#ERROR,#ERROR,#ERROR,#ERROR,#ERROR,#ERROR,#ERROR,#ERROR,#ERROR,2,4,6,8,10,12,14,16,18,20,22,24,26,28,30,32,34,36,38,40,42,44,46,48,50,52
US,"Supply: 4-Way Curved Blade, Louvered Face",250,,,55,,55,250,,http://www.grilletechinc.com/products/commercial/curvedbladeceilingsupply.html,0,1,#ERROR,#ERROR,#ERROR,#ERROR,#ERROR,#ERROR,#ERROR,#ERROR,#ERROR,#ERROR,#ERROR,#ERROR,#ERROR,#ERROR,#ERROR,#ERROR,#ERROR,#ERROR,#ERROR,#ERROR,#ERROR,#ERROR,#ERROR,#ERROR,#ERROR,#ERROR,#ERROR,#ERROR,#ERROR,#ERROR,2,4,6,8,10,12,14,16,18,20,22,24,26,28,30,32,34,36,38,40,42,44,46,48,50,52
US,"Supply: 4-Way Curved Blade, Louvered Face",250,,,55,30,55,250,,http://www.grilletechinc.com/products/commercial/curvedbladeceilingsupply.html,0,1,#ERROR,#ERROR,#ERROR,#ERROR,#ERROR,#ERROR,#ERROR,#ERROR,#ERROR,#ERROR,#ERROR,#ERROR,#ERROR,#ERROR,#ERROR,#ERROR,#ERROR,#ERROR,#ERROR,#ERROR,#ERROR,#ERROR,#ERROR,#ERROR,#ERROR,#ERROR,#ERROR,#ERROR,#ERROR,#ERROR,2,4,6,8,10,12,14,16,18,20,22,24,26,28,30,32,34,36,38,40,42,44,46,48,50,52
US,"Supply: 4-Way Curved Blade, Louvered Face",250,,,150,,150,250,,http://www.grilletechinc.com/products/commercial/curvedbladeceilingsupply.html,0,1,#ERROR,#ERROR,#ERROR,#ERROR,#ERROR,#ERROR,#ERROR,#ERROR,#ERROR,#ERROR,#ERROR,#ERROR,#ERROR,#ERROR,#ERROR,#ERROR,#ERROR,#ERROR,#ERROR,#ERROR,#ERROR,#ERROR,#ERROR,#ERROR,#ERROR,#ERROR,#ERROR,#ERROR,#ERROR,#ERROR,2,4,6,8,10,12,14,16,18,20,22,24,26,28,30,32,34,36,38,40,42,44,46,48,50,52
US,"Supply: 4-Way Curved Blade, Louvered Face",250,,,150,30,150,250,,http://www.grilletechinc.com/products/commercial/curvedbladeceilingsupply.html,0,1,#ERROR,#ERROR,#ERROR,#ERROR,#ERROR,#ERROR,#ERROR,#ERROR,#ERROR,#ERROR,#ERROR,#ERROR,#ERROR,#ERROR,#ERROR,#ERROR,#ERROR,#ERROR,#ERROR,#ERROR,#ERROR,#ERROR,#ERROR,#ERROR,#ERROR,#ERROR,#ERROR,#ERROR,#ERROR,#ERROR,2,4,6,8,10,12,14,16,18,20,22,24,26,28,30,32,34,36,38,40,42,44,46,48,50,52
US,"Supply: 4-Way Curved Blade, Louvered Face",250,,,400,,400,250,,http://www.grilletechinc.com/products/commercial/curvedbladeceilingsupply.html,0,1,#ERROR,#ERROR,#ERROR,#ERROR,#ERROR,#ERROR,#ERROR,#ERROR,#ERROR,#ERROR,#ERROR,#ERROR,#ERROR,#ERROR,#ERROR,#ERROR,#ERROR,#ERROR,#ERROR,#ERROR,#ERROR,#ERROR,#ERROR,#ERROR,#ERROR,#ERROR,#ERROR,#ERROR,#ERROR,#ERROR,2,4,6,8,10,12,14,16,18,20,22,24,26,28,30,32,34,36,38,40,42,44,46,48,50,52
US,"Supply: 4-Way Curved Blade, Louvered Face",250,,,400,30,400,250,,http://www.grilletechinc.com/products/commercial/curvedbladeceilingsupply.html,0,1,#ERROR,#ERROR,#ERROR,#ERROR,#ERROR,#ERROR,#ERROR,#ERROR,#ERROR,#ERROR,#ERROR,#ERROR,#ERROR,#ERROR,#ERROR,#ERROR,#ERROR,#ERROR,#ERROR,#ERROR,#ERROR,#ERROR,#ERROR,#ERROR,#ERROR,#ERROR,#ERROR,#ERROR,#ERROR,#ERROR,2,4,6,8,10,12,14,16,18,20,22,24,26,28,30,32,34,36,38,40,42,44,46,48,50,52
US,"Supply: 4-Way Curved Blade, Louvered Face",250,,,900,,900,250,,http://www.grilletechinc.com/products/commercial/curvedbladeceilingsupply.html,0,1,#ERROR,#ERROR,#ERROR,#ERROR,#ERROR,#ERROR,#ERROR,#ERROR,#ERROR,#ERROR,#ERROR,#ERROR,#ERROR,#ERROR,#ERROR,#ERROR,#ERROR,#ERROR,#ERROR,#ERROR,#ERROR,#ERROR,#ERROR,#ERROR,#ERROR,#ERROR,#ERROR,#ERROR,#ERROR,#ERROR,2,4,6,8,10,12,14,16,18,20,22,24,26,28,30,32,34,36,38,40,42,44,46,48,50,52
US,"Supply: 4-Way Curved Blade, Louvered Face",250,,,900,30,900,250,,http://www.grilletechinc.com/products/commercial/curvedbladeceilingsupply.html,0,1,#ERROR,#ERROR,#ERROR,#ERROR,#ERROR,#ERROR,#ERROR,#ERROR,#ERROR,#ERROR,#ERROR,#ERROR,#ERROR,#ERROR,#ERROR,#ERROR,#ERROR,#ERROR,#ERROR,#ERROR,#ERROR,#ERROR,#ERROR,#ERROR,#ERROR,#ERROR,#ERROR,#ERROR,#ERROR,#ERROR,2,4,6,8,10,12,14,16,18,20,22,24,26,28,30,32,34,36,38,40,42,44,46,48,50,52
US,"Supply: 4-Way Curved Blade, Louvered Face",250,,,1500,,1500,250,,http://www.grilletechinc.com/products/commercial/curvedbladeceilingsupply.html,0,1,#ERROR,#ERROR,#ERROR,#ERROR,#ERROR,#ERROR,#ERROR,#ERROR,#ERROR,#ERROR,#ERROR,#ERROR,#ERROR,#ERROR,#ERROR,#ERROR,#ERROR,#ERROR,#ERROR,#ERROR,#ERROR,#ERROR,#ERROR,#ERROR,#ERROR,#ERROR,#ERROR,#ERROR,#ERROR,#ERROR,2,4,6,8,10,12,14,16,18,20,22,24,26,28,30,32,34,36,38,40,42,44,46,48,50,52
US,"Supply: 4-Way Curved Blade, Louvered Face",250,,,1500,30,1500,250,,http://www.grilletechinc.com/products/commercial/curvedbladeceilingsupply.html,0,1,#ERROR,#ERROR,#ERROR,#ERROR,#ERROR,#ERROR,#ERROR,#ERROR,#ERROR,#ERROR,#ERROR,#ERROR,#ERROR,#ERROR,#ERROR,#ERROR,#ERROR,#ERROR,#ERROR,#ERROR,#ERROR,#ERROR,#ERROR,#ERROR,#ERROR,#ERROR,#ERROR,#ERROR,#ERROR,#ERROR,2,4,6,8,10,12,14,16,18,20,22,24,26,28,30,32,34,36,38,40,42,44,46,48,50,52
US,"Supply: 4-Way Curved Blade, Louvered Face",250,,,3000,,3000,250,,http://www.grilletechinc.com/products/commercial/curvedbladeceilingsupply.html,0,1,#ERROR,#ERROR,#ERROR,#ERROR,#ERROR,#ERROR,#ERROR,#ERROR,#ERROR,#ERROR,#ERROR,#ERROR,#ERROR,#ERROR,#ERROR,#ERROR,#ERROR,#ERROR,#ERROR,#ERROR,#ERROR,#ERROR,#ERROR,#ERROR,#ERROR,#ERROR,#ERROR,#ERROR,#ERROR,#ERROR,2,4,6,8,10,12,14,16,18,20,22,24,26,28,30,32,34,36,38,40,42,44,46,48,50,52
US,"Supply: 4-Way Curved Blade, Louvered Face",250,,,3000,30,3000,250,,http://www.grilletechinc.com/products/commercial/curvedbladeceilingsupply.html,0,1,#ERROR,#ERROR,#ERROR,#ERROR,#ERROR,#ERROR,#ERROR,#ERROR,#ERROR,#ERROR,#ERROR,#ERROR,#ERROR,#ERROR,#ERROR,#ERROR,#ERROR,#ERROR,#ERROR,#ERROR,#ERROR,#ERROR,#ERROR,#ERROR,#ERROR,#ERROR,#ERROR,#ERROR,#ERROR,#ERROR,2,4,6,8,10,12,14,16,18,20,22,24,26,28,30,32,34,36,38,40,42,44,46,48,50,52
US,"Supply: 4-Way Curved Blade, Louvered Face",300,,,40,,40,300,,http://www.grilletechinc.com/products/commercial/curvedbladeceilingsupply.html,0,1,0,2,2,2,2,2,2,2,2,2,2,2,2,2,2,2,2,2,5,8,11,14,17,20,23,26,29,32,35,38,2,4,6,8,10,12,14,16,18,20,22,24,26,28,30,32,34,36,38,40,42,44,46,48,50,52
US,"Supply: 4-Way Curved Blade, Louvered Face",300,,,40,30,40,300,,http://www.grilletechinc.com/products/commercial/curvedbladeceilingsupply.html,0,1,0,2,2,2,2,2,2,2,2,2,2,2,2,2,2,2,2,2,5,8,11,14,17,20,23,26,29,32,35,38,2,4,6,8,10,12,14,16,18,20,22,24,26,28,30,32,34,36,38,40,42,44,46,48,50,52
US,"Supply: 4-Way Curved Blade, Louvered Face",300,,,55,,55,300,,http://www.grilletechinc.com/products/commercial/curvedbladeceilingsupply.html,0,1,0,2,2,2,2,2,2,2,2,2,2,2,2,2,2,2,2,2,5,8,11,14,17,20,23,26,29,32,35,38,2,4,6,8,10,12,14,16,18,20,22,24,26,28,30,32,34,36,38,40,42,44,46,48,50,52
US,"Supply: 4-Way Curved Blade, Louvered Face",300,,,55,30,55,300,,http://www.grilletechinc.com/products/commercial/curvedbladeceilingsupply.html,0,1,0,2,2,2,2,2,2,2,2,2,2,2,2,2,2,2,2,2,5,8,11,14,17,20,23,26,29,32,35,38,2,4,6,8,10,12,14,16,18,20,22,24,26,28,30,32,34,36,38,40,42,44,46,48,50,52
US,"Supply: 4-Way Curved Blade, Louvered Face",300,,,150,,150,300,,http://www.grilletechinc.com/products/commercial/curvedbladeceilingsupply.html,0,1,1,1,1,1,1,2,1,2,2,2,2,2,2,2,2,2,2,2,5,8,11,14,17,20,23,26,29,32,35,38,2,4,6,8,10,12,14,16,18,20,22,24,26,28,30,32,34,36,38,40,42,44,46,48,50,52
US,"Supply: 4-Way Curved Blade, Louvered Face",300,,,150,30,150,300,,http://www.grilletechinc.com/products/commercial/curvedbladeceilingsupply.html,0,1,1,1,1,1,1,2,1,2,2,2,2,2,2,2,2,2,2,2,5,8,11,14,17,20,23,26,29,32,35,38,2,4,6,8,10,12,14,16,18,20,22,24,26,28,30,32,34,36,38,40,42,44,46,48,50,52
US,"Supply: 4-Way Curved Blade, Louvered Face",300,,,400,,400,300,,http://www.grilletechinc.com/products/commercial/curvedbladeceilingsupply.html,0,1,1,1,1,1,1,1,1,1,1,1,1,1,2,0,2,2,2,2,5,8,11,14,17,20,23,26,29,32,35,38,2,4,6,8,10,12,14,16,18,20,22,24,26,28,30,32,34,36,38,40,42,44,46,48,50,52
US,"Supply: 4-Way Curved Blade, Louvered Face",300,,,400,30,400,300,,http://www.grilletechinc.com/products/commercial/curvedbladeceilingsupply.html,0,1,1,1,1,1,1,1,1,1,1,1,1,1,2,0,2,2,2,2,5,8,11,14,17,20,23,26,29,32,35,38,2,4,6,8,10,12,14,16,18,20,22,24,26,28,30,32,34,36,38,40,42,44,46,48,50,52
US,"Supply: 4-Way Curved Blade, Louvered Face",300,,,900,,900,300,,http://www.grilletechinc.com/products/commercial/curvedbladeceilingsupply.html,0,1,1,1,1,1,1,1,1,1,1,1,1,1,1,1,1,1,1,2,5,8,11,14,17,20,23,26,29,32,35,38,2,4,6,8,10,12,14,16,18,20,22,24,26,28,30,32,34,36,38,40,42,44,46,48,50,52
US,"Supply: 4-Way Curved Blade, Louvered Face",300,,,900,30,900,300,,http://www.grilletechinc.com/products/commercial/curvedbladeceilingsupply.html,0,1,1,1,1,1,1,1,1,1,1,1,1,1,1,1,1,1,1,2,5,8,11,14,17,20,23,26,29,32,35,38,2,4,6,8,10,12,14,16,18,20,22,24,26,28,30,32,34,36,38,40,42,44,46,48,50,52
US,"Supply: 4-Way Curved Blade, Louvered Face",300,,,1500,,1500,300,,http://www.grilletechinc.com/products/commercial/curvedbladeceilingsupply.html,0,1,1,1,1,1,1,1,1,1,1,1,1,1,1,1,1,1,1,1,1,1,1,1,1,1,1,1,1,1,1,1,2,4,6,8,10,12,14,16,18,20,22,24,26,28,30,32,34,36,38,40,42,44,46,48,50,52
US,"Supply: 4-Way Curved Blade, Louvered Face",300,,,1500,30,1500,300,,http://www.grilletechinc.com/products/commercial/curvedbladeceilingsupply.html,0,1,1,1,1,1,1,1,1,1,1,1,1,1,1,1,1,1,1,1,1,1,1,1,1,1,1,1,1,1,1,1,2,4,6,8,10,12,14,16,18,20,22,24,26,28,30,32,34,36,38,40,42,44,46,48,50,52
US,"Supply: 4-Way Curved Blade, Louvered Face",300,,,3000,,3000,300,,http://www.grilletechinc.com/products/commercial/curvedbladeceilingsupply.html,0,1,1,1,1,1,1,1,1,1,1,1,1,1,1,1,1,1,1,1,4,7,10,13,16,19,22,25,28,31,34,37,2,4,6,8,10,12,14,16,18,20,22,24,26,28,30,32,34,36,38,40,42,44,46,48,50,52
US,"Supply: 4-Way Curved Blade, Louvered Face",300,,,3000,30,3000,300,,http://www.grilletechinc.com/products/commercial/curvedbladeceilingsupply.html,0,1,1,1,1,1,1,1,1,1,1,1,1,1,1,1,1,1,1,1,4,7,10,13,16,19,22,25,28,31,34,37,2,4,6,8,10,12,14,16,18,20,22,24,26,28,30,32,34,36,38,40,42,44,46,48,50,52
US,"Supply: 4-Way Curved Blade, Louvered Face",500,,,40,,40,500,,http://www.grilletechinc.com/products/commercial/curvedbladeceilingsupply.html,0,1,0,2,2,2,2,2,2,2,2,2,2,2,2,2,2,2,2,2,5,8,11,14,17,20,23,26,29,32,35,38,2,4,6,8,10,12,14,16,18,20,22,24,26,28,30,32,34,36,38,40,42,44,46,48,50,52
US,"Supply: 4-Way Curved Blade, Louvered Face",500,,,40,30,40,500,,http://www.grilletechinc.com/products/commercial/curvedbladeceilingsupply.html,0,1,0,2,3,3,3,3,3,3,3,3,3,3,3,3,3,3,3,3,6,9,12,15,18,21,24,27,30,33,36,39,2,4,6,8,10,12,14,16,18,20,22,24,26,28,30,32,34,36,38,40,42,44,46,48,50,52
US,"Supply: 4-Way Curved Blade, Louvered Face",500,,,55,,55,500,,http://www.grilletechinc.com/products/commercial/curvedbladeceilingsupply.html,0,1,0,2,2,2,2,2,2,2,2,2,2,2,2,2,2,2,2,2,5,8,11,14,17,20,23,26,29,32,35,38,2,4,6,8,10,12,14,16,18,20,22,24,26,28,30,32,34,36,38,40,42,44,46,48,50,52
US,"Supply: 4-Way Curved Blade, Louvered Face",500,,,55,30,55,500,,http://www.grilletechinc.com/products/commercial/curvedbladeceilingsupply.html,0,1,0,2,3,3,3,3,3,3,3,3,3,3,3,3,3,3,3,3,6,9,12,15,18,21,24,27,30,33,36,39,2,4,6,8,10,12,14,16,18,20,22,24,26,28,30,32,34,36,38,40,42,44,46,48,50,52
US,"Supply: 4-Way Curved Blade, Louvered Face",500,,,150,,150,500,,http://www.grilletechinc.com/products/commercial/curvedbladeceilingsupply.html,0,1,1,1,1,0,0,2,0,2,2,2,2,2,2,2,2,2,2,2,5,8,11,14,17,20,23,26,29,32,35,38,2,4,6,8,10,12,14,16,18,20,22,24,26,28,30,32,34,36,38,40,42,44,46,48,50,52
US,"Supply: 4-Way Curved Blade, Louvered Face",500,,,150,30,150,500,,http://www.grilletechinc.com/products/commercial/curvedbladeceilingsupply.html,0,1,1,1,2,1,1,3,1,3,3,3,3,3,3,3,3,3,3,3,6,9,12,15,18,21,24,27,30,33,36,39,2,4,6,8,10,12,14,16,18,20,22,24,26,28,30,32,34,36,38,40,42,44,46,48,50,52
US,"Supply: 4-Way Curved Blade, Louvered Face",500,,,400,,400,500,,http://www.grilletechinc.com/products/commercial/curvedbladeceilingsupply.html,0,1,1,1,1,1,1,1,1,1,0,1,0,0,2,1,2,2,2,2,5,8,11,14,17,20,23,26,29,32,35,38,2,4,6,8,10,12,14,16,18,20,22,24,26,28,30,32,34,36,38,40,42,44,46,48,50,52
US,"Supply: 4-Way Curved Blade, Louvered Face",500,,,400,30,400,500,,http://www.grilletechinc.com/products/commercial/curvedbladeceilingsupply.html,0,1,1,1,2,2,2,2,2,2,1,2,1,1,3,2,3,3,3,3,6,9,12,15,18,21,24,27,30,33,36,39,2,4,6,8,10,12,14,16,18,20,22,24,26,28,30,32,34,36,38,40,42,44,46,48,50,52
US,"Supply: 4-Way Curved Blade, Louvered Face",500,,,900,,900,500,,http://www.grilletechinc.com/products/commercial/curvedbladeceilingsupply.html,0,1,1,1,1,1,1,1,1,1,1,1,1,1,1,1,0,0,1,2,5,8,11,14,17,20,23,26,29,32,35,38,2,4,6,8,10,12,14,16,18,20,22,24,26,28,30,32,34,36,38,40,42,44,46,48,50,52
US,"Supply: 4-Way Curved Blade, Louvered Face",500,,,900,30,900,500,,http://www.grilletechinc.com/products/commercial/curvedbladeceilingsupply.html,0,1,1,1,2,2,2,2,2,2,2,2,2,2,2,2,1,1,2,3,6,9,12,15,18,21,24,27,30,33,36,39,2,4,6,8,10,12,14,16,18,20,22,24,26,28,30,32,34,36,38,40,42,44,46,48,50,52
US,"Supply: 4-Way Curved Blade, Louvered Face",500,,,1500,,1500,500,,http://www.grilletechinc.com/products/commercial/curvedbladeceilingsupply.html,0,1,1,1,1,1,1,1,1,1,1,1,1,1,1,1,1,1,0,1,1,1,1,1,1,1,1,1,1,1,1,1,2,4,6,8,10,12,14,16,18,20,22,24,26,28,30,32,34,36,38,40,42,44,46,48,50,52
US,"Supply: 4-Way Curved Blade, Louvered Face",500,,,1500,30,1500,500,,http://www.grilletechinc.com/products/commercial/curvedbladeceilingsupply.html,0,1,1,1,2,2,2,2,2,2,2,2,2,2,2,2,2,2,1,2,2,2,2,2,2,2,2,2,2,2,2,2,2,4,6,8,10,12,14,16,18,20,22,24,26,28,30,32,34,36,38,40,42,44,46,48,50,52
US,"Supply: 4-Way Curved Blade, Louvered Face",500,,,3000,,3000,500,,http://www.grilletechinc.com/products/commercial/curvedbladeceilingsupply.html,0,1,1,1,1,1,1,1,1,1,1,1,1,1,1,1,1,1,1,0,0,0,0,0,0,0,0,0,0,0,0,0,2,4,6,8,10,12,14,16,18,20,22,24,26,28,30,32,34,36,38,40,42,44,46,48,50,52
US,"Supply: 4-Way Curved Blade, Louvered Face",500,,,3000,30,3000,500,,http://www.grilletechinc.com/products/commercial/curvedbladeceilingsupply.html,0,1,1,1,2,2,2,2,2,2,2,2,2,2,2,2,2,2,2,1,1,1,1,1,1,1,1,1,1,1,1,1,2,4,6,8,10,12,14,16,18,20,22,24,26,28,30,32,34,36,38,40,42,44,46,48,50,52
US,"Supply: 4-Way Curved Blade, Louvered Face",650,,,40,,40,650,,http://www.grilletechinc.com/products/commercial/curvedbladeceilingsupply.html,0,1,0,2,2,2,2,2,2,2,2,2,2,2,2,2,2,2,2,2,5,8,11,14,17,20,23,26,29,32,35,38,2,4,6,8,10,12,14,16,18,20,22,24,26,28,30,32,34,36,38,40,42,44,46,48,50,52
US,"Supply: 4-Way Curved Blade, Louvered Face",650,,,40,30,40,650,,http://www.grilletechinc.com/products/commercial/curvedbladeceilingsupply.html,0,1,1,3,3,3,3,3,3,3,3,3,3,3,3,3,3,3,3,3,6,9,12,15,18,21,24,27,30,33,36,39,2,4,6,8,10,12,14,16,18,20,22,24,26,28,30,32,34,36,38,40,42,44,46,48,50,52
US,"Supply: 4-Way Curved Blade, Louvered Face",650,,,55,,55,650,,http://www.grilletechinc.com/products/commercial/curvedbladeceilingsupply.html,0,1,0,2,2,2,2,2,2,2,2,2,2,2,2,2,2,2,2,2,5,8,11,14,17,20,23,26,29,32,35,38,2,4,6,8,10,12,14,16,18,20,22,24,26,28,30,32,34,36,38,40,42,44,46,48,50,52
US,"Supply: 4-Way Curved Blade, Louvered Face",650,,,55,30,55,650,,http://www.grilletechinc.com/products/commercial/curvedbladeceilingsupply.html,0,1,1,3,3,3,3,3,3,3,3,3,3,3,3,3,3,3,3,3,6,9,12,15,18,21,24,27,30,33,36,39,2,4,6,8,10,12,14,16,18,20,22,24,26,28,30,32,34,36,38,40,42,44,46,48,50,52
US,"Supply: 4-Way Curved Blade, Louvered Face",650,,,150,,150,650,,http://www.grilletechinc.com/products/commercial/curvedbladeceilingsupply.html,0,1,1,1,0,0,0,2,0,2,2,2,2,2,2,2,2,2,2,2,5,8,11,14,17,20,23,26,29,32,35,38,2,4,6,8,10,12,14,16,18,20,22,24,26,28,30,32,34,36,38,40,42,44,46,48,50,52
US,"Supply: 4-Way Curved Blade, Louvered Face",650,,,150,30,150,650,,http://www.grilletechinc.com/products/commercial/curvedbladeceilingsupply.html,0,1,2,2,1,1,1,3,1,3,3,3,3,3,3,3,3,3,3,3,6,9,12,15,18,21,24,27,30,33,36,39,2,4,6,8,10,12,14,16,18,20,22,24,26,28,30,32,34,36,38,40,42,44,46,48,50,52
US,"Supply: 4-Way Curved Blade, Louvered Face",650,,,400,,400,650,,http://www.grilletechinc.com/products/commercial/curvedbladeceilingsupply.html,0,1,1,1,1,1,1,0,1,0,0,1,0,0,2,1,2,2,2,2,5,8,11,14,17,20,23,26,29,32,35,38,2,4,6,8,10,12,14,16,18,20,22,24,26,28,30,32,34,36,38,40,42,44,46,48,50,52
US,"Supply: 4-Way Curved Blade, Louvered Face",650,,,400,30,400,650,,http://www.grilletechinc.com/products/commercial/curvedbladeceilingsupply.html,0,1,2,2,2,2,2,1,2,1,1,2,1,1,3,2,3,3,3,3,6,9,12,15,18,21,24,27,30,33,36,39,2,4,6,8,10,12,14,16,18,20,22,24,26,28,30,32,34,36,38,40,42,44,46,48,50,52
US,"Supply: 4-Way Curved Blade, Louvered Face",650,,,900,,900,650,,http://www.grilletechinc.com/products/commercial/curvedbladeceilingsupply.html,0,1,1,1,1,1,1,1,1,1,1,1,1,1,0,1,0,0,1,2,5,8,11,14,17,20,23,26,29,32,35,38,2,4,6,8,10,12,14,16,18,20,22,24,26,28,30,32,34,36,38,40,42,44,46,48,50,52
US,"Supply: 4-Way Curved Blade, Louvered Face",650,,,900,30,900,650,,http://www.grilletechinc.com/products/commercial/curvedbladeceilingsupply.html,0,1,2,2,2,2,2,2,2,2,2,2,2,2,1,2,1,1,2,3,6,9,12,15,18,21,24,27,30,33,36,39,2,4,6,8,10,12,14,16,18,20,22,24,26,28,30,32,34,36,38,40,42,44,46,48,50,52
US,"Supply: 4-Way Curved Blade, Louvered Face",650,,,1500,,1500,650,,http://www.grilletechinc.com/products/commercial/curvedbladeceilingsupply.html,0,1,1,1,1,1,1,1,1,1,1,1,1,1,1,1,1,1,0,1,1,1,1,1,1,1,1,1,1,1,1,1,2,4,6,8,10,12,14,16,18,20,22,24,26,28,30,32,34,36,38,40,42,44,46,48,50,52
US,"Supply: 4-Way Curved Blade, Louvered Face",650,,,1500,30,1500,650,,http://www.grilletechinc.com/products/commercial/curvedbladeceilingsupply.html,0,1,2,2,2,2,2,2,2,2,2,2,2,2,2,2,2,2,1,2,2,2,2,2,2,2,2,2,2,2,2,2,2,4,6,8,10,12,14,16,18,20,22,24,26,28,30,32,34,36,38,40,42,44,46,48,50,52
US,"Supply: 4-Way Curved Blade, Louvered Face",650,,,3000,,3000,650,,http://www.grilletechinc.com/products/commercial/curvedbladeceilingsupply.html,0,1,1,1,1,1,1,1,1,1,1,1,1,1,1,1,1,1,1,0,0,0,0,0,0,0,0,0,0,0,0,0,2,4,6,8,10,12,14,16,18,20,22,24,26,28,30,32,34,36,38,40,42,44,46,48,50,52
US,"Supply: 4-Way Curved Blade, Louvered Face",650,,,3000,30,3000,650,,http://www.grilletechinc.com/products/commercial/curvedbladeceilingsupply.html,0,1,2,2,2,2,2,2,2,2,2,2,2,2,2,2,2,2,2,1,1,1,1,1,1,1,1,1,1,1,1,1,2,4,6,8,10,12,14,16,18,20,22,24,26,28,30,32,34,36,38,40,42,44,46,48,50,52
US,"Supply: 4-Way Curved Blade, Louvered Face",1000,,,40,,40,1000,,http://www.grilletechinc.com/products/commercial/curvedbladeceilingsupply.html,0,1,0,2,2,2,2,2,2,2,2,2,2,2,2,2,2,#ERROR,#ERROR,#ERROR,#ERROR,#ERROR,#ERROR,#ERROR,#ERROR,#ERROR,#ERROR,#ERROR,#ERROR,#ERROR,#ERROR,#ERROR,2,4,6,8,10,12,14,16,18,20,22,24,26,28,30,32,34,36,38,40,42,44,46,48,50,52
US,"Supply: 4-Way Curved Blade, Louvered Face",1000,,,40,30,40,1000,,http://www.grilletechinc.com/products/commercial/curvedbladeceilingsupply.html,0,1,1,3,3,3,3,3,3,3,3,3,3,3,3,3,3,#ERROR,#ERROR,#ERROR,#ERROR,#ERROR,#ERROR,#ERROR,#ERROR,#ERROR,#ERROR,#ERROR,#ERROR,#ERROR,#ERROR,#ERROR,2,4,6,8,10,12,14,16,18,20,22,24,26,28,30,32,34,36,38,40,42,44,46,48,50,52
US,"Supply: 4-Way Curved Blade, Louvered Face",1000,,,55,,55,1000,,http://www.grilletechinc.com/products/commercial/curvedbladeceilingsupply.html,0,1,0,2,2,2,2,2,2,2,2,2,2,2,2,2,2,#ERROR,#ERROR,#ERROR,#ERROR,#ERROR,#ERROR,#ERROR,#ERROR,#ERROR,#ERROR,#ERROR,#ERROR,#ERROR,#ERROR,#ERROR,2,4,6,8,10,12,14,16,18,20,22,24,26,28,30,32,34,36,38,40,42,44,46,48,50,52
US,"Supply: 4-Way Curved Blade, Louvered Face",1000,,,55,30,55,1000,,http://www.grilletechinc.com/products/commercial/curvedbladeceilingsupply.html,0,1,1,3,3,3,3,3,3,3,3,3,3,3,3,3,3,#ERROR,#ERROR,#ERROR,#ERROR,#ERROR,#ERROR,#ERROR,#ERROR,#ERROR,#ERROR,#ERROR,#ERROR,#ERROR,#ERROR,#ERROR,2,4,6,8,10,12,14,16,18,20,22,24,26,28,30,32,34,36,38,40,42,44,46,48,50,52
US,"Supply: 4-Way Curved Blade, Louvered Face",1000,,,150,,150,1000,,http://www.grilletechinc.com/products/commercial/curvedbladeceilingsupply.html,0,1,0,0,0,0,0,2,0,2,2,2,2,2,2,2,2,#ERROR,#ERROR,#ERROR,#ERROR,#ERROR,#ERROR,#ERROR,#ERROR,#ERROR,#ERROR,#ERROR,#ERROR,#ERROR,#ERROR,#ERROR,2,4,6,8,10,12,14,16,18,20,22,24,26,28,30,32,34,36,38,40,42,44,46,48,50,52
US,"Supply: 4-Way Curved Blade, Louvered Face",1000,,,150,30,150,1000,,http://www.grilletechinc.com/products/commercial/curvedbladeceilingsupply.html,0,1,1,1,1,1,1,3,1,3,3,3,3,3,3,3,3,#ERROR,#ERROR,#ERROR,#ERROR,#ERROR,#ERROR,#ERROR,#ERROR,#ERROR,#ERROR,#ERROR,#ERROR,#ERROR,#ERROR,#ERROR,2,4,6,8,10,12,14,16,18,20,22,24,26,28,30,32,34,36,38,40,42,44,46,48,50,52
US,"Supply: 4-Way Curved Blade, Louvered Face",1000,,,400,,400,1000,,http://www.grilletechinc.com/products/commercial/curvedbladeceilingsupply.html,0,1,1,1,1,1,0,0,0,0,0,0,0,0,2,1,2,#ERROR,#ERROR,#ERROR,#ERROR,#ERROR,#ERROR,#ERROR,#ERROR,#ERROR,#ERROR,#ERROR,#ERROR,#ERROR,#ERROR,#ERROR,2,4,6,8,10,12,14,16,18,20,22,24,26,28,30,32,34,36,38,40,42,44,46,48,50,52
US,"Supply: 4-Way Curved Blade, Louvered Face",1000,,,400,30,400,1000,,http://www.grilletechinc.com/products/commercial/curvedbladeceilingsupply.html,0,1,2,2,2,2,1,1,1,1,1,1,1,1,3,2,3,#ERROR,#ERROR,#ERROR,#ERROR,#ERROR,#ERROR,#ERROR,#ERROR,#ERROR,#ERROR,#ERROR,#ERROR,#ERROR,#ERROR,#ERROR,2,4,6,8,10,12,14,16,18,20,22,24,26,28,30,32,34,36,38,40,42,44,46,48,50,52
US,"Supply: 4-Way Curved Blade, Louvered Face",1000,,,900,,900,1000,,http://www.grilletechinc.com/products/commercial/curvedbladeceilingsupply.html,0,1,1,1,1,1,1,1,1,1,0,1,0,0,0,0,0,#ERROR,#ERROR,#ERROR,#ERROR,#ERROR,#ERROR,#ERROR,#ERROR,#ERROR,#ERROR,#ERROR,#ERROR,#ERROR,#ERROR,#ERROR,2,4,6,8,10,12,14,16,18,20,22,24,26,28,30,32,34,36,38,40,42,44,46,48,50,52
US,"Supply: 4-Way Curved Blade, Louvered Face",1000,,,900,30,900,1000,,http://www.grilletechinc.com/products/commercial/curvedbladeceilingsupply.html,0,1,2,2,2,2,2,2,2,2,1,2,1,1,1,1,1,#ERROR,#ERROR,#ERROR,#ERROR,#ERROR,#ERROR,#ERROR,#ERROR,#ERROR,#ERROR,#ERROR,#ERROR,#ERROR,#ERROR,#ERROR,2,4,6,8,10,12,14,16,18,20,22,24,26,28,30,32,34,36,38,40,42,44,46,48,50,52
US,"Supply: 4-Way Curved Blade, Louvered Face",1000,,,1500,,1500,1000,,http://www.grilletechinc.com/products/commercial/curvedbladeceilingsupply.html,0,1,1,1,1,1,1,1,1,1,1,1,1,1,0,1,0,#ERROR,#ERROR,#ERROR,#ERROR,#ERROR,#ERROR,#ERROR,#ERROR,#ERROR,#ERROR,#ERROR,#ERROR,#ERROR,#ERROR,#ERROR,2,4,6,8,10,12,14,16,18,20,22,24,26,28,30,32,34,36,38,40,42,44,46,48,50,52
US,"Supply: 4-Way Curved Blade, Louvered Face",1000,,,1500,30,1500,1000,,http://www.grilletechinc.com/products/commercial/curvedbladeceilingsupply.html,0,1,2,2,2,2,2,2,2,2,2,2,2,2,1,2,1,#ERROR,#ERROR,#ERROR,#ERROR,#ERROR,#ERROR,#ERROR,#ERROR,#ERROR,#ERROR,#ERROR,#ERROR,#ERROR,#ERROR,#ERROR,2,4,6,8,10,12,14,16,18,20,22,24,26,28,30,32,34,36,38,40,42,44,46,48,50,52
US,"Supply: 4-Way Curved Blade, Louvered Face",1000,,,3000,,3000,1000,,http://www.grilletechinc.com/products/commercial/curvedbladeceilingsupply.html,0,1,1,1,1,1,1,1,1,1,1,1,1,1,1,1,1,#ERROR,#ERROR,#ERROR,#ERROR,#ERROR,#ERROR,#ERROR,#ERROR,#ERROR,#ERROR,#ERROR,#ERROR,#ERROR,#ERROR,#ERROR,2,4,6,8,10,12,14,16,18,20,22,24,26,28,30,32,34,36,38,40,42,44,46,48,50,52
US,"Supply: 4-Way Curved Blade, Louvered Face",1000,,,3000,30,3000,1000,,http://www.grilletechinc.com/products/commercial/curvedbladeceilingsupply.html,0,1,2,2,2,2,2,2,2,2,2,2,2,2,2,2,2,#ERROR,#ERROR,#ERROR,#ERROR,#ERROR,#ERROR,#ERROR,#ERROR,#ERROR,#ERROR,#ERROR,#ERROR,#ERROR,#ERROR,#ERROR,2,4,6,8,10,12,14,16,18,20,22,24,26,28,30,32,34,36,38,40,42,44,46,48,50,52
Metric,"Supply: 4-Way Curved Blade, Louvered Face",,1.2,20,,,42,236.220472,(236 FPM),http://www.grilletechinc.com/products/commercial/curvedbladeceilingsupply.html,0,1,#ERROR,#ERROR,#ERROR,#ERROR,#ERROR,#ERROR,#ERROR,#ERROR,#ERROR,#ERROR,#ERROR,#ERROR,#ERROR,#ERROR,#ERROR,#ERROR,#ERROR,#ERROR,#ERROR,#ERROR,#ERROR,#ERROR,#ERROR,#ERROR,#ERROR,#ERROR,#ERROR,#ERROR,#ERROR,#ERROR,2,4,6,8,10,12,14,16,18,20,22,24,26,28,30,32,34,36,38,40,42,44,46,48,50,52
Metric,"Supply: 4-Way Curved Blade, Louvered Face",,1.2,100,,,212,236.220472,(236 FPM),http://www.grilletechinc.com/products/commercial/curvedbladeceilingsupply.html,0,1,#ERROR,#ERROR,#ERROR,#ERROR,#ERROR,#ERROR,#ERROR,#ERROR,#ERROR,#ERROR,#ERROR,#ERROR,#ERROR,#ERROR,#ERROR,#ERROR,#ERROR,#ERROR,#ERROR,#ERROR,#ERROR,#ERROR,#ERROR,#ERROR,#ERROR,#ERROR,#ERROR,#ERROR,#ERROR,#ERROR,2,4,6,8,10,12,14,16,18,20,22,24,26,28,30,32,34,36,38,40,42,44,46,48,50,52
Metric,"Supply: 4-Way Curved Blade, Louvered Face",,1.2,500,,,1059,236.220472,(236 FPM),http://www.grilletechinc.com/products/commercial/curvedbladeceilingsupply.html,0,1,#ERROR,#ERROR,#ERROR,#ERROR,#ERROR,#ERROR,#ERROR,#ERROR,#ERROR,#ERROR,#ERROR,#ERROR,#ERROR,#ERROR,#ERROR,#ERROR,#ERROR,#ERROR,#ERROR,#ERROR,#ERROR,#ERROR,#ERROR,#ERROR,#ERROR,#ERROR,#ERROR,#ERROR,#ERROR,#ERROR,2,4,6,8,10,12,14,16,18,20,22,24,26,28,30,32,34,36,38,40,42,44,46,48,50,52
Metric,"Supply: 4-Way Curved Blade, Louvered Face",,2.5,20,,,42,492.125984,(492 FPM),http://www.grilletechinc.com/products/commercial/curvedbladeceilingsupply.html,0,1,0,2,2,2,2,2,2,2,2,2,2,2,2,2,2,2,2,2,5,8,11,14,17,20,23,26,29,32,35,38,2,4,6,8,10,12,14,16,18,20,22,24,26,28,30,32,34,36,38,40,42,44,46,48,50,52
Metric,"Supply: 4-Way Curved Blade, Louvered Face",,2.5,100,,,212,492.125984,(492 FPM),http://www.grilletechinc.com/products/commercial/curvedbladeceilingsupply.html,0,1,1,1,1,1,1,0,1,1,2,0,2,2,2,2,2,2,2,2,5,8,11,14,17,20,23,26,29,32,35,38,2,4,6,8,10,12,14,16,18,20,22,24,26,28,30,32,34,36,38,40,42,44,46,48,50,52
Metric,"Supply: 4-Way Curved Blade, Louvered Face",,2.5,500,,,1059,492.125984,(492 FPM),http://www.grilletechinc.com/products/commercial/curvedbladeceilingsupply.html,0,1,1,1,1,1,1,1,1,1,1,1,1,1,1,1,1,1,1,2,5,8,11,14,17,20,23,26,29,32,35,38,2,4,6,8,10,12,14,16,18,20,22,24,26,28,30,32,34,36,38,40,42,44,46,48,50,52
Metric,"Supply: 4-Way Curved Blade, Louvered Face",,3,20,,,42,590.551181,(591 FPM),http://www.grilletechinc.com/products/commercial/curvedbladeceilingsupply.html,0,1,0,2,2,2,2,2,2,2,2,2,2,2,2,2,2,2,2,2,5,8,11,14,17,20,23,26,29,32,35,38,2,4,6,8,10,12,14,16,18,20,22,24,26,28,30,32,34,36,38,40,42,44,46,48,50,52
Metric,"Supply: 4-Way Curved Blade, Louvered Face",,3,100,,,212,590.551181,(591 FPM),http://www.grilletechinc.com/products/commercial/curvedbladeceilingsupply.html,0,1,1,1,1,1,0,0,0,1,2,0,2,2,2,2,2,2,2,2,5,8,11,14,17,20,23,26,29,32,35,38,2,4,6,8,10,12,14,16,18,20,22,24,26,28,30,32,34,36,38,40,42,44,46,48,50,52
Metric,"Supply: 4-Way Curved Blade, Louvered Face",,3,500,,,1059,590.551181,(591 FPM),http://www.grilletechinc.com/products/commercial/curvedbladeceilingsupply.html,0,1,1,1,1,1,1,1,1,1,1,1,1,1,1,1,1,0,1,2,5,8,11,14,17,20,23,26,29,32,35,38,2,4,6,8,10,12,14,16,18,20,22,24,26,28,30,32,34,36,38,40,42,44,46,48,50,52
Metric,"Supply: 4-Way Curved Blade, Louvered Face",,5.2,20,,,42,1023.622047,(1024 FPM),http://www.grilletechinc.com/products/commercial/curvedbladeceilingsupply.html,0,1,0,2,2,2,2,2,2,2,2,2,2,2,2,2,2,#ERROR,#ERROR,#ERROR,#ERROR,#ERROR,#ERROR,#ERROR,#ERROR,#ERROR,#ERROR,#ERROR,#ERROR,#ERROR,#ERROR,#ERROR,2,4,6,8,10,12,14,16,18,20,22,24,26,28,30,32,34,36,38,40,42,44,46,48,50,52
Metric,"Supply: 4-Way Curved Blade, Louvered Face",,5.2,100,,,212,1023.622047,(1024 FPM),http://www.grilletechinc.com/products/commercial/curvedbladeceilingsupply.html,0,1,1,1,0,0,0,0,0,1,2,0,2,2,2,2,2,#ERROR,#ERROR,#ERROR,#ERROR,#ERROR,#ERROR,#ERROR,#ERROR,#ERROR,#ERROR,#ERROR,#ERROR,#ERROR,#ERROR,#ERROR,2,4,6,8,10,12,14,16,18,20,22,24,26,28,30,32,34,36,38,40,42,44,46,48,50,52
Metric,"Supply: 4-Way Curved Blade, Louvered Face",,5.2,500,,,1059,1023.622047,(1024 FPM),http://www.grilletechinc.com/products/commercial/curvedbladeceilingsupply.html,0,1,1,1,1,1,1,1,1,1,0,1,1,0,0,0,0,#ERROR,#ERROR,#ERROR,#ERROR,#ERROR,#ERROR,#ERROR,#ERROR,#ERROR,#ERROR,#ERROR,#ERROR,#ERROR,#ERROR,#ERROR,2,4,6,8,10,12,14,16,18,20,22,24,26,28,30,32,34,36,38,40,42,44,46,48,50,52
