q,type,mat,height,limit,label,supply,square,minGrille,grilleText,minDuct,ductText,widthText,diaText,flexType,header,p27,u27,s27,t27,p29,u29,s29,t29,p31,u31,s31,t31,p33,u33,s33,t33,p35,u35,s35,t35,p37,u37,s37,t37,p39,u39,s39,t39,p41,u41,s41,t41,p43,u43,s43,t43,p45,u45,s45,t45,p47,u47,s47,t47,p49,u49,s49,t49,p51,u51,s51,t51,p53,u53,s53,t53,p55,u55,s55,t55,p57,u57,s57,t57,p59,u59,s59,t59,p61,u61,s61,t61,p63,u63,s63,t63,p65,u65,s65,t65,p67,u67,s67,t67,p69,u69,s69,t69,p71,u71,s71,t71,p73,u73,s73,t73,p75,u75,s75,t75,p77,u77,s77,t77
1,Pass Through,Flex,8,,Estimated Flex Supply Duct Size,1.23 in. Ø round @ 0.1 in. w.g.,"(1.1 in. x 1.1 in. square, equal friction)",0.003472222222222222,(≈0.5 in²),0.012314801120825098,(≈1.8 in²),[in]  x  width: 0.2 [in],1.5 in,0,"Duct = Grille Neck Size
LxW [in x in]",0,49,6,x6,1,63,8,x6,1,84,10,x6,1,115,10,x8,1,104,12,x6,1,138,12,x8,1,176,12,x10,1,213,12,x12,1,380,16,x16,1,158,18,x6,1,262,18,x10,1,323,18,x12,1,498,18,x18,1,438,24,x12,1,677,24,x18,1,907,24,x24,1,556,30,x12,1,844,30,x18,1,1143,30,x24,1,1440,30,x30,1,1022,36,x18,1,1394,36,x24,1,1757,36,x30,1,1881,48,x24,1,2160,48,x26,1,2333,48,x30
1,Pass Through,Duct board,8,,Estimated Duct Board Supply Duct Size,1.12 in. Ø round @ 0.1 in. w.g.,"(1 in. x 1 in. square, equal friction)",0.003472222222222222,(≈0.5 in²),0.010303095241230832,(≈1.5 in²),[in]  x  width: 0.2 [in],1.4 in,0,"Duct = Grille Neck Size
LxW [in x in]",0,49,6,x6,1,63,8,x6,1,84,10,x6,1,115,10,x8,1,104,12,x6,1,138,12,x8,1,176,12,x10,1,213,12,x12,1,380,16,x16,1,158,18,x6,1,262,18,x10,1,323,18,x12,1,498,18,x18,1,438,24,x12,1,677,24,x18,1,907,24,x24,1,556,30,x12,1,844,30,x18,1,1143,30,x24,1,1440,30,x30,1,1022,36,x18,1,1394,36,x24,1,1757,36,x30,1,1881,48,x24,1,2160,48,x26,1,2333,48,x30
1,Pass Through,Metal,8,,Estimated Metal Supply Duct Size,1.08 in. Ø round @ 0.1 in. w.g.,"(1 in. x 1 in. square, equal friction)",0.003472222222222222,(≈0.5 in²),0.00949217675160828,(≈1.4 in²),[in]  x  width: 0.2 [in],1.3 in,0,"Duct = Grille Neck Size
LxW [in x in]",0,49,6,x6,1,63,8,x6,1,84,10,x6,1,115,10,x8,1,104,12,x6,1,138,12,x8,1,176,12,x10,1,213,12,x12,1,380,16,x16,1,158,18,x6,1,262,18,x10,1,323,18,x12,1,498,18,x18,1,438,24,x12,1,677,24,x18,1,907,24,x24,1,556,30,x12,1,844,30,x18,1,1143,30,x24,1,1440,30,x30,1,1022,36,x18,1,1394,36,x24,1,1757,36,x30,1,1881,48,x24,1,2160,48,x26,1,2333,48,x30
1,Transfer - Flex,Flex,8,,Estimated Flex Supply Duct Size,1.23 in. Ø round @ 0.1 in. w.g.,"(1.1 in. x 1.1 in. square, equal friction)",0.003472222222222222,(≈0.5 in²),0.012314801120825098,(≈1.8 in²),[in]  x  width: 0.2 [in],1.5 in,1,"Min. Flex Duct
Diameter [in]",0,49,1.5,,1,63,1.5,,1,84,1.5,,1,115,1.5,,1,104,1.5,,1,138,1.5,,1,176,1.5,,1,213,1.5,,1,380,1.5,,1,158,1.5,,1,262,1.5,,1,323,1.5,,1,498,1.5,,1,438,1.5,,1,677,1.5,,1,907,1.5,,1,556,1.5,,1,844,1.5,,1,1143,1.5,,1,1440,1.5,,1,1022,1.5,,1,1394,1.5,,1,1757,1.5,,1,1881,1.5,,1,2160,1.5,,1,2333,1.5,
1,Transfer - Flex,Duct board,8,,Estimated Duct Board Supply Duct Size,1.12 in. Ø round @ 0.1 in. w.g.,"(1 in. x 1 in. square, equal friction)",0.003472222222222222,(≈0.5 in²),0.010303095241230832,(≈1.5 in²),[in]  x  width: 0.2 [in],1.4 in,1,"Min. Flex Duct
Diameter [in]",0,49,1.37,,1,63,1.37,,1,84,1.37,,1,115,1.37,,1,104,1.37,,1,138,1.37,,1,176,1.37,,1,213,1.37,,1,380,1.37,,1,158,1.37,,1,262,1.37,,1,323,1.37,,1,498,1.37,,1,438,1.37,,1,677,1.37,,1,907,1.37,,1,556,1.37,,1,844,1.37,,1,1143,1.37,,1,1440,1.37,,1,1022,1.37,,1,1394,1.37,,1,1757,1.37,,1,1881,1.37,,1,2160,1.37,,1,2333,1.37,
1,Transfer - Flex,Metal,8,,Estimated Metal Supply Duct Size,1.08 in. Ø round @ 0.1 in. w.g.,"(1 in. x 1 in. square, equal friction)",0.003472222222222222,(≈0.5 in²),0.00949217675160828,(≈1.4 in²),[in]  x  width: 0.2 [in],1.3 in,1,"Min. Flex Duct
Diameter [in]",0,49,1.32,,1,63,1.32,,1,84,1.32,,1,115,1.32,,1,104,1.32,,1,138,1.32,,1,176,1.32,,1,213,1.32,,1,380,1.32,,1,158,1.32,,1,262,1.32,,1,323,1.32,,1,498,1.32,,1,438,1.32,,1,677,1.32,,1,907,1.32,,1,556,1.32,,1,844,1.32,,1,1143,1.32,,1,1440,1.32,,1,1022,1.32,,1,1394,1.32,,1,1757,1.32,,1,1881,1.32,,1,2160,1.32,,1,2333,1.32,
1,Transfer - Hard ,Flex,8,,Estimated Flex Supply Duct Size,1.23 in. Ø round @ 0.1 in. w.g.,"(1.1 in. x 1.1 in. square, equal friction)",0.003472222222222222,(≈0.5 in²),0.012314801120825098,(≈1.8 in²),[in]  x  width: 0.2 [in],1.5 in,0,"Duct = Grille Neck Size
LxW [in x in]",0,49,6,x6,1,63,8,x6,1,84,10,x6,1,115,10,x8,1,104,12,x6,1,138,12,x8,1,176,12,x10,1,213,12,x12,1,380,16,x16,1,158,18,x6,1,262,18,x10,1,323,18,x12,1,498,18,x18,1,438,24,x12,1,677,24,x18,1,907,24,x24,1,556,30,x12,1,844,30,x18,1,1143,30,x24,1,1440,30,x30,1,1022,36,x18,1,1394,36,x24,1,1757,36,x30,1,1881,48,x24,1,2160,48,x26,1,2333,48,x30
1,Transfer - Hard ,Duct board,8,,Estimated Duct Board Supply Duct Size,1.12 in. Ø round @ 0.1 in. w.g.,"(1 in. x 1 in. square, equal friction)",0.003472222222222222,(≈0.5 in²),0.010303095241230832,(≈1.5 in²),[in]  x  width: 0.2 [in],1.4 in,0,"Duct = Grille Neck Size
LxW [in x in]",0,49,6,x6,1,63,8,x6,1,84,10,x6,1,115,10,x8,1,104,12,x6,1,138,12,x8,1,176,12,x10,1,213,12,x12,1,380,16,x16,1,158,18,x6,1,262,18,x10,1,323,18,x12,1,498,18,x18,1,438,24,x12,1,677,24,x18,1,907,24,x24,1,556,30,x12,1,844,30,x18,1,1143,30,x24,1,1440,30,x30,1,1022,36,x18,1,1394,36,x24,1,1757,36,x30,1,1881,48,x24,1,2160,48,x26,1,2333,48,x30
1,Transfer - Hard ,Metal,8,,Estimated Metal Supply Duct Size,1.08 in. Ø round @ 0.1 in. w.g.,"(1 in. x 1 in. square, equal friction)",0.003472222222222222,(≈0.5 in²),0.00949217675160828,(≈1.4 in²),[in]  x  width: 0.2 [in],1.3 in,0,"Duct = Grille Neck Size
LxW [in x in]",0,49,6,x6,1,63,8,x6,1,84,10,x6,1,115,10,x8,1,104,12,x6,1,138,12,x8,1,176,12,x10,1,213,12,x12,1,380,16,x16,1,158,18,x6,1,262,18,x10,1,323,18,x12,1,498,18,x18,1,438,24,x12,1,677,24,x18,1,907,24,x24,1,556,30,x12,1,844,30,x18,1,1143,30,x24,1,1440,30,x30,1,1022,36,x18,1,1394,36,x24,1,1757,36,x30,1,1881,48,x24,1,2160,48,x26,1,2333,48,x30
10,Pass Through,Flex,8,,Estimated Flex Supply Duct Size,2.79 in. Ø round @ 0.1 in. w.g.,"(2.6 in. x 2.6 in. square, equal friction)",0.034722222222222224,(≈5 in²),0.063844830654859408,(≈9.2 in²),[in]  x  width: 1.1 [in],3.4 in,0,"Duct = Grille Neck Size
LxW [in x in]",0,49,6,x6,1,63,8,x6,1,84,10,x6,1,115,10,x8,1,104,12,x6,1,138,12,x8,1,176,12,x10,1,213,12,x12,1,380,16,x16,1,158,18,x6,1,262,18,x10,1,323,18,x12,1,498,18,x18,1,438,24,x12,1,677,24,x18,1,907,24,x24,1,556,30,x12,1,844,30,x18,1,1143,30,x24,1,1440,30,x30,1,1022,36,x18,1,1394,36,x24,1,1757,36,x30,1,1881,48,x24,1,2160,48,x26,1,2333,48,x30
10,Pass Through,Duct board,8,,Estimated Duct Board Supply Duct Size,2.58 in. Ø round @ 0.1 in. w.g.,"(2.4 in. x 2.4 in. square, equal friction)",0.034722222222222224,(≈5 in²),0.054258735817486983,(≈7.8 in²),[in]  x  width: 1 [in],3.2 in,0,"Duct = Grille Neck Size
LxW [in x in]",0,49,6,x6,1,63,8,x6,1,84,10,x6,1,115,10,x8,1,104,12,x6,1,138,12,x8,1,176,12,x10,1,213,12,x12,1,380,16,x16,1,158,18,x6,1,262,18,x10,1,323,18,x12,1,498,18,x18,1,438,24,x12,1,677,24,x18,1,907,24,x24,1,556,30,x12,1,844,30,x18,1,1143,30,x24,1,1440,30,x30,1,1022,36,x18,1,1394,36,x24,1,1757,36,x30,1,1881,48,x24,1,2160,48,x26,1,2333,48,x30
10,Pass Through,Metal,8,,Estimated Metal Supply Duct Size,2.47 in. Ø round @ 0.1 in. w.g.,"(2.3 in. x 2.3 in. square, equal friction)",0.034722222222222224,(≈5 in²),0.049731092519435222,(≈7.2 in²),[in]  x  width: 0.9 [in],3 in,0,"Duct = Grille Neck Size
LxW [in x in]",0,49,6,x6,1,63,8,x6,1,84,10,x6,1,115,10,x8,1,104,12,x6,1,138,12,x8,1,176,12,x10,1,213,12,x12,1,380,16,x16,1,158,18,x6,1,262,18,x10,1,323,18,x12,1,498,18,x18,1,438,24,x12,1,677,24,x18,1,907,24,x24,1,556,30,x12,1,844,30,x18,1,1143,30,x24,1,1440,30,x30,1,1022,36,x18,1,1394,36,x24,1,1757,36,x30,1,1881,48,x24,1,2160,48,x26,1,2333,48,x30
10,Transfer - Flex,Flex,8,,Estimated Flex Supply Duct Size,2.79 in. Ø round @ 0.1 in. w.g.,"(2.6 in. x 2.6 in. square, equal friction)",0.034722222222222224,(≈5 in²),0.063844830654859408,(≈9.2 in²),[in]  x  width: 1.1 [in],3.4 in,1,"Min. Flex Duct
Diameter [in]",0,49,3.42,,1,63,3.42,,1,84,3.42,,1,115,3.42,,1,104,3.42,,1,138,3.42,,1,176,3.42,,1,213,3.42,,1,380,3.42,,1,158,3.42,,1,262,3.42,,1,323,3.42,,1,498,3.42,,1,438,3.42,,1,677,3.42,,1,907,3.42,,1,556,3.42,,1,844,3.42,,1,1143,3.42,,1,1440,3.42,,1,1022,3.42,,1,1394,3.42,,1,1757,3.42,,1,1881,3.42,,1,2160,3.42,,1,2333,3.42,
10,Transfer - Flex,Duct board,8,,Estimated Duct Board Supply Duct Size,2.58 in. Ø round @ 0.1 in. w.g.,"(2.4 in. x 2.4 in. square, equal friction)",0.034722222222222224,(≈5 in²),0.054258735817486983,(≈7.8 in²),[in]  x  width: 1 [in],3.2 in,1,"Min. Flex Duct
Diameter [in]",0,49,3.15,,1,63,3.15,,1,84,3.15,,1,115,3.15,,1,104,3.15,,1,138,3.15,,1,176,3.15,,1,213,3.15,,1,380,3.15,,1,158,3.15,,1,262,3.15,,1,323,3.15,,1,498,3.15,,1,438,3.15,,1,677,3.15,,1,907,3.15,,1,556,3.15,,1,844,3.15,,1,1143,3.15,,1,1440,3.15,,1,1022,3.15,,1,1394,3.15,,1,1757,3.15,,1,1881,3.15,,1,2160,3.15,,1,2333,3.15,
10,Transfer - Flex,Metal,8,,Estimated Metal Supply Duct Size,2.47 in. Ø round @ 0.1 in. w.g.,"(2.3 in. x 2.3 in. square, equal friction)",0.034722222222222224,(≈5 in²),0.049731092519435222,(≈7.2 in²),[in]  x  width: 0.9 [in],3 in,1,"Min. Flex Duct
Diameter [in]",0,49,3.02,,1,63,3.02,,1,84,3.02,,1,115,3.02,,1,104,3.02,,1,138,3.02,,1,176,3.02,,1,213,3.02,,1,380,3.02,,1,158,3.02,,1,262,3.02,,1,323,3.02,,1,498,3.02,,1,438,3.02,,1,677,3.02,,1,907,3.02,,1,556,3.02,,1,844,3.02,,1,1143,3.02,,1,1440,3.02,,1,1022,3.02,,1,1394,3.02,,1,1757,3.02,,1,1881,3.02,,1,2160,3.02,,1,2333,3.02,
10,Transfer - Hard ,Flex,8,,Estimated Flex Supply Duct Size,2.79 in. Ø round @ 0.1 in. w.g.,"(2.6 in. x 2.6 in. square, equal friction)",0.034722222222222224,(≈5 in²),0.063844830654859408,(≈9.2 in²),[in]  x  width: 1.1 [in],3.4 in,0,"Duct = Grille Neck Size
LxW [in x in]",0,49,6,x6,1,63,8,x6,1,84,10,x6,1,115,10,x8,1,104,12,x6,1,138,12,x8,1,176,12,x10,1,213,12,x12,1,380,16,x16,1,158,18,x6,1,262,18,x10,1,323,18,x12,1,498,18,x18,1,438,24,x12,1,677,24,x18,1,907,24,x24,1,556,30,x12,1,844,30,x18,1,1143,30,x24,1,1440,30,x30,1,1022,36,x18,1,1394,36,x24,1,1757,36,x30,1,1881,48,x24,1,2160,48,x26,1,2333,48,x30
10,Transfer - Hard ,Duct board,8,,Estimated Duct Board Supply Duct Size,2.58 in. Ø round @ 0.1 in. w.g.,"(2.4 in. x 2.4 in. square, equal friction)",0.034722222222222224,(≈5 in²),0.054258735817486983,(≈7.8 in²),[in]  x  width: 1 [in],3.2 in,0,"Duct = Grille Neck Size
LxW [in x in]",0,49,6,x6,1,63,8,x6,1,84,10,x6,1,115,10,x8,1,104,12,x6,1,138,12,x8,1,176,12,x10,1,213,12,x12,1,380,16,x16,1,158,18,x6,1,262,18,x10,1,323,18,x12,1,498,18,x18,1,438,24,x12,1,677,24,x18,1,907,24,x24,1,556,30,x12,1,844,30,x18,1,1143,30,x24,1,1440,30,x30,1,1022,36,x18,1,1394,36,x24,1,1757,36,x30,1,1881,48,x24,1,2160,48,x26,1,2333,48,x30
10,Transfer - Hard ,Metal,8,,Estimated Metal Supply Duct Size,2.47 in. Ø round @ 0.1 in. w.g.,"(2.3 in. x 2.3 in. square, equal friction)",0.034722222222222224,(≈5 in²),0.049731092519435222,(≈7.2 in²),[in]  x  width: 0.9 [in],3 in,0,"Duct = Grille Neck Size
LxW [in x in]",0,49,6,x6,1,63,8,x6,1,84,10,x6,1,115,10,x8,1,104,12,x6,1,138,12,x8,1,176,12,x10,1,213,12,x12,1,380,16,x16,1,158,18,x6,1,262,18,x10,1,323,18,x12,1,498,18,x18,1,438,24,x12,1,677,24,x18,1,907,24,x24,1,556,30,x12,1,844,30,x18,1,1143,30,x24,1,1440,30,x30,1,1022,36,x18,1,1394,36,x24,1,1757,36,x30,1,1881,48,x24,1,2160,48,x26,1,2333,48,x30
20,Pass Through,Flex,8,,Estimated Flex Supply Duct Size,3.6 in. Ø round @ 0.1 in. w.g.,"(3.3 in. x 3.3 in. square, equal friction)",0.069444444444444448,(≈10 in²),0.10575609484873469,(≈15.2 in²),[in]  x  width: 1.9 [in],4.4 in,0,"Duct = Grille Neck Size
LxW [in x in]",0,49,6,x6,1,63,8,x6,1,84,10,x6,1,115,10,x8,1,104,12,x6,1,138,12,x8,1,176,12,x10,1,213,12,x12,1,380,16,x16,1,158,18,x6,1,262,18,x10,1,323,18,x12,1,498,18,x18,1,438,24,x12,1,677,24,x18,1,907,24,x24,1,556,30,x12,1,844,30,x18,1,1143,30,x24,1,1440,30,x30,1,1022,36,x18,1,1394,36,x24,1,1757,36,x30,1,1881,48,x24,1,2160,48,x26,1,2333,48,x30
20,Pass Through,Duct board,8,,Estimated Duct Board Supply Duct Size,3.32 in. Ø round @ 0.1 in. w.g.,"(3 in. x 3 in. square, equal friction)",0.069444444444444448,(≈10 in²),0.090223308134600666,(≈13 in²),[in]  x  width: 1.6 [in],4.1 in,0,"Duct = Grille Neck Size
LxW [in x in]",0,49,6,x6,1,63,8,x6,1,84,10,x6,1,115,10,x8,1,104,12,x6,1,138,12,x8,1,176,12,x10,1,213,12,x12,1,380,16,x16,1,158,18,x6,1,262,18,x10,1,323,18,x12,1,498,18,x18,1,438,24,x12,1,677,24,x18,1,907,24,x24,1,556,30,x12,1,844,30,x18,1,1143,30,x24,1,1440,30,x30,1,1022,36,x18,1,1394,36,x24,1,1757,36,x30,1,1881,48,x24,1,2160,48,x26,1,2333,48,x30
20,Pass Through,Metal,8,,Estimated Metal Supply Duct Size,3.18 in. Ø round @ 0.1 in. w.g.,"(2.9 in. x 2.9 in. square, equal friction)",0.069444444444444448,(≈10 in²),0.082540466599343734,(≈11.9 in²),[in]  x  width: 1.5 [in],3.9 in,0,"Duct = Grille Neck Size
LxW [in x in]",0,49,6,x6,1,63,8,x6,1,84,10,x6,1,115,10,x8,1,104,12,x6,1,138,12,x8,1,176,12,x10,1,213,12,x12,1,380,16,x16,1,158,18,x6,1,262,18,x10,1,323,18,x12,1,498,18,x18,1,438,24,x12,1,677,24,x18,1,907,24,x24,1,556,30,x12,1,844,30,x18,1,1143,30,x24,1,1440,30,x30,1,1022,36,x18,1,1394,36,x24,1,1757,36,x30,1,1881,48,x24,1,2160,48,x26,1,2333,48,x30
20,Transfer - Flex,Flex,8,,Estimated Flex Supply Duct Size,3.6 in. Ø round @ 0.1 in. w.g.,"(3.3 in. x 3.3 in. square, equal friction)",0.069444444444444448,(≈10 in²),0.10575609484873469,(≈15.2 in²),[in]  x  width: 1.9 [in],4.4 in,1,"Min. Flex Duct
Diameter [in]",0,49,4.4,,1,63,4.4,,1,84,4.4,,1,115,4.4,,1,104,4.4,,1,138,4.4,,1,176,4.4,,1,213,4.4,,1,380,4.4,,1,158,4.4,,1,262,4.4,,1,323,4.4,,1,498,4.4,,1,438,4.4,,1,677,4.4,,1,907,4.4,,1,556,4.4,,1,844,4.4,,1,1143,4.4,,1,1440,4.4,,1,1022,4.4,,1,1394,4.4,,1,1757,4.4,,1,1881,4.4,,1,2160,4.4,,1,2333,4.4,
20,Transfer - Flex,Duct board,8,,Estimated Duct Board Supply Duct Size,3.32 in. Ø round @ 0.1 in. w.g.,"(3 in. x 3 in. square, equal friction)",0.069444444444444448,(≈10 in²),0.090223308134600666,(≈13 in²),[in]  x  width: 1.6 [in],4.1 in,1,"Min. Flex Duct
Diameter [in]",0,49,4.07,,1,63,4.07,,1,84,4.07,,1,115,4.07,,1,104,4.07,,1,138,4.07,,1,176,4.07,,1,213,4.07,,1,380,4.07,,1,158,4.07,,1,262,4.07,,1,323,4.07,,1,498,4.07,,1,438,4.07,,1,677,4.07,,1,907,4.07,,1,556,4.07,,1,844,4.07,,1,1143,4.07,,1,1440,4.07,,1,1022,4.07,,1,1394,4.07,,1,1757,4.07,,1,1881,4.07,,1,2160,4.07,,1,2333,4.07,
20,Transfer - Flex,Metal,8,,Estimated Metal Supply Duct Size,3.18 in. Ø round @ 0.1 in. w.g.,"(2.9 in. x 2.9 in. square, equal friction)",0.069444444444444448,(≈10 in²),0.082540466599343734,(≈11.9 in²),[in]  x  width: 1.5 [in],3.9 in,1,"Min. Flex Duct
Diameter [in]",0,49,3.89,,1,63,3.89,,1,84,3.89,,1,115,3.89,,1,104,3.89,,1,138,3.89,,1,176,3.89,,1,213,3.89,,1,380,3.89,,1,158,3.89,,1,262,3.89,,1,323,3.89,,1,498,3.89,,1,438,3.89,,1,677,3.89,,1,907,3.89,,1,556,3.89,,1,844,3.89,,1,1143,3.89,,1,1440,3.89,,1,1022,3.89,,1,1394,3.89,,1,1757,3.89,,1,1881,3.89,,1,2160,3.89,,1,2333,3.89,
20,Transfer - Hard ,Flex,8,,Estimated Flex Supply Duct Size,3.6 in. Ø round @ 0.1 in. w.g.,"(3.3 in. x 3.3 in. square, equal friction)",0.069444444444444448,(≈10 in²),0.10575609484873469,(≈15.2 in²),[in]  x  width: 1.9 [in],4.4 in,0,"Duct = Grille Neck Size
LxW [in x in]",0,49,6,x6,1,63,8,x6,1,84,10,x6,1,115,10,x8,1,104,12,x6,1,138,12,x8,1,176,12,x10,1,213,12,x12,1,380,16,x16,1,158,18,x6,1,262,18,x10,1,323,18,x12,1,498,18,x18,1,438,24,x12,1,677,24,x18,1,907,24,x24,1,556,30,x12,1,844,30,x18,1,1143,30,x24,1,1440,30,x30,1,1022,36,x18,1,1394,36,x24,1,1757,36,x30,1,1881,48,x24,1,2160,48,x26,1,2333,48,x30
20,Transfer - Hard ,Duct board,8,,Estimated Duct Board Supply Duct Size,3.32 in. Ø round @ 0.1 in. w.g.,"(3 in. x 3 in. square, equal friction)",0.069444444444444448,(≈10 in²),0.090223308134600666,(≈13 in²),[in]  x  width: 1.6 [in],4.1 in,0,"Duct = Grille Neck Size
LxW [in x in]",0,49,6,x6,1,63,8,x6,1,84,10,x6,1,115,10,x8,1,104,12,x6,1,138,12,x8,1,176,12,x10,1,213,12,x12,1,380,16,x16,1,158,18,x6,1,262,18,x10,1,323,18,x12,1,498,18,x18,1,438,24,x12,1,677,24,x18,1,907,24,x24,1,556,30,x12,1,844,30,x18,1,1143,30,x24,1,1440,30,x30,1,1022,36,x18,1,1394,36,x24,1,1757,36,x30,1,1881,48,x24,1,2160,48,x26,1,2333,48,x30
20,Transfer - Hard ,Metal,8,,Estimated Metal Supply Duct Size,3.18 in. Ø round @ 0.1 in. w.g.,"(2.9 in. x 2.9 in. square, equal friction)",0.069444444444444448,(≈10 in²),0.082540466599343734,(≈11.9 in²),[in]  x  width: 1.5 [in],3.9 in,0,"Duct = Grille Neck Size
LxW [in x in]",0,49,6,x6,1,63,8,x6,1,84,10,x6,1,115,10,x8,1,104,12,x6,1,138,12,x8,1,176,12,x10,1,213,12,x12,1,380,16,x16,1,158,18,x6,1,262,18,x10,1,323,18,x12,1,498,18,x18,1,438,24,x12,1,677,24,x18,1,907,24,x24,1,556,30,x12,1,844,30,x18,1,1143,30,x24,1,1440,30,x30,1,1022,36,x18,1,1394,36,x24,1,1757,36,x30,1,1881,48,x24,1,2160,48,x26,1,2333,48,x30
25,Pass Through,Flex,8,,Estimated Flex Supply Duct Size,3.9 in. Ø round @ 0.1 in. w.g.,"(3.6 in. x 3.6 in. square, equal friction)",0.086805555555555552,(≈12.5 in²),0.12450235361213909,(≈17.9 in²),[in]  x  width: 2.2 [in],4.8 in,0,"Duct = Grille Neck Size
LxW [in x in]",0,49,6,x6,1,63,8,x6,1,84,10,x6,1,115,10,x8,1,104,12,x6,1,138,12,x8,1,176,12,x10,1,213,12,x12,1,380,16,x16,1,158,18,x6,1,262,18,x10,1,323,18,x12,1,498,18,x18,1,438,24,x12,1,677,24,x18,1,907,24,x24,1,556,30,x12,1,844,30,x18,1,1143,30,x24,1,1440,30,x30,1,1022,36,x18,1,1394,36,x24,1,1757,36,x30,1,1881,48,x24,1,2160,48,x26,1,2333,48,x30
25,Pass Through,Duct board,8,,Estimated Duct Board Supply Duct Size,3.61 in. Ø round @ 0.1 in. w.g.,"(3.3 in. x 3.3 in. square, equal friction)",0.086805555555555552,(≈12.5 in²),0.10634235468730524,(≈15.3 in²),[in]  x  width: 1.9 [in],4.4 in,0,"Duct = Grille Neck Size
LxW [in x in]",0,49,6,x6,1,63,8,x6,1,84,10,x6,1,115,10,x8,1,104,12,x6,1,138,12,x8,1,176,12,x10,1,213,12,x12,1,380,16,x16,1,158,18,x6,1,262,18,x10,1,323,18,x12,1,498,18,x18,1,438,24,x12,1,677,24,x18,1,907,24,x24,1,556,30,x12,1,844,30,x18,1,1143,30,x24,1,1440,30,x30,1,1022,36,x18,1,1394,36,x24,1,1757,36,x30,1,1881,48,x24,1,2160,48,x26,1,2333,48,x30
25,Pass Through,Metal,8,,Estimated Metal Supply Duct Size,3.45 in. Ø round @ 0.1 in. w.g.,"(3.2 in. x 3.2 in. square, equal friction)",0.086805555555555552,(≈12.5 in²),0.097227187854021652,(≈14 in²),[in]  x  width: 1.8 [in],4.2 in,0,"Duct = Grille Neck Size
LxW [in x in]",0,49,6,x6,1,63,8,x6,1,84,10,x6,1,115,10,x8,1,104,12,x6,1,138,12,x8,1,176,12,x10,1,213,12,x12,1,380,16,x16,1,158,18,x6,1,262,18,x10,1,323,18,x12,1,498,18,x18,1,438,24,x12,1,677,24,x18,1,907,24,x24,1,556,30,x12,1,844,30,x18,1,1143,30,x24,1,1440,30,x30,1,1022,36,x18,1,1394,36,x24,1,1757,36,x30,1,1881,48,x24,1,2160,48,x26,1,2333,48,x30
25,Transfer - Flex,Flex,8,,Estimated Flex Supply Duct Size,3.9 in. Ø round @ 0.1 in. w.g.,"(3.6 in. x 3.6 in. square, equal friction)",0.086805555555555552,(≈12.5 in²),0.12450235361213909,(≈17.9 in²),[in]  x  width: 2.2 [in],4.8 in,1,"Min. Flex Duct
Diameter [in]",0,49,4.78,,1,63,4.78,,1,84,4.78,,1,115,4.78,,1,104,4.78,,1,138,4.78,,1,176,4.78,,1,213,4.78,,1,380,4.78,,1,158,4.78,,1,262,4.78,,1,323,4.78,,1,498,4.78,,1,438,4.78,,1,677,4.78,,1,907,4.78,,1,556,4.78,,1,844,4.78,,1,1143,4.78,,1,1440,4.78,,1,1022,4.78,,1,1394,4.78,,1,1757,4.78,,1,1881,4.78,,1,2160,4.78,,1,2333,4.78,
25,Transfer - Flex,Duct board,8,,Estimated Duct Board Supply Duct Size,3.61 in. Ø round @ 0.1 in. w.g.,"(3.3 in. x 3.3 in. square, equal friction)",0.086805555555555552,(≈12.5 in²),0.10634235468730524,(≈15.3 in²),[in]  x  width: 1.9 [in],4.4 in,1,"Min. Flex Duct
Diameter [in]",0,49,4.42,,1,63,4.42,,1,84,4.42,,1,115,4.42,,1,104,4.42,,1,138,4.42,,1,176,4.42,,1,213,4.42,,1,380,4.42,,1,158,4.42,,1,262,4.42,,1,323,4.42,,1,498,4.42,,1,438,4.42,,1,677,4.42,,1,907,4.42,,1,556,4.42,,1,844,4.42,,1,1143,4.42,,1,1440,4.42,,1,1022,4.42,,1,1394,4.42,,1,1757,4.42,,1,1881,4.42,,1,2160,4.42,,1,2333,4.42,
25,Transfer - Flex,Metal,8,,Estimated Metal Supply Duct Size,3.45 in. Ø round @ 0.1 in. w.g.,"(3.2 in. x 3.2 in. square, equal friction)",0.086805555555555552,(≈12.5 in²),0.097227187854021652,(≈14 in²),[in]  x  width: 1.8 [in],4.2 in,1,"Min. Flex Duct
Diameter [in]",0,49,4.22,,1,63,4.22,,1,84,4.22,,1,115,4.22,,1,104,4.22,,1,138,4.22,,1,176,4.22,,1,213,4.22,,1,380,4.22,,1,158,4.22,,1,262,4.22,,1,323,4.22,,1,498,4.22,,1,438,4.22,,1,677,4.22,,1,907,4.22,,1,556,4.22,,1,844,4.22,,1,1143,4.22,,1,1440,4.22,,1,1022,4.22,,1,1394,4.22,,1,1757,4.22,,1,1881,4.22,,1,2160,4.22,,1,2333,4.22,
25,Transfer - Hard ,Flex,8,,Estimated Flex Supply Duct Size,3.9 in. Ø round @ 0.1 in. w.g.,"(3.6 in. x 3.6 in. square, equal friction)",0.086805555555555552,(≈12.5 in²),0.12450235361213909,(≈17.9 in²),[in]  x  width: 2.2 [in],4.8 in,0,"Duct = Grille Neck Size
LxW [in x in]",0,49,6,x6,1,63,8,x6,1,84,10,x6,1,115,10,x8,1,104,12,x6,1,138,12,x8,1,176,12,x10,1,213,12,x12,1,380,16,x16,1,158,18,x6,1,262,18,x10,1,323,18,x12,1,498,18,x18,1,438,24,x12,1,677,24,x18,1,907,24,x24,1,556,30,x12,1,844,30,x18,1,1143,30,x24,1,1440,30,x30,1,1022,36,x18,1,1394,36,x24,1,1757,36,x30,1,1881,48,x24,1,2160,48,x26,1,2333,48,x30
25,Transfer - Hard ,Duct board,8,,Estimated Duct Board Supply Duct Size,3.61 in. Ø round @ 0.1 in. w.g.,"(3.3 in. x 3.3 in. square, equal friction)",0.086805555555555552,(≈12.5 in²),0.10634235468730524,(≈15.3 in²),[in]  x  width: 1.9 [in],4.4 in,0,"Duct = Grille Neck Size
LxW [in x in]",0,49,6,x6,1,63,8,x6,1,84,10,x6,1,115,10,x8,1,104,12,x6,1,138,12,x8,1,176,12,x10,1,213,12,x12,1,380,16,x16,1,158,18,x6,1,262,18,x10,1,323,18,x12,1,498,18,x18,1,438,24,x12,1,677,24,x18,1,907,24,x24,1,556,30,x12,1,844,30,x18,1,1143,30,x24,1,1440,30,x30,1,1022,36,x18,1,1394,36,x24,1,1757,36,x30,1,1881,48,x24,1,2160,48,x26,1,2333,48,x30
25,Transfer - Hard ,Metal,8,,Estimated Metal Supply Duct Size,3.45 in. Ø round @ 0.1 in. w.g.,"(3.2 in. x 3.2 in. square, equal friction)",0.086805555555555552,(≈12.5 in²),0.097227187854021652,(≈14 in²),[in]  x  width: 1.8 [in],4.2 in,0,"Duct = Grille Neck Size
LxW [in x in]",0,49,6,x6,1,63,8,x6,1,84,10,x6,1,115,10,x8,1,104,12,x6,1,138,12,x8,1,176,12,x10,1,213,12,x12,1,380,16,x16,1,158,18,x6,1,262,18,x10,1,323,18,x12,1,498,18,x18,1,438,24,x12,1,677,24,x18,1,907,24,x24,1,556,30,x12,1,844,30,x18,1,1143,30,x24,1,1440,30,x30,1,1022,36,x18,1,1394,36,x24,1,1757,36,x30,1,1881,48,x24,1,2160,48,x26,1,2333,48,x30
26,Pass Through,Flex,8,,Estimated Flex Supply Duct Size,3.96 in. Ø round @ 0.1 in. w.g.,"(3.6 in. x 3.6 in. square, equal friction)",0.090277777777777776,(≈13 in²),0.12812949013324809,(≈18.5 in²),[in]  x  width: 2.3 [in],4.8 in,0,"Duct = Grille Neck Size
LxW [in x in]",0,49,6,x6,1,63,8,x6,1,84,10,x6,1,115,10,x8,1,104,12,x6,1,138,12,x8,1,176,12,x10,1,213,12,x12,1,380,16,x16,1,158,18,x6,1,262,18,x10,1,323,18,x12,1,498,18,x18,1,438,24,x12,1,677,24,x18,1,907,24,x24,1,556,30,x12,1,844,30,x18,1,1143,30,x24,1,1440,30,x30,1,1022,36,x18,1,1394,36,x24,1,1757,36,x30,1,1881,48,x24,1,2160,48,x26,1,2333,48,x30
26,Pass Through,Duct board,8,,Estimated Duct Board Supply Duct Size,3.66 in. Ø round @ 0.1 in. w.g.,"(3.3 in. x 3.3 in. square, equal friction)",0.090277777777777776,(≈13 in²),0.1094630211136545,(≈15.8 in²),[in]  x  width: 2 [in],4.5 in,0,"Duct = Grille Neck Size
LxW [in x in]",0,49,6,x6,1,63,8,x6,1,84,10,x6,1,115,10,x8,1,104,12,x6,1,138,12,x8,1,176,12,x10,1,213,12,x12,1,380,16,x16,1,158,18,x6,1,262,18,x10,1,323,18,x12,1,498,18,x18,1,438,24,x12,1,677,24,x18,1,907,24,x24,1,556,30,x12,1,844,30,x18,1,1143,30,x24,1,1440,30,x30,1,1022,36,x18,1,1394,36,x24,1,1757,36,x30,1,1881,48,x24,1,2160,48,x26,1,2333,48,x30
26,Pass Through,Metal,8,,Estimated Metal Supply Duct Size,3.5 in. Ø round @ 0.1 in. w.g.,"(3.2 in. x 3.2 in. square, equal friction)",0.090277777777777776,(≈13 in²),0.10006951626962715,(≈14.4 in²),[in]  x  width: 1.8 [in],4.3 in,0,"Duct = Grille Neck Size
LxW [in x in]",0,49,6,x6,1,63,8,x6,1,84,10,x6,1,115,10,x8,1,104,12,x6,1,138,12,x8,1,176,12,x10,1,213,12,x12,1,380,16,x16,1,158,18,x6,1,262,18,x10,1,323,18,x12,1,498,18,x18,1,438,24,x12,1,677,24,x18,1,907,24,x24,1,556,30,x12,1,844,30,x18,1,1143,30,x24,1,1440,30,x30,1,1022,36,x18,1,1394,36,x24,1,1757,36,x30,1,1881,48,x24,1,2160,48,x26,1,2333,48,x30
26,Transfer - Flex,Flex,8,,Estimated Flex Supply Duct Size,3.96 in. Ø round @ 0.1 in. w.g.,"(3.6 in. x 3.6 in. square, equal friction)",0.090277777777777776,(≈13 in²),0.12812949013324809,(≈18.5 in²),[in]  x  width: 2.3 [in],4.8 in,1,"Min. Flex Duct
Diameter [in]",0,49,4.85,,1,63,4.85,,1,84,4.85,,1,115,4.85,,1,104,4.85,,1,138,4.85,,1,176,4.85,,1,213,4.85,,1,380,4.85,,1,158,4.85,,1,262,4.85,,1,323,4.85,,1,498,4.85,,1,438,4.85,,1,677,4.85,,1,907,4.85,,1,556,4.85,,1,844,4.85,,1,1143,4.85,,1,1440,4.85,,1,1022,4.85,,1,1394,4.85,,1,1757,4.85,,1,1881,4.85,,1,2160,4.85,,1,2333,4.85,
26,Transfer - Flex,Duct board,8,,Estimated Duct Board Supply Duct Size,3.66 in. Ø round @ 0.1 in. w.g.,"(3.3 in. x 3.3 in. square, equal friction)",0.090277777777777776,(≈13 in²),0.1094630211136545,(≈15.8 in²),[in]  x  width: 2 [in],4.5 in,1,"Min. Flex Duct
Diameter [in]",0,49,4.48,,1,63,4.48,,1,84,4.48,,1,115,4.48,,1,104,4.48,,1,138,4.48,,1,176,4.48,,1,213,4.48,,1,380,4.48,,1,158,4.48,,1,262,4.48,,1,323,4.48,,1,498,4.48,,1,438,4.48,,1,677,4.48,,1,907,4.48,,1,556,4.48,,1,844,4.48,,1,1143,4.48,,1,1440,4.48,,1,1022,4.48,,1,1394,4.48,,1,1757,4.48,,1,1881,4.48,,1,2160,4.48,,1,2333,4.48,
26,Transfer - Flex,Metal,8,,Estimated Metal Supply Duct Size,3.5 in. Ø round @ 0.1 in. w.g.,"(3.2 in. x 3.2 in. square, equal friction)",0.090277777777777776,(≈13 in²),0.10006951626962715,(≈14.4 in²),[in]  x  width: 1.8 [in],4.3 in,1,"Min. Flex Duct
Diameter [in]",0,49,4.28,,1,63,4.28,,1,84,4.28,,1,115,4.28,,1,104,4.28,,1,138,4.28,,1,176,4.28,,1,213,4.28,,1,380,4.28,,1,158,4.28,,1,262,4.28,,1,323,4.28,,1,498,4.28,,1,438,4.28,,1,677,4.28,,1,907,4.28,,1,556,4.28,,1,844,4.28,,1,1143,4.28,,1,1440,4.28,,1,1022,4.28,,1,1394,4.28,,1,1757,4.28,,1,1881,4.28,,1,2160,4.28,,1,2333,4.28,
26,Transfer - Hard ,Flex,8,,Estimated Flex Supply Duct Size,3.96 in. Ø round @ 0.1 in. w.g.,"(3.6 in. x 3.6 in. square, equal friction)",0.090277777777777776,(≈13 in²),0.12812949013324809,(≈18.5 in²),[in]  x  width: 2.3 [in],4.8 in,0,"Duct = Grille Neck Size
LxW [in x in]",0,49,6,x6,1,63,8,x6,1,84,10,x6,1,115,10,x8,1,104,12,x6,1,138,12,x8,1,176,12,x10,1,213,12,x12,1,380,16,x16,1,158,18,x6,1,262,18,x10,1,323,18,x12,1,498,18,x18,1,438,24,x12,1,677,24,x18,1,907,24,x24,1,556,30,x12,1,844,30,x18,1,1143,30,x24,1,1440,30,x30,1,1022,36,x18,1,1394,36,x24,1,1757,36,x30,1,1881,48,x24,1,2160,48,x26,1,2333,48,x30
26,Transfer - Hard ,Duct board,8,,Estimated Duct Board Supply Duct Size,3.66 in. Ø round @ 0.1 in. w.g.,"(3.3 in. x 3.3 in. square, equal friction)",0.090277777777777776,(≈13 in²),0.1094630211136545,(≈15.8 in²),[in]  x  width: 2 [in],4.5 in,0,"Duct = Grille Neck Size
LxW [in x in]",0,49,6,x6,1,63,8,x6,1,84,10,x6,1,115,10,x8,1,104,12,x6,1,138,12,x8,1,176,12,x10,1,213,12,x12,1,380,16,x16,1,158,18,x6,1,262,18,x10,1,323,18,x12,1,498,18,x18,1,438,24,x12,1,677,24,x18,1,907,24,x24,1,556,30,x12,1,844,30,x18,1,1143,30,x24,1,1440,30,x30,1,1022,36,x18,1,1394,36,x24,1,1757,36,x30,1,1881,48,x24,1,2160,48,x26,1,2333,48,x30
26,Transfer - Hard ,Metal,8,,Estimated Metal Supply Duct Size,3.5 in. Ø round @ 0.1 in. w.g.,"(3.2 in. x 3.2 in. square, equal friction)",0.090277777777777776,(≈13 in²),0.10006951626962715,(≈14.4 in²),[in]  x  width: 1.8 [in],4.3 in,0,"Duct = Grille Neck Size
LxW [in x in]",0,49,6,x6,1,63,8,x6,1,84,10,x6,1,115,10,x8,1,104,12,x6,1,138,12,x8,1,176,12,x10,1,213,12,x12,1,380,16,x16,1,158,18,x6,1,262,18,x10,1,323,18,x12,1,498,18,x18,1,438,24,x12,1,677,24,x18,1,907,24,x24,1,556,30,x12,1,844,30,x18,1,1143,30,x24,1,1440,30,x30,1,1022,36,x18,1,1394,36,x24,1,1757,36,x30,1,1881,48,x24,1,2160,48,x26,1,2333,48,x30
31,Pass Through,Flex,8,,Estimated Flex Supply Duct Size,4.22 in. Ø round @ 0.1 in. w.g.,"(3.9 in. x 3.9 in. square, equal friction)",0.1076388888888889,(≈15.5 in²),0.14575788179802202,(≈21 in²),[in]  x  width: 2.6 [in],5.2 in,0,"Duct = Grille Neck Size
LxW [in x in]",0,49,6,x6,1,63,8,x6,1,84,10,x6,1,115,10,x8,1,104,12,x6,1,138,12,x8,1,176,12,x10,1,213,12,x12,1,380,16,x16,1,158,18,x6,1,262,18,x10,1,323,18,x12,1,498,18,x18,1,438,24,x12,1,677,24,x18,1,907,24,x24,1,556,30,x12,1,844,30,x18,1,1143,30,x24,1,1440,30,x30,1,1022,36,x18,1,1394,36,x24,1,1757,36,x30,1,1881,48,x24,1,2160,48,x26,1,2333,48,x30
31,Pass Through,Duct board,8,,Estimated Duct Board Supply Duct Size,3.9 in. Ø round @ 0.1 in. w.g.,"(3.6 in. x 3.6 in. square, equal friction)",0.1076388888888889,(≈15.5 in²),0.12463757120217961,(≈17.9 in²),[in]  x  width: 2.2 [in],4.8 in,0,"Duct = Grille Neck Size
LxW [in x in]",0,49,6,x6,1,63,8,x6,1,84,10,x6,1,115,10,x8,1,104,12,x6,1,138,12,x8,1,176,12,x10,1,213,12,x12,1,380,16,x16,1,158,18,x6,1,262,18,x10,1,323,18,x12,1,498,18,x18,1,438,24,x12,1,677,24,x18,1,907,24,x24,1,556,30,x12,1,844,30,x18,1,1143,30,x24,1,1440,30,x30,1,1022,36,x18,1,1394,36,x24,1,1757,36,x30,1,1881,48,x24,1,2160,48,x26,1,2333,48,x30
31,Pass Through,Metal,8,,Estimated Metal Supply Duct Size,3.73 in. Ø round @ 0.1 in. w.g.,"(3.4 in. x 3.4 in. square, equal friction)",0.1076388888888889,(≈15.5 in²),0.11388633385378749,(≈16.4 in²),[in]  x  width: 2 [in],4.6 in,0,"Duct = Grille Neck Size
LxW [in x in]",0,49,6,x6,1,63,8,x6,1,84,10,x6,1,115,10,x8,1,104,12,x6,1,138,12,x8,1,176,12,x10,1,213,12,x12,1,380,16,x16,1,158,18,x6,1,262,18,x10,1,323,18,x12,1,498,18,x18,1,438,24,x12,1,677,24,x18,1,907,24,x24,1,556,30,x12,1,844,30,x18,1,1143,30,x24,1,1440,30,x30,1,1022,36,x18,1,1394,36,x24,1,1757,36,x30,1,1881,48,x24,1,2160,48,x26,1,2333,48,x30
31,Transfer - Flex,Flex,8,,Estimated Flex Supply Duct Size,4.22 in. Ø round @ 0.1 in. w.g.,"(3.9 in. x 3.9 in. square, equal friction)",0.1076388888888889,(≈15.5 in²),0.14575788179802202,(≈21 in²),[in]  x  width: 2.6 [in],5.2 in,1,"Min. Flex Duct
Diameter [in]",0,49,5.17,,1,63,5.17,,1,84,5.17,,1,115,5.17,,1,104,5.17,,1,138,5.17,,1,176,5.17,,1,213,5.17,,1,380,5.17,,1,158,5.17,,1,262,5.17,,1,323,5.17,,1,498,5.17,,1,438,5.17,,1,677,5.17,,1,907,5.17,,1,556,5.17,,1,844,5.17,,1,1143,5.17,,1,1440,5.17,,1,1022,5.17,,1,1394,5.17,,1,1757,5.17,,1,1881,5.17,,1,2160,5.17,,1,2333,5.17,
31,Transfer - Flex,Duct board,8,,Estimated Duct Board Supply Duct Size,3.9 in. Ø round @ 0.1 in. w.g.,"(3.6 in. x 3.6 in. square, equal friction)",0.1076388888888889,(≈15.5 in²),0.12463757120217961,(≈17.9 in²),[in]  x  width: 2.2 [in],4.8 in,1,"Min. Flex Duct
Diameter [in]",0,49,4.78,,1,63,4.78,,1,84,4.78,,1,115,4.78,,1,104,4.78,,1,138,4.78,,1,176,4.78,,1,213,4.78,,1,380,4.78,,1,158,4.78,,1,262,4.78,,1,323,4.78,,1,498,4.78,,1,438,4.78,,1,677,4.78,,1,907,4.78,,1,556,4.78,,1,844,4.78,,1,1143,4.78,,1,1440,4.78,,1,1022,4.78,,1,1394,4.78,,1,1757,4.78,,1,1881,4.78,,1,2160,4.78,,1,2333,4.78,
31,Transfer - Flex,Metal,8,,Estimated Metal Supply Duct Size,3.73 in. Ø round @ 0.1 in. w.g.,"(3.4 in. x 3.4 in. square, equal friction)",0.1076388888888889,(≈15.5 in²),0.11388633385378749,(≈16.4 in²),[in]  x  width: 2 [in],4.6 in,1,"Min. Flex Duct
Diameter [in]",0,49,4.57,,1,63,4.57,,1,84,4.57,,1,115,4.57,,1,104,4.57,,1,138,4.57,,1,176,4.57,,1,213,4.57,,1,380,4.57,,1,158,4.57,,1,262,4.57,,1,323,4.57,,1,498,4.57,,1,438,4.57,,1,677,4.57,,1,907,4.57,,1,556,4.57,,1,844,4.57,,1,1143,4.57,,1,1440,4.57,,1,1022,4.57,,1,1394,4.57,,1,1757,4.57,,1,1881,4.57,,1,2160,4.57,,1,2333,4.57,
31,Transfer - Hard ,Flex,8,,Estimated Flex Supply Duct Size,4.22 in. Ø round @ 0.1 in. w.g.,"(3.9 in. x 3.9 in. square, equal friction)",0.1076388888888889,(≈15.5 in²),0.14575788179802202,(≈21 in²),[in]  x  width: 2.6 [in],5.2 in,0,"Duct = Grille Neck Size
LxW [in x in]",0,49,6,x6,1,63,8,x6,1,84,10,x6,1,115,10,x8,1,104,12,x6,1,138,12,x8,1,176,12,x10,1,213,12,x12,1,380,16,x16,1,158,18,x6,1,262,18,x10,1,323,18,x12,1,498,18,x18,1,438,24,x12,1,677,24,x18,1,907,24,x24,1,556,30,x12,1,844,30,x18,1,1143,30,x24,1,1440,30,x30,1,1022,36,x18,1,1394,36,x24,1,1757,36,x30,1,1881,48,x24,1,2160,48,x26,1,2333,48,x30
31,Transfer - Hard ,Duct board,8,,Estimated Duct Board Supply Duct Size,3.9 in. Ø round @ 0.1 in. w.g.,"(3.6 in. x 3.6 in. square, equal friction)",0.1076388888888889,(≈15.5 in²),0.12463757120217961,(≈17.9 in²),[in]  x  width: 2.2 [in],4.8 in,0,"Duct = Grille Neck Size
LxW [in x in]",0,49,6,x6,1,63,8,x6,1,84,10,x6,1,115,10,x8,1,104,12,x6,1,138,12,x8,1,176,12,x10,1,213,12,x12,1,380,16,x16,1,158,18,x6,1,262,18,x10,1,323,18,x12,1,498,18,x18,1,438,24,x12,1,677,24,x18,1,907,24,x24,1,556,30,x12,1,844,30,x18,1,1143,30,x24,1,1440,30,x30,1,1022,36,x18,1,1394,36,x24,1,1757,36,x30,1,1881,48,x24,1,2160,48,x26,1,2333,48,x30
31,Transfer - Hard ,Metal,8,,Estimated Metal Supply Duct Size,3.73 in. Ø round @ 0.1 in. w.g.,"(3.4 in. x 3.4 in. square, equal friction)",0.1076388888888889,(≈15.5 in²),0.11388633385378749,(≈16.4 in²),[in]  x  width: 2 [in],4.6 in,0,"Duct = Grille Neck Size
LxW [in x in]",0,49,6,x6,1,63,8,x6,1,84,10,x6,1,115,10,x8,1,104,12,x6,1,138,12,x8,1,176,12,x10,1,213,12,x12,1,380,16,x16,1,158,18,x6,1,262,18,x10,1,323,18,x12,1,498,18,x18,1,438,24,x12,1,677,24,x18,1,907,24,x24,1,556,30,x12,1,844,30,x18,1,1143,30,x24,1,1440,30,x30,1,1022,36,x18,1,1394,36,x24,1,1757,36,x30,1,1881,48,x24,1,2160,48,x26,1,2333,48,x30
38.5,Pass Through,Flex,8,,Estimated Flex Supply Duct Size,4.57 in. Ø round @ 0.1 in. w.g.,"(4.2 in. x 4.2 in. square, equal friction)",0.13368055555555555,(≈19.3 in²),0.17088730259901505,(≈24.6 in²),[in]  x  width: 3.1 [in],5.6 in,0,"Duct = Grille Neck Size
LxW [in x in]",1,49,6,x6,0,63,8,x6,1,84,10,x6,1,115,10,x8,1,104,12,x6,1,138,12,x8,1,176,12,x10,1,213,12,x12,1,380,16,x16,1,158,18,x6,1,262,18,x10,1,323,18,x12,1,498,18,x18,1,438,24,x12,1,677,24,x18,1,907,24,x24,1,556,30,x12,1,844,30,x18,1,1143,30,x24,1,1440,30,x30,1,1022,36,x18,1,1394,36,x24,1,1757,36,x30,1,1881,48,x24,1,2160,48,x26,1,2333,48,x30
38.5,Pass Through,Duct board,8,,Estimated Duct Board Supply Duct Size,4.23 in. Ø round @ 0.1 in. w.g.,"(3.9 in. x 3.9 in. square, equal friction)",0.13368055555555555,(≈19.3 in²),0.14628867570076326,(≈21.1 in²),[in]  x  width: 2.6 [in],5.2 in,0,"Duct = Grille Neck Size
LxW [in x in]",0,49,6,x6,0,63,8,x6,1,84,10,x6,1,115,10,x8,1,104,12,x6,1,138,12,x8,1,176,12,x10,1,213,12,x12,1,380,16,x16,1,158,18,x6,1,262,18,x10,1,323,18,x12,1,498,18,x18,1,438,24,x12,1,677,24,x18,1,907,24,x24,1,556,30,x12,1,844,30,x18,1,1143,30,x24,1,1440,30,x30,1,1022,36,x18,1,1394,36,x24,1,1757,36,x30,1,1881,48,x24,1,2160,48,x26,1,2333,48,x30
38.5,Pass Through,Metal,8,,Estimated Metal Supply Duct Size,4.04 in. Ø round @ 0.1 in. w.g.,"(3.7 in. x 3.7 in. square, equal friction)",0.13368055555555555,(≈19.3 in²),0.13358925390767548,(≈19.2 in²),[in]  x  width: 2.4 [in],4.9 in,0,"Duct = Grille Neck Size
LxW [in x in]",0,49,6,x6,0,63,8,x6,1,84,10,x6,1,115,10,x8,1,104,12,x6,1,138,12,x8,1,176,12,x10,1,213,12,x12,1,380,16,x16,1,158,18,x6,1,262,18,x10,1,323,18,x12,1,498,18,x18,1,438,24,x12,1,677,24,x18,1,907,24,x24,1,556,30,x12,1,844,30,x18,1,1143,30,x24,1,1440,30,x30,1,1022,36,x18,1,1394,36,x24,1,1757,36,x30,1,1881,48,x24,1,2160,48,x26,1,2333,48,x30
38.5,Transfer - Flex,Flex,8,,Estimated Flex Supply Duct Size,4.57 in. Ø round @ 0.1 in. w.g.,"(4.2 in. x 4.2 in. square, equal friction)",0.13368055555555555,(≈19.3 in²),0.17088730259901505,(≈24.6 in²),[in]  x  width: 3.1 [in],5.6 in,1,"Min. Flex Duct
Diameter [in]",1,49,5.6,,0,63,5.6,,1,84,5.6,,1,115,5.6,,1,104,5.6,,1,138,5.6,,1,176,5.6,,1,213,5.6,,1,380,5.6,,1,158,5.6,,1,262,5.6,,1,323,5.6,,1,498,5.6,,1,438,5.6,,1,677,5.6,,1,907,5.6,,1,556,5.6,,1,844,5.6,,1,1143,5.6,,1,1440,5.6,,1,1022,5.6,,1,1394,5.6,,1,1757,5.6,,1,1881,5.6,,1,2160,5.6,,1,2333,5.6,
38.5,Transfer - Flex,Duct board,8,,Estimated Duct Board Supply Duct Size,4.23 in. Ø round @ 0.1 in. w.g.,"(3.9 in. x 3.9 in. square, equal friction)",0.13368055555555555,(≈19.3 in²),0.14628867570076326,(≈21.1 in²),[in]  x  width: 2.6 [in],5.2 in,1,"Min. Flex Duct
Diameter [in]",0,49,5.18,,0,63,5.18,,1,84,5.18,,1,115,5.18,,1,104,5.18,,1,138,5.18,,1,176,5.18,,1,213,5.18,,1,380,5.18,,1,158,5.18,,1,262,5.18,,1,323,5.18,,1,498,5.18,,1,438,5.18,,1,677,5.18,,1,907,5.18,,1,556,5.18,,1,844,5.18,,1,1143,5.18,,1,1440,5.18,,1,1022,5.18,,1,1394,5.18,,1,1757,5.18,,1,1881,5.18,,1,2160,5.18,,1,2333,5.18,
38.5,Transfer - Flex,Metal,8,,Estimated Metal Supply Duct Size,4.04 in. Ø round @ 0.1 in. w.g.,"(3.7 in. x 3.7 in. square, equal friction)",0.13368055555555555,(≈19.3 in²),0.13358925390767548,(≈19.2 in²),[in]  x  width: 2.4 [in],4.9 in,1,"Min. Flex Duct
Diameter [in]",0,49,4.95,,0,63,4.95,,1,84,4.95,,1,115,4.95,,1,104,4.95,,1,138,4.95,,1,176,4.95,,1,213,4.95,,1,380,4.95,,1,158,4.95,,1,262,4.95,,1,323,4.95,,1,498,4.95,,1,438,4.95,,1,677,4.95,,1,907,4.95,,1,556,4.95,,1,844,4.95,,1,1143,4.95,,1,1440,4.95,,1,1022,4.95,,1,1394,4.95,,1,1757,4.95,,1,1881,4.95,,1,2160,4.95,,1,2333,4.95,
38.5,Transfer - Hard ,Flex,8,,Estimated Flex Supply Duct Size,4.57 in. Ø round @ 0.1 in. w.g.,"(4.2 in. x 4.2 in. square, equal friction)",0.13368055555555555,(≈19.3 in²),0.17088730259901505,(≈24.6 in²),[in]  x  width: 3.1 [in],5.6 in,0,"Duct = Grille Neck Size
LxW [in x in]",1,49,6,x6,0,63,8,x6,1,84,10,x6,1,115,10,x8,1,104,12,x6,1,138,12,x8,1,176,12,x10,1,213,12,x12,1,380,16,x16,1,158,18,x6,1,262,18,x10,1,323,18,x12,1,498,18,x18,1,438,24,x12,1,677,24,x18,1,907,24,x24,1,556,30,x12,1,844,30,x18,1,1143,30,x24,1,1440,30,x30,1,1022,36,x18,1,1394,36,x24,1,1757,36,x30,1,1881,48,x24,1,2160,48,x26,1,2333,48,x30
38.5,Transfer - Hard ,Duct board,8,,Estimated Duct Board Supply Duct Size,4.23 in. Ø round @ 0.1 in. w.g.,"(3.9 in. x 3.9 in. square, equal friction)",0.13368055555555555,(≈19.3 in²),0.14628867570076326,(≈21.1 in²),[in]  x  width: 2.6 [in],5.2 in,0,"Duct = Grille Neck Size
LxW [in x in]",0,49,6,x6,0,63,8,x6,1,84,10,x6,1,115,10,x8,1,104,12,x6,1,138,12,x8,1,176,12,x10,1,213,12,x12,1,380,16,x16,1,158,18,x6,1,262,18,x10,1,323,18,x12,1,498,18,x18,1,438,24,x12,1,677,24,x18,1,907,24,x24,1,556,30,x12,1,844,30,x18,1,1143,30,x24,1,1440,30,x30,1,1022,36,x18,1,1394,36,x24,1,1757,36,x30,1,1881,48,x24,1,2160,48,x26,1,2333,48,x30
38.5,Transfer - Hard ,Metal,8,,Estimated Metal Supply Duct Size,4.04 in. Ø round @ 0.1 in. w.g.,"(3.7 in. x 3.7 in. square, equal friction)",0.13368055555555555,(≈19.3 in²),0.13358925390767548,(≈19.2 in²),[in]  x  width: 2.4 [in],4.9 in,0,"Duct = Grille Neck Size
LxW [in x in]",0,49,6,x6,0,63,8,x6,1,84,10,x6,1,115,10,x8,1,104,12,x6,1,138,12,x8,1,176,12,x10,1,213,12,x12,1,380,16,x16,1,158,18,x6,1,262,18,x10,1,323,18,x12,1,498,18,x18,1,438,24,x12,1,677,24,x18,1,907,24,x24,1,556,30,x12,1,844,30,x18,1,1143,30,x24,1,1440,30,x30,1,1022,36,x18,1,1394,36,x24,1,1757,36,x30,1,1881,48,x24,1,2160,48,x26,1,2333,48,x30
40,Pass Through,Flex,8,,Estimated Flex Supply Duct Size,4.63 in. Ø round @ 0.1 in. w.g.,"(4.2 in. x 4.2 in. square, equal friction)",0.1388888888888889,(≈20 in²),0.17575515785321527,(≈25.3 in²),[in]  x  width: 3.2 [in],5.7 in,0,"Duct = Grille Neck Size
LxW [in x in]",1,49,6,x6,0,63,8,x6,1,84,10,x6,1,115,10,x8,1,104,12,x6,1,138,12,x8,1,176,12,x10,1,213,12,x12,1,380,16,x16,1,158,18,x6,1,262,18,x10,1,323,18,x12,1,498,18,x18,1,438,24,x12,1,677,24,x18,1,907,24,x24,1,556,30,x12,1,844,30,x18,1,1143,30,x24,1,1440,30,x30,1,1022,36,x18,1,1394,36,x24,1,1757,36,x30,1,1881,48,x24,1,2160,48,x26,1,2333,48,x30
40,Pass Through,Duct board,8,,Estimated Duct Board Supply Duct Size,4.29 in. Ø round @ 0.1 in. w.g.,"(3.9 in. x 3.9 in. square, equal friction)",0.1388888888888889,(≈20 in²),0.15048513820867221,(≈21.7 in²),[in]  x  width: 2.7 [in],5.3 in,0,"Duct = Grille Neck Size
LxW [in x in]",0,49,6,x6,0,63,8,x6,1,84,10,x6,1,115,10,x8,1,104,12,x6,1,138,12,x8,1,176,12,x10,1,213,12,x12,1,380,16,x16,1,158,18,x6,1,262,18,x10,1,323,18,x12,1,498,18,x18,1,438,24,x12,1,677,24,x18,1,907,24,x24,1,556,30,x12,1,844,30,x18,1,1143,30,x24,1,1440,30,x30,1,1022,36,x18,1,1394,36,x24,1,1757,36,x30,1,1881,48,x24,1,2160,48,x26,1,2333,48,x30
40,Pass Through,Metal,8,,Estimated Metal Supply Duct Size,4.1 in. Ø round @ 0.1 in. w.g.,"(3.7 in. x 3.7 in. square, equal friction)",0.1388888888888889,(≈20 in²),0.13740678088182576,(≈19.8 in²),[in]  x  width: 2.5 [in],5 in,0,"Duct = Grille Neck Size
LxW [in x in]",0,49,6,x6,0,63,8,x6,1,84,10,x6,1,115,10,x8,1,104,12,x6,1,138,12,x8,1,176,12,x10,1,213,12,x12,1,380,16,x16,1,158,18,x6,1,262,18,x10,1,323,18,x12,1,498,18,x18,1,438,24,x12,1,677,24,x18,1,907,24,x24,1,556,30,x12,1,844,30,x18,1,1143,30,x24,1,1440,30,x30,1,1022,36,x18,1,1394,36,x24,1,1757,36,x30,1,1881,48,x24,1,2160,48,x26,1,2333,48,x30
40,Transfer - Flex,Flex,8,,Estimated Flex Supply Duct Size,4.63 in. Ø round @ 0.1 in. w.g.,"(4.2 in. x 4.2 in. square, equal friction)",0.1388888888888889,(≈20 in²),0.17575515785321527,(≈25.3 in²),[in]  x  width: 3.2 [in],5.7 in,1,"Min. Flex Duct
Diameter [in]",1,49,5.68,,0,63,5.68,,1,84,5.68,,1,115,5.68,,1,104,5.68,,1,138,5.68,,1,176,5.68,,1,213,5.68,,1,380,5.68,,1,158,5.68,,1,262,5.68,,1,323,5.68,,1,498,5.68,,1,438,5.68,,1,677,5.68,,1,907,5.68,,1,556,5.68,,1,844,5.68,,1,1143,5.68,,1,1440,5.68,,1,1022,5.68,,1,1394,5.68,,1,1757,5.68,,1,1881,5.68,,1,2160,5.68,,1,2333,5.68,
40,Transfer - Flex,Duct board,8,,Estimated Duct Board Supply Duct Size,4.29 in. Ø round @ 0.1 in. w.g.,"(3.9 in. x 3.9 in. square, equal friction)",0.1388888888888889,(≈20 in²),0.15048513820867221,(≈21.7 in²),[in]  x  width: 2.7 [in],5.3 in,1,"Min. Flex Duct
Diameter [in]",0,49,5.25,,0,63,5.25,,1,84,5.25,,1,115,5.25,,1,104,5.25,,1,138,5.25,,1,176,5.25,,1,213,5.25,,1,380,5.25,,1,158,5.25,,1,262,5.25,,1,323,5.25,,1,498,5.25,,1,438,5.25,,1,677,5.25,,1,907,5.25,,1,556,5.25,,1,844,5.25,,1,1143,5.25,,1,1440,5.25,,1,1022,5.25,,1,1394,5.25,,1,1757,5.25,,1,1881,5.25,,1,2160,5.25,,1,2333,5.25,
40,Transfer - Flex,Metal,8,,Estimated Metal Supply Duct Size,4.1 in. Ø round @ 0.1 in. w.g.,"(3.7 in. x 3.7 in. square, equal friction)",0.1388888888888889,(≈20 in²),0.13740678088182576,(≈19.8 in²),[in]  x  width: 2.5 [in],5 in,1,"Min. Flex Duct
Diameter [in]",0,49,5.02,,0,63,5.02,,1,84,5.02,,1,115,5.02,,1,104,5.02,,1,138,5.02,,1,176,5.02,,1,213,5.02,,1,380,5.02,,1,158,5.02,,1,262,5.02,,1,323,5.02,,1,498,5.02,,1,438,5.02,,1,677,5.02,,1,907,5.02,,1,556,5.02,,1,844,5.02,,1,1143,5.02,,1,1440,5.02,,1,1022,5.02,,1,1394,5.02,,1,1757,5.02,,1,1881,5.02,,1,2160,5.02,,1,2333,5.02,
40,Transfer - Hard ,Flex,8,,Estimated Flex Supply Duct Size,4.63 in. Ø round @ 0.1 in. w.g.,"(4.2 in. x 4.2 in. square, equal friction)",0.1388888888888889,(≈20 in²),0.17575515785321527,(≈25.3 in²),[in]  x  width: 3.2 [in],5.7 in,0,"Duct = Grille Neck Size
LxW [in x in]",1,49,6,x6,0,63,8,x6,1,84,10,x6,1,115,10,x8,1,104,12,x6,1,138,12,x8,1,176,12,x10,1,213,12,x12,1,380,16,x16,1,158,18,x6,1,262,18,x10,1,323,18,x12,1,498,18,x18,1,438,24,x12,1,677,24,x18,1,907,24,x24,1,556,30,x12,1,844,30,x18,1,1143,30,x24,1,1440,30,x30,1,1022,36,x18,1,1394,36,x24,1,1757,36,x30,1,1881,48,x24,1,2160,48,x26,1,2333,48,x30
40,Transfer - Hard ,Duct board,8,,Estimated Duct Board Supply Duct Size,4.29 in. Ø round @ 0.1 in. w.g.,"(3.9 in. x 3.9 in. square, equal friction)",0.1388888888888889,(≈20 in²),0.15048513820867221,(≈21.7 in²),[in]  x  width: 2.7 [in],5.3 in,0,"Duct = Grille Neck Size
LxW [in x in]",0,49,6,x6,0,63,8,x6,1,84,10,x6,1,115,10,x8,1,104,12,x6,1,138,12,x8,1,176,12,x10,1,213,12,x12,1,380,16,x16,1,158,18,x6,1,262,18,x10,1,323,18,x12,1,498,18,x18,1,438,24,x12,1,677,24,x18,1,907,24,x24,1,556,30,x12,1,844,30,x18,1,1143,30,x24,1,1440,30,x30,1,1022,36,x18,1,1394,36,x24,1,1757,36,x30,1,1881,48,x24,1,2160,48,x26,1,2333,48,x30
40,Transfer - Hard ,Metal,8,,Estimated Metal Supply Duct Size,4.1 in. Ø round @ 0.1 in. w.g.,"(3.7 in. x 3.7 in. square, equal friction)",0.1388888888888889,(≈20 in²),0.13740678088182576,(≈19.8 in²),[in]  x  width: 2.5 [in],5 in,0,"Duct = Grille Neck Size
LxW [in x in]",0,49,6,x6,0,63,8,x6,1,84,10,x6,1,115,10,x8,1,104,12,x6,1,138,12,x8,1,176,12,x10,1,213,12,x12,1,380,16,x16,1,158,18,x6,1,262,18,x10,1,323,18,x12,1,498,18,x18,1,438,24,x12,1,677,24,x18,1,907,24,x24,1,556,30,x12,1,844,30,x18,1,1143,30,x24,1,1440,30,x30,1,1022,36,x18,1,1394,36,x24,1,1757,36,x30,1,1881,48,x24,1,2160,48,x26,1,2333,48,x30
50,Pass Through,Flex,8,,Estimated Flex Supply Duct Size,5.03 in. Ø round @ 0.1 in. w.g.,"(4.6 in. x 4.6 in. square, equal friction)",0.1736111111111111,(≈25 in²),0.20710891499877376,(≈29.8 in²),[in]  x  width: 3.7 [in],6.2 in,0,"Duct = Grille Neck Size
LxW [in x in]",1,49,6,x6,0,63,8,x6,0,84,10,x6,1,115,10,x8,1,104,12,x6,1,138,12,x8,1,176,12,x10,1,213,12,x12,1,380,16,x16,1,158,18,x6,1,262,18,x10,1,323,18,x12,1,498,18,x18,1,438,24,x12,1,677,24,x18,1,907,24,x24,1,556,30,x12,1,844,30,x18,1,1143,30,x24,1,1440,30,x30,1,1022,36,x18,1,1394,36,x24,1,1757,36,x30,1,1881,48,x24,1,2160,48,x26,1,2333,48,x30
50,Pass Through,Duct board,8,,Estimated Duct Board Supply Duct Size,4.66 in. Ø round @ 0.1 in. w.g.,"(4.3 in. x 4.3 in. square, equal friction)",0.1736111111111111,(≈25 in²),0.177530961630525,(≈25.6 in²),[in]  x  width: 3.2 [in],5.7 in,0,"Duct = Grille Neck Size
LxW [in x in]",1,49,6,x6,0,63,8,x6,0,84,10,x6,1,115,10,x8,1,104,12,x6,1,138,12,x8,1,176,12,x10,1,213,12,x12,1,380,16,x16,1,158,18,x6,1,262,18,x10,1,323,18,x12,1,498,18,x18,1,438,24,x12,1,677,24,x18,1,907,24,x24,1,556,30,x12,1,844,30,x18,1,1143,30,x24,1,1440,30,x30,1,1022,36,x18,1,1394,36,x24,1,1757,36,x30,1,1881,48,x24,1,2160,48,x26,1,2333,48,x30
50,Pass Through,Metal,8,,Estimated Metal Supply Duct Size,4.45 in. Ø round @ 0.1 in. w.g.,"(4.1 in. x 4.1 in. square, equal friction)",0.1736111111111111,(≈25 in²),0.16200124502544855,(≈23.3 in²),[in]  x  width: 2.9 [in],5.4 in,0,"Duct = Grille Neck Size
LxW [in x in]",1,49,6,x6,0,63,8,x6,0,84,10,x6,1,115,10,x8,1,104,12,x6,1,138,12,x8,1,176,12,x10,1,213,12,x12,1,380,16,x16,1,158,18,x6,1,262,18,x10,1,323,18,x12,1,498,18,x18,1,438,24,x12,1,677,24,x18,1,907,24,x24,1,556,30,x12,1,844,30,x18,1,1143,30,x24,1,1440,30,x30,1,1022,36,x18,1,1394,36,x24,1,1757,36,x30,1,1881,48,x24,1,2160,48,x26,1,2333,48,x30
50,Transfer - Flex,Flex,8,,Estimated Flex Supply Duct Size,5.03 in. Ø round @ 0.1 in. w.g.,"(4.6 in. x 4.6 in. square, equal friction)",0.1736111111111111,(≈25 in²),0.20710891499877376,(≈29.8 in²),[in]  x  width: 3.7 [in],6.2 in,1,"Min. Flex Duct
Diameter [in]",1,49,6.16,,0,63,6.16,,0,84,6.16,,1,115,6.16,,1,104,6.16,,1,138,6.16,,1,176,6.16,,1,213,6.16,,1,380,6.16,,1,158,6.16,,1,262,6.16,,1,323,6.16,,1,498,6.16,,1,438,6.16,,1,677,6.16,,1,907,6.16,,1,556,6.16,,1,844,6.16,,1,1143,6.16,,1,1440,6.16,,1,1022,6.16,,1,1394,6.16,,1,1757,6.16,,1,1881,6.16,,1,2160,6.16,,1,2333,6.16,
50,Transfer - Flex,Duct board,8,,Estimated Duct Board Supply Duct Size,4.66 in. Ø round @ 0.1 in. w.g.,"(4.3 in. x 4.3 in. square, equal friction)",0.1736111111111111,(≈25 in²),0.177530961630525,(≈25.6 in²),[in]  x  width: 3.2 [in],5.7 in,1,"Min. Flex Duct
Diameter [in]",1,49,5.71,,0,63,5.71,,0,84,5.71,,1,115,5.71,,1,104,5.71,,1,138,5.71,,1,176,5.71,,1,213,5.71,,1,380,5.71,,1,158,5.71,,1,262,5.71,,1,323,5.71,,1,498,5.71,,1,438,5.71,,1,677,5.71,,1,907,5.71,,1,556,5.71,,1,844,5.71,,1,1143,5.71,,1,1440,5.71,,1,1022,5.71,,1,1394,5.71,,1,1757,5.71,,1,1881,5.71,,1,2160,5.71,,1,2333,5.71,
50,Transfer - Flex,Metal,8,,Estimated Metal Supply Duct Size,4.45 in. Ø round @ 0.1 in. w.g.,"(4.1 in. x 4.1 in. square, equal friction)",0.1736111111111111,(≈25 in²),0.16200124502544855,(≈23.3 in²),[in]  x  width: 2.9 [in],5.4 in,1,"Min. Flex Duct
Diameter [in]",1,49,5.45,,0,63,5.45,,0,84,5.45,,1,115,5.45,,1,104,5.45,,1,138,5.45,,1,176,5.45,,1,213,5.45,,1,380,5.45,,1,158,5.45,,1,262,5.45,,1,323,5.45,,1,498,5.45,,1,438,5.45,,1,677,5.45,,1,907,5.45,,1,556,5.45,,1,844,5.45,,1,1143,5.45,,1,1440,5.45,,1,1022,5.45,,1,1394,5.45,,1,1757,5.45,,1,1881,5.45,,1,2160,5.45,,1,2333,5.45,
50,Transfer - Hard ,Flex,8,,Estimated Flex Supply Duct Size,5.03 in. Ø round @ 0.1 in. w.g.,"(4.6 in. x 4.6 in. square, equal friction)",0.1736111111111111,(≈25 in²),0.20710891499877376,(≈29.8 in²),[in]  x  width: 3.7 [in],6.2 in,0,"Duct = Grille Neck Size
LxW [in x in]",1,49,6,x6,0,63,8,x6,0,84,10,x6,1,115,10,x8,1,104,12,x6,1,138,12,x8,1,176,12,x10,1,213,12,x12,1,380,16,x16,1,158,18,x6,1,262,18,x10,1,323,18,x12,1,498,18,x18,1,438,24,x12,1,677,24,x18,1,907,24,x24,1,556,30,x12,1,844,30,x18,1,1143,30,x24,1,1440,30,x30,1,1022,36,x18,1,1394,36,x24,1,1757,36,x30,1,1881,48,x24,1,2160,48,x26,1,2333,48,x30
50,Transfer - Hard ,Duct board,8,,Estimated Duct Board Supply Duct Size,4.66 in. Ø round @ 0.1 in. w.g.,"(4.3 in. x 4.3 in. square, equal friction)",0.1736111111111111,(≈25 in²),0.177530961630525,(≈25.6 in²),[in]  x  width: 3.2 [in],5.7 in,0,"Duct = Grille Neck Size
LxW [in x in]",1,49,6,x6,0,63,8,x6,0,84,10,x6,1,115,10,x8,1,104,12,x6,1,138,12,x8,1,176,12,x10,1,213,12,x12,1,380,16,x16,1,158,18,x6,1,262,18,x10,1,323,18,x12,1,498,18,x18,1,438,24,x12,1,677,24,x18,1,907,24,x24,1,556,30,x12,1,844,30,x18,1,1143,30,x24,1,1440,30,x30,1,1022,36,x18,1,1394,36,x24,1,1757,36,x30,1,1881,48,x24,1,2160,48,x26,1,2333,48,x30
50,Transfer - Hard ,Metal,8,,Estimated Metal Supply Duct Size,4.45 in. Ø round @ 0.1 in. w.g.,"(4.1 in. x 4.1 in. square, equal friction)",0.1736111111111111,(≈25 in²),0.16200124502544855,(≈23.3 in²),[in]  x  width: 2.9 [in],5.4 in,0,"Duct = Grille Neck Size
LxW [in x in]",1,49,6,x6,0,63,8,x6,0,84,10,x6,1,115,10,x8,1,104,12,x6,1,138,12,x8,1,176,12,x10,1,213,12,x12,1,380,16,x16,1,158,18,x6,1,262,18,x10,1,323,18,x12,1,498,18,x18,1,438,24,x12,1,677,24,x18,1,907,24,x24,1,556,30,x12,1,844,30,x18,1,1143,30,x24,1,1440,30,x30,1,1022,36,x18,1,1394,36,x24,1,1757,36,x30,1,1881,48,x24,1,2160,48,x26,1,2333,48,x30
54.5,Pass Through,Flex,8,,Estimated Flex Supply Duct Size,5.19 in. Ø round @ 0.1 in. w.g.,"(4.8 in. x 4.8 in. square, equal friction)",0.1892361111111111,(≈27.3 in²),0.22068077730228619,(≈31.8 in²),[in]  x  width: 4 [in],6.4 in,0,"Duct = Grille Neck Size
LxW [in x in]",1,49,6,x6,1,63,8,x6,0,84,10,x6,1,115,10,x8,0,104,12,x6,1,138,12,x8,1,176,12,x10,1,213,12,x12,1,380,16,x16,1,158,18,x6,1,262,18,x10,1,323,18,x12,1,498,18,x18,1,438,24,x12,1,677,24,x18,1,907,24,x24,1,556,30,x12,1,844,30,x18,1,1143,30,x24,1,1440,30,x30,1,1022,36,x18,1,1394,36,x24,1,1757,36,x30,1,1881,48,x24,1,2160,48,x26,1,2333,48,x30
54.5,Pass Through,Duct board,8,,Estimated Duct Board Supply Duct Size,4.81 in. Ø round @ 0.1 in. w.g.,"(4.4 in. x 4.4 in. square, equal friction)",0.1892361111111111,(≈27.3 in²),0.18924617930239776,(≈27.3 in²),[in]  x  width: 3.4 [in],5.9 in,0,"Duct = Grille Neck Size
LxW [in x in]",1,49,6,x6,0,63,8,x6,0,84,10,x6,1,115,10,x8,0,104,12,x6,1,138,12,x8,1,176,12,x10,1,213,12,x12,1,380,16,x16,1,158,18,x6,1,262,18,x10,1,323,18,x12,1,498,18,x18,1,438,24,x12,1,677,24,x18,1,907,24,x24,1,556,30,x12,1,844,30,x18,1,1143,30,x24,1,1440,30,x30,1,1022,36,x18,1,1394,36,x24,1,1757,36,x30,1,1881,48,x24,1,2160,48,x26,1,2333,48,x30
54.5,Pass Through,Metal,8,,Estimated Metal Supply Duct Size,4.59 in. Ø round @ 0.1 in. w.g.,"(4.2 in. x 4.2 in. square, equal friction)",0.1892361111111111,(≈27.3 in²),0.17265014719024327,(≈24.9 in²),[in]  x  width: 3.1 [in],5.6 in,0,"Duct = Grille Neck Size
LxW [in x in]",1,49,6,x6,0,63,8,x6,0,84,10,x6,1,115,10,x8,0,104,12,x6,1,138,12,x8,1,176,12,x10,1,213,12,x12,1,380,16,x16,1,158,18,x6,1,262,18,x10,1,323,18,x12,1,498,18,x18,1,438,24,x12,1,677,24,x18,1,907,24,x24,1,556,30,x12,1,844,30,x18,1,1143,30,x24,1,1440,30,x30,1,1022,36,x18,1,1394,36,x24,1,1757,36,x30,1,1881,48,x24,1,2160,48,x26,1,2333,48,x30
54.5,Transfer - Flex,Flex,8,,Estimated Flex Supply Duct Size,5.19 in. Ø round @ 0.1 in. w.g.,"(4.8 in. x 4.8 in. square, equal friction)",0.1892361111111111,(≈27.3 in²),0.22068077730228619,(≈31.8 in²),[in]  x  width: 4 [in],6.4 in,1,"Min. Flex Duct
Diameter [in]",1,49,6.36,,1,63,6.36,,0,84,6.36,,1,115,6.36,,0,104,6.36,,1,138,6.36,,1,176,6.36,,1,213,6.36,,1,380,6.36,,1,158,6.36,,1,262,6.36,,1,323,6.36,,1,498,6.36,,1,438,6.36,,1,677,6.36,,1,907,6.36,,1,556,6.36,,1,844,6.36,,1,1143,6.36,,1,1440,6.36,,1,1022,6.36,,1,1394,6.36,,1,1757,6.36,,1,1881,6.36,,1,2160,6.36,,1,2333,6.36,
54.5,Transfer - Flex,Duct board,8,,Estimated Duct Board Supply Duct Size,4.81 in. Ø round @ 0.1 in. w.g.,"(4.4 in. x 4.4 in. square, equal friction)",0.1892361111111111,(≈27.3 in²),0.18924617930239776,(≈27.3 in²),[in]  x  width: 3.4 [in],5.9 in,1,"Min. Flex Duct
Diameter [in]",1,49,5.89,,0,63,5.89,,0,84,5.89,,1,115,5.89,,0,104,5.89,,1,138,5.89,,1,176,5.89,,1,213,5.89,,1,380,5.89,,1,158,5.89,,1,262,5.89,,1,323,5.89,,1,498,5.89,,1,438,5.89,,1,677,5.89,,1,907,5.89,,1,556,5.89,,1,844,5.89,,1,1143,5.89,,1,1440,5.89,,1,1022,5.89,,1,1394,5.89,,1,1757,5.89,,1,1881,5.89,,1,2160,5.89,,1,2333,5.89,
54.5,Transfer - Flex,Metal,8,,Estimated Metal Supply Duct Size,4.59 in. Ø round @ 0.1 in. w.g.,"(4.2 in. x 4.2 in. square, equal friction)",0.1892361111111111,(≈27.3 in²),0.17265014719024327,(≈24.9 in²),[in]  x  width: 3.1 [in],5.6 in,1,"Min. Flex Duct
Diameter [in]",1,49,5.63,,0,63,5.63,,0,84,5.63,,1,115,5.63,,0,104,5.63,,1,138,5.63,,1,176,5.63,,1,213,5.63,,1,380,5.63,,1,158,5.63,,1,262,5.63,,1,323,5.63,,1,498,5.63,,1,438,5.63,,1,677,5.63,,1,907,5.63,,1,556,5.63,,1,844,5.63,,1,1143,5.63,,1,1440,5.63,,1,1022,5.63,,1,1394,5.63,,1,1757,5.63,,1,1881,5.63,,1,2160,5.63,,1,2333,5.63,
54.5,Transfer - Hard ,Flex,8,,Estimated Flex Supply Duct Size,5.19 in. Ø round @ 0.1 in. w.g.,"(4.8 in. x 4.8 in. square, equal friction)",0.1892361111111111,(≈27.3 in²),0.22068077730228619,(≈31.8 in²),[in]  x  width: 4 [in],6.4 in,0,"Duct = Grille Neck Size
LxW [in x in]",1,49,6,x6,1,63,8,x6,0,84,10,x6,1,115,10,x8,0,104,12,x6,1,138,12,x8,1,176,12,x10,1,213,12,x12,1,380,16,x16,1,158,18,x6,1,262,18,x10,1,323,18,x12,1,498,18,x18,1,438,24,x12,1,677,24,x18,1,907,24,x24,1,556,30,x12,1,844,30,x18,1,1143,30,x24,1,1440,30,x30,1,1022,36,x18,1,1394,36,x24,1,1757,36,x30,1,1881,48,x24,1,2160,48,x26,1,2333,48,x30
54.5,Transfer - Hard ,Duct board,8,,Estimated Duct Board Supply Duct Size,4.81 in. Ø round @ 0.1 in. w.g.,"(4.4 in. x 4.4 in. square, equal friction)",0.1892361111111111,(≈27.3 in²),0.18924617930239776,(≈27.3 in²),[in]  x  width: 3.4 [in],5.9 in,0,"Duct = Grille Neck Size
LxW [in x in]",1,49,6,x6,0,63,8,x6,0,84,10,x6,1,115,10,x8,0,104,12,x6,1,138,12,x8,1,176,12,x10,1,213,12,x12,1,380,16,x16,1,158,18,x6,1,262,18,x10,1,323,18,x12,1,498,18,x18,1,438,24,x12,1,677,24,x18,1,907,24,x24,1,556,30,x12,1,844,30,x18,1,1143,30,x24,1,1440,30,x30,1,1022,36,x18,1,1394,36,x24,1,1757,36,x30,1,1881,48,x24,1,2160,48,x26,1,2333,48,x30
54.5,Transfer - Hard ,Metal,8,,Estimated Metal Supply Duct Size,4.59 in. Ø round @ 0.1 in. w.g.,"(4.2 in. x 4.2 in. square, equal friction)",0.1892361111111111,(≈27.3 in²),0.17265014719024327,(≈24.9 in²),[in]  x  width: 3.1 [in],5.6 in,0,"Duct = Grille Neck Size
LxW [in x in]",1,49,6,x6,0,63,8,x6,0,84,10,x6,1,115,10,x8,0,104,12,x6,1,138,12,x8,1,176,12,x10,1,213,12,x12,1,380,16,x16,1,158,18,x6,1,262,18,x10,1,323,18,x12,1,498,18,x18,1,438,24,x12,1,677,24,x18,1,907,24,x24,1,556,30,x12,1,844,30,x18,1,1143,30,x24,1,1440,30,x30,1,1022,36,x18,1,1394,36,x24,1,1757,36,x30,1,1881,48,x24,1,2160,48,x26,1,2333,48,x30
63.5,Pass Through,Flex,8,,Estimated Flex Supply Duct Size,5.49 in. Ø round @ 0.1 in. w.g.,"(5 in. x 5 in. square, equal friction)",0.2204861111111111,(≈31.8 in²),0.2470004243949995,(≈35.6 in²),[in]  x  width: 4.4 [in],6.7 in,0,"Duct = Grille Neck Size
LxW [in x in]",1,49,6,x6,1,63,8,x6,0,84,10,x6,0,115,10,x8,0,104,12,x6,1,138,12,x8,1,176,12,x10,1,213,12,x12,1,380,16,x16,1,158,18,x6,1,262,18,x10,1,323,18,x12,1,498,18,x18,1,438,24,x12,1,677,24,x18,1,907,24,x24,1,556,30,x12,1,844,30,x18,1,1143,30,x24,1,1440,30,x30,1,1022,36,x18,1,1394,36,x24,1,1757,36,x30,1,1881,48,x24,1,2160,48,x26,1,2333,48,x30
63.5,Pass Through,Duct board,8,,Estimated Duct Board Supply Duct Size,5.09 in. Ø round @ 0.1 in. w.g.,"(4.7 in. x 4.7 in. square, equal friction)",0.2204861111111111,(≈31.8 in²),0.21197767465537609,(≈30.5 in²),[in]  x  width: 3.8 [in],6.2 in,0,"Duct = Grille Neck Size
LxW [in x in]",1,49,6,x6,1,63,8,x6,0,84,10,x6,0,115,10,x8,0,104,12,x6,1,138,12,x8,1,176,12,x10,1,213,12,x12,1,380,16,x16,1,158,18,x6,1,262,18,x10,1,323,18,x12,1,498,18,x18,1,438,24,x12,1,677,24,x18,1,907,24,x24,1,556,30,x12,1,844,30,x18,1,1143,30,x24,1,1440,30,x30,1,1022,36,x18,1,1394,36,x24,1,1757,36,x30,1,1881,48,x24,1,2160,48,x26,1,2333,48,x30
63.5,Pass Through,Metal,8,,Estimated Metal Supply Duct Size,4.86 in. Ø round @ 0.1 in. w.g.,"(4.4 in. x 4.4 in. square, equal friction)",0.2204861111111111,(≈31.8 in²),0.19330579955327171,(≈27.8 in²),[in]  x  width: 3.5 [in],6 in,0,"Duct = Grille Neck Size
LxW [in x in]",1,49,6,x6,1,63,8,x6,0,84,10,x6,0,115,10,x8,0,104,12,x6,1,138,12,x8,1,176,12,x10,1,213,12,x12,1,380,16,x16,1,158,18,x6,1,262,18,x10,1,323,18,x12,1,498,18,x18,1,438,24,x12,1,677,24,x18,1,907,24,x24,1,556,30,x12,1,844,30,x18,1,1143,30,x24,1,1440,30,x30,1,1022,36,x18,1,1394,36,x24,1,1757,36,x30,1,1881,48,x24,1,2160,48,x26,1,2333,48,x30
63.5,Transfer - Flex,Flex,8,,Estimated Flex Supply Duct Size,5.49 in. Ø round @ 0.1 in. w.g.,"(5 in. x 5 in. square, equal friction)",0.2204861111111111,(≈31.8 in²),0.2470004243949995,(≈35.6 in²),[in]  x  width: 4.4 [in],6.7 in,1,"Min. Flex Duct
Diameter [in]",1,49,6.73,,1,63,6.73,,0,84,6.73,,0,115,6.73,,0,104,6.73,,1,138,6.73,,1,176,6.73,,1,213,6.73,,1,380,6.73,,1,158,6.73,,1,262,6.73,,1,323,6.73,,1,498,6.73,,1,438,6.73,,1,677,6.73,,1,907,6.73,,1,556,6.73,,1,844,6.73,,1,1143,6.73,,1,1440,6.73,,1,1022,6.73,,1,1394,6.73,,1,1757,6.73,,1,1881,6.73,,1,2160,6.73,,1,2333,6.73,
63.5,Transfer - Flex,Duct board,8,,Estimated Duct Board Supply Duct Size,5.09 in. Ø round @ 0.1 in. w.g.,"(4.7 in. x 4.7 in. square, equal friction)",0.2204861111111111,(≈31.8 in²),0.21197767465537609,(≈30.5 in²),[in]  x  width: 3.8 [in],6.2 in,1,"Min. Flex Duct
Diameter [in]",1,49,6.23,,1,63,6.23,,0,84,6.23,,0,115,6.23,,0,104,6.23,,1,138,6.23,,1,176,6.23,,1,213,6.23,,1,380,6.23,,1,158,6.23,,1,262,6.23,,1,323,6.23,,1,498,6.23,,1,438,6.23,,1,677,6.23,,1,907,6.23,,1,556,6.23,,1,844,6.23,,1,1143,6.23,,1,1440,6.23,,1,1022,6.23,,1,1394,6.23,,1,1757,6.23,,1,1881,6.23,,1,2160,6.23,,1,2333,6.23,
63.5,Transfer - Flex,Metal,8,,Estimated Metal Supply Duct Size,4.86 in. Ø round @ 0.1 in. w.g.,"(4.4 in. x 4.4 in. square, equal friction)",0.2204861111111111,(≈31.8 in²),0.19330579955327171,(≈27.8 in²),[in]  x  width: 3.5 [in],6 in,1,"Min. Flex Duct
Diameter [in]",1,49,5.95,,1,63,5.95,,0,84,5.95,,0,115,5.95,,0,104,5.95,,1,138,5.95,,1,176,5.95,,1,213,5.95,,1,380,5.95,,1,158,5.95,,1,262,5.95,,1,323,5.95,,1,498,5.95,,1,438,5.95,,1,677,5.95,,1,907,5.95,,1,556,5.95,,1,844,5.95,,1,1143,5.95,,1,1440,5.95,,1,1022,5.95,,1,1394,5.95,,1,1757,5.95,,1,1881,5.95,,1,2160,5.95,,1,2333,5.95,
63.5,Transfer - Hard ,Flex,8,,Estimated Flex Supply Duct Size,5.49 in. Ø round @ 0.1 in. w.g.,"(5 in. x 5 in. square, equal friction)",0.2204861111111111,(≈31.8 in²),0.2470004243949995,(≈35.6 in²),[in]  x  width: 4.4 [in],6.7 in,0,"Duct = Grille Neck Size
LxW [in x in]",1,49,6,x6,1,63,8,x6,0,84,10,x6,0,115,10,x8,0,104,12,x6,1,138,12,x8,1,176,12,x10,1,213,12,x12,1,380,16,x16,1,158,18,x6,1,262,18,x10,1,323,18,x12,1,498,18,x18,1,438,24,x12,1,677,24,x18,1,907,24,x24,1,556,30,x12,1,844,30,x18,1,1143,30,x24,1,1440,30,x30,1,1022,36,x18,1,1394,36,x24,1,1757,36,x30,1,1881,48,x24,1,2160,48,x26,1,2333,48,x30
63.5,Transfer - Hard ,Duct board,8,,Estimated Duct Board Supply Duct Size,5.09 in. Ø round @ 0.1 in. w.g.,"(4.7 in. x 4.7 in. square, equal friction)",0.2204861111111111,(≈31.8 in²),0.21197767465537609,(≈30.5 in²),[in]  x  width: 3.8 [in],6.2 in,0,"Duct = Grille Neck Size
LxW [in x in]",1,49,6,x6,1,63,8,x6,0,84,10,x6,0,115,10,x8,0,104,12,x6,1,138,12,x8,1,176,12,x10,1,213,12,x12,1,380,16,x16,1,158,18,x6,1,262,18,x10,1,323,18,x12,1,498,18,x18,1,438,24,x12,1,677,24,x18,1,907,24,x24,1,556,30,x12,1,844,30,x18,1,1143,30,x24,1,1440,30,x30,1,1022,36,x18,1,1394,36,x24,1,1757,36,x30,1,1881,48,x24,1,2160,48,x26,1,2333,48,x30
63.5,Transfer - Hard ,Metal,8,,Estimated Metal Supply Duct Size,4.86 in. Ø round @ 0.1 in. w.g.,"(4.4 in. x 4.4 in. square, equal friction)",0.2204861111111111,(≈31.8 in²),0.19330579955327171,(≈27.8 in²),[in]  x  width: 3.5 [in],6 in,0,"Duct = Grille Neck Size
LxW [in x in]",1,49,6,x6,1,63,8,x6,0,84,10,x6,0,115,10,x8,0,104,12,x6,1,138,12,x8,1,176,12,x10,1,213,12,x12,1,380,16,x16,1,158,18,x6,1,262,18,x10,1,323,18,x12,1,498,18,x18,1,438,24,x12,1,677,24,x18,1,907,24,x24,1,556,30,x12,1,844,30,x18,1,1143,30,x24,1,1440,30,x30,1,1022,36,x18,1,1394,36,x24,1,1757,36,x30,1,1881,48,x24,1,2160,48,x26,1,2333,48,x30
84.5,Pass Through,Flex,8,,Estimated Flex Supply Duct Size,6.11 in. Ø round @ 0.1 in. w.g.,"(5.6 in. x 5.6 in. square, equal friction)",0.29340277777777779,(≈42.3 in²),0.30501356480511455,(≈43.9 in²),[in]  x  width: 5.5 [in],7.5 in,0,"Duct = Grille Neck Size
LxW [in x in]",1,49,6,x6,1,63,8,x6,1,84,10,x6,0,115,10,x8,0,104,12,x6,0,138,12,x8,1,176,12,x10,1,213,12,x12,1,380,16,x16,0,158,18,x6,1,262,18,x10,1,323,18,x12,1,498,18,x18,1,438,24,x12,1,677,24,x18,1,907,24,x24,1,556,30,x12,1,844,30,x18,1,1143,30,x24,1,1440,30,x30,1,1022,36,x18,1,1394,36,x24,1,1757,36,x30,1,1881,48,x24,1,2160,48,x26,1,2333,48,x30
84.5,Pass Through,Duct board,8,,Estimated Duct Board Supply Duct Size,5.66 in. Ø round @ 0.1 in. w.g.,"(5.2 in. x 5.2 in. square, equal friction)",0.29340277777777779,(≈42.3 in²),0.26213227138058204,(≈37.7 in²),[in]  x  width: 4.7 [in],6.9 in,0,"Duct = Grille Neck Size
LxW [in x in]",1,49,6,x6,1,63,8,x6,1,84,10,x6,0,115,10,x8,0,104,12,x6,0,138,12,x8,1,176,12,x10,1,213,12,x12,1,380,16,x16,0,158,18,x6,1,262,18,x10,1,323,18,x12,1,498,18,x18,1,438,24,x12,1,677,24,x18,1,907,24,x24,1,556,30,x12,1,844,30,x18,1,1143,30,x24,1,1440,30,x30,1,1022,36,x18,1,1394,36,x24,1,1757,36,x30,1,1881,48,x24,1,2160,48,x26,1,2333,48,x30
84.5,Pass Through,Metal,8,,Estimated Metal Supply Duct Size,5.4 in. Ø round @ 0.1 in. w.g.,"(4.9 in. x 4.9 in. square, equal friction)",0.29340277777777779,(≈42.3 in²),0.2388527174983614,(≈34.4 in²),[in]  x  width: 4.3 [in],6.6 in,0,"Duct = Grille Neck Size
LxW [in x in]",1,49,6,x6,1,63,8,x6,1,84,10,x6,0,115,10,x8,0,104,12,x6,0,138,12,x8,1,176,12,x10,1,213,12,x12,1,380,16,x16,0,158,18,x6,1,262,18,x10,1,323,18,x12,1,498,18,x18,1,438,24,x12,1,677,24,x18,1,907,24,x24,1,556,30,x12,1,844,30,x18,1,1143,30,x24,1,1440,30,x30,1,1022,36,x18,1,1394,36,x24,1,1757,36,x30,1,1881,48,x24,1,2160,48,x26,1,2333,48,x30
84.5,Transfer - Flex,Flex,8,,Estimated Flex Supply Duct Size,6.11 in. Ø round @ 0.1 in. w.g.,"(5.6 in. x 5.6 in. square, equal friction)",0.29340277777777779,(≈42.3 in²),0.30501356480511455,(≈43.9 in²),[in]  x  width: 5.5 [in],7.5 in,1,"Min. Flex Duct
Diameter [in]",1,49,7.48,,1,63,7.48,,1,84,7.48,,0,115,7.48,,0,104,7.48,,0,138,7.48,,1,176,7.48,,1,213,7.48,,1,380,7.48,,0,158,7.48,,1,262,7.48,,1,323,7.48,,1,498,7.48,,1,438,7.48,,1,677,7.48,,1,907,7.48,,1,556,7.48,,1,844,7.48,,1,1143,7.48,,1,1440,7.48,,1,1022,7.48,,1,1394,7.48,,1,1757,7.48,,1,1881,7.48,,1,2160,7.48,,1,2333,7.48,
84.5,Transfer - Flex,Duct board,8,,Estimated Duct Board Supply Duct Size,5.66 in. Ø round @ 0.1 in. w.g.,"(5.2 in. x 5.2 in. square, equal friction)",0.29340277777777779,(≈42.3 in²),0.26213227138058204,(≈37.7 in²),[in]  x  width: 4.7 [in],6.9 in,1,"Min. Flex Duct
Diameter [in]",1,49,6.93,,1,63,6.93,,1,84,6.93,,0,115,6.93,,0,104,6.93,,0,138,6.93,,1,176,6.93,,1,213,6.93,,1,380,6.93,,0,158,6.93,,1,262,6.93,,1,323,6.93,,1,498,6.93,,1,438,6.93,,1,677,6.93,,1,907,6.93,,1,556,6.93,,1,844,6.93,,1,1143,6.93,,1,1440,6.93,,1,1022,6.93,,1,1394,6.93,,1,1757,6.93,,1,1881,6.93,,1,2160,6.93,,1,2333,6.93,
84.5,Transfer - Flex,Metal,8,,Estimated Metal Supply Duct Size,5.4 in. Ø round @ 0.1 in. w.g.,"(4.9 in. x 4.9 in. square, equal friction)",0.29340277777777779,(≈42.3 in²),0.2388527174983614,(≈34.4 in²),[in]  x  width: 4.3 [in],6.6 in,1,"Min. Flex Duct
Diameter [in]",1,49,6.62,,1,63,6.62,,1,84,6.62,,0,115,6.62,,0,104,6.62,,0,138,6.62,,1,176,6.62,,1,213,6.62,,1,380,6.62,,0,158,6.62,,1,262,6.62,,1,323,6.62,,1,498,6.62,,1,438,6.62,,1,677,6.62,,1,907,6.62,,1,556,6.62,,1,844,6.62,,1,1143,6.62,,1,1440,6.62,,1,1022,6.62,,1,1394,6.62,,1,1757,6.62,,1,1881,6.62,,1,2160,6.62,,1,2333,6.62,
84.5,Transfer - Hard ,Flex,8,,Estimated Flex Supply Duct Size,6.11 in. Ø round @ 0.1 in. w.g.,"(5.6 in. x 5.6 in. square, equal friction)",0.29340277777777779,(≈42.3 in²),0.30501356480511455,(≈43.9 in²),[in]  x  width: 5.5 [in],7.5 in,0,"Duct = Grille Neck Size
LxW [in x in]",1,49,6,x6,1,63,8,x6,1,84,10,x6,0,115,10,x8,0,104,12,x6,0,138,12,x8,1,176,12,x10,1,213,12,x12,1,380,16,x16,0,158,18,x6,1,262,18,x10,1,323,18,x12,1,498,18,x18,1,438,24,x12,1,677,24,x18,1,907,24,x24,1,556,30,x12,1,844,30,x18,1,1143,30,x24,1,1440,30,x30,1,1022,36,x18,1,1394,36,x24,1,1757,36,x30,1,1881,48,x24,1,2160,48,x26,1,2333,48,x30
84.5,Transfer - Hard ,Duct board,8,,Estimated Duct Board Supply Duct Size,5.66 in. Ø round @ 0.1 in. w.g.,"(5.2 in. x 5.2 in. square, equal friction)",0.29340277777777779,(≈42.3 in²),0.26213227138058204,(≈37.7 in²),[in]  x  width: 4.7 [in],6.9 in,0,"Duct = Grille Neck Size
LxW [in x in]",1,49,6,x6,1,63,8,x6,1,84,10,x6,0,115,10,x8,0,104,12,x6,0,138,12,x8,1,176,12,x10,1,213,12,x12,1,380,16,x16,0,158,18,x6,1,262,18,x10,1,323,18,x12,1,498,18,x18,1,438,24,x12,1,677,24,x18,1,907,24,x24,1,556,30,x12,1,844,30,x18,1,1143,30,x24,1,1440,30,x30,1,1022,36,x18,1,1394,36,x24,1,1757,36,x30,1,1881,48,x24,1,2160,48,x26,1,2333,48,x30
84.5,Transfer - Hard ,Metal,8,,Estimated Metal Supply Duct Size,5.4 in. Ø round @ 0.1 in. w.g.,"(4.9 in. x 4.9 in. square, equal friction)",0.29340277777777779,(≈42.3 in²),0.2388527174983614,(≈34.4 in²),[in]  x  width: 4.3 [in],6.6 in,0,"Duct = Grille Neck Size
LxW [in x in]",1,49,6,x6,1,63,8,x6,1,84,10,x6,0,115,10,x8,0,104,12,x6,0,138,12,x8,1,176,12,x10,1,213,12,x12,1,380,16,x16,0,158,18,x6,1,262,18,x10,1,323,18,x12,1,498,18,x18,1,438,24,x12,1,677,24,x18,1,907,24,x24,1,556,30,x12,1,844,30,x18,1,1143,30,x24,1,1440,30,x30,1,1022,36,x18,1,1394,36,x24,1,1757,36,x30,1,1881,48,x24,1,2160,48,x26,1,2333,48,x30
123.4,Pass Through,Flex,10,,Estimated Flex Supply Duct Size,7.02 in. Ø round @ 0.1 in. w.g.,"(6.4 in. x 6.4 in. square, equal friction)",0.42847222222222225,(≈61.7 in²),0.40367879241409327,(≈58.1 in²),[in]  x  width: 5.8 [in],8.6 in,0,"Duct = Grille Neck Size
LxW [in x in]",1,49,6,x6,1,63,8,x6,1,84,10,x6,1,115,10,x8,1,104,12,x6,0,138,12,x8,0,176,12,x10,0,213,12,x12,1,380,16,x16,0,158,18,x6,1,262,18,x10,1,323,18,x12,1,498,18,x18,1,438,24,x12,1,677,24,x18,1,907,24,x24,1,556,30,x12,1,844,30,x18,1,1143,30,x24,1,1440,30,x30,1,1022,36,x18,1,1394,36,x24,1,1757,36,x30,1,1881,48,x24,1,2160,48,x26,1,2333,48,x30
123.4,Pass Through,Duct board,10,,Estimated Duct Board Supply Duct Size,6.52 in. Ø round @ 0.1 in. w.g.,"(6 in. x 6 in. square, equal friction)",0.42847222222222225,(≈61.7 in²),0.347560590608944,(≈50 in²),[in]  x  width: 5 [in],8 in,0,"Duct = Grille Neck Size
LxW [in x in]",1,49,6,x6,1,63,8,x6,1,84,10,x6,1,115,10,x8,1,104,12,x6,0,138,12,x8,0,176,12,x10,0,213,12,x12,1,380,16,x16,0,158,18,x6,1,262,18,x10,1,323,18,x12,1,498,18,x18,1,438,24,x12,1,677,24,x18,1,907,24,x24,1,556,30,x12,1,844,30,x18,1,1143,30,x24,1,1440,30,x30,1,1022,36,x18,1,1394,36,x24,1,1757,36,x30,1,1881,48,x24,1,2160,48,x26,1,2333,48,x30
123.4,Pass Through,Metal,10,,Estimated Metal Supply Duct Size,6.22 in. Ø round @ 0.1 in. w.g.,"(5.7 in. x 5.7 in. square, equal friction)",0.42847222222222225,(≈61.7 in²),0.31636343474594486,(≈45.6 in²),[in]  x  width: 4.6 [in],7.6 in,0,"Duct = Grille Neck Size
LxW [in x in]",1,49,6,x6,1,63,8,x6,1,84,10,x6,1,115,10,x8,1,104,12,x6,0,138,12,x8,0,176,12,x10,0,213,12,x12,1,380,16,x16,0,158,18,x6,1,262,18,x10,1,323,18,x12,1,498,18,x18,1,438,24,x12,1,677,24,x18,1,907,24,x24,1,556,30,x12,1,844,30,x18,1,1143,30,x24,1,1440,30,x30,1,1022,36,x18,1,1394,36,x24,1,1757,36,x30,1,1881,48,x24,1,2160,48,x26,1,2333,48,x30
123.4,Transfer - Flex,Flex,10,,Estimated Flex Supply Duct Size,7.02 in. Ø round @ 0.1 in. w.g.,"(6.4 in. x 6.4 in. square, equal friction)",0.42847222222222225,(≈61.7 in²),0.40367879241409327,(≈58.1 in²),[in]  x  width: 5.8 [in],8.6 in,1,"Min. Flex Duct
Diameter [in]",1,49,8.6,,1,63,8.6,,1,84,8.6,,1,115,8.6,,1,104,8.6,,0,138,8.6,,0,176,8.6,,0,213,8.6,,1,380,8.6,,0,158,8.6,,1,262,8.6,,1,323,8.6,,1,498,8.6,,1,438,8.6,,1,677,8.6,,1,907,8.6,,1,556,8.6,,1,844,8.6,,1,1143,8.6,,1,1440,8.6,,1,1022,8.6,,1,1394,8.6,,1,1757,8.6,,1,1881,8.6,,1,2160,8.6,,1,2333,8.6,
123.4,Transfer - Flex,Duct board,10,,Estimated Duct Board Supply Duct Size,6.52 in. Ø round @ 0.1 in. w.g.,"(6 in. x 6 in. square, equal friction)",0.42847222222222225,(≈61.7 in²),0.347560590608944,(≈50 in²),[in]  x  width: 5 [in],8 in,1,"Min. Flex Duct
Diameter [in]",1,49,7.98,,1,63,7.98,,1,84,7.98,,1,115,7.98,,1,104,7.98,,0,138,7.98,,0,176,7.98,,0,213,7.98,,1,380,7.98,,0,158,7.98,,1,262,7.98,,1,323,7.98,,1,498,7.98,,1,438,7.98,,1,677,7.98,,1,907,7.98,,1,556,7.98,,1,844,7.98,,1,1143,7.98,,1,1440,7.98,,1,1022,7.98,,1,1394,7.98,,1,1757,7.98,,1,1881,7.98,,1,2160,7.98,,1,2333,7.98,
123.4,Transfer - Flex,Metal,10,,Estimated Metal Supply Duct Size,6.22 in. Ø round @ 0.1 in. w.g.,"(5.7 in. x 5.7 in. square, equal friction)",0.42847222222222225,(≈61.7 in²),0.31636343474594486,(≈45.6 in²),[in]  x  width: 4.6 [in],7.6 in,1,"Min. Flex Duct
Diameter [in]",1,49,7.62,,1,63,7.62,,1,84,7.62,,1,115,7.62,,1,104,7.62,,0,138,7.62,,0,176,7.62,,0,213,7.62,,1,380,7.62,,0,158,7.62,,1,262,7.62,,1,323,7.62,,1,498,7.62,,1,438,7.62,,1,677,7.62,,1,907,7.62,,1,556,7.62,,1,844,7.62,,1,1143,7.62,,1,1440,7.62,,1,1022,7.62,,1,1394,7.62,,1,1757,7.62,,1,1881,7.62,,1,2160,7.62,,1,2333,7.62,
123.4,Transfer - Hard ,Flex,10,,Estimated Flex Supply Duct Size,7.02 in. Ø round @ 0.1 in. w.g.,"(6.4 in. x 6.4 in. square, equal friction)",0.42847222222222225,(≈61.7 in²),0.40367879241409327,(≈58.1 in²),[in]  x  width: 5.8 [in],8.6 in,0,"Duct = Grille Neck Size
LxW [in x in]",1,49,6,x6,1,63,8,x6,1,84,10,x6,1,115,10,x8,1,104,12,x6,0,138,12,x8,0,176,12,x10,0,213,12,x12,1,380,16,x16,0,158,18,x6,1,262,18,x10,1,323,18,x12,1,498,18,x18,1,438,24,x12,1,677,24,x18,1,907,24,x24,1,556,30,x12,1,844,30,x18,1,1143,30,x24,1,1440,30,x30,1,1022,36,x18,1,1394,36,x24,1,1757,36,x30,1,1881,48,x24,1,2160,48,x26,1,2333,48,x30
123.4,Transfer - Hard ,Duct board,10,,Estimated Duct Board Supply Duct Size,6.52 in. Ø round @ 0.1 in. w.g.,"(6 in. x 6 in. square, equal friction)",0.42847222222222225,(≈61.7 in²),0.347560590608944,(≈50 in²),[in]  x  width: 5 [in],8 in,0,"Duct = Grille Neck Size
LxW [in x in]",1,49,6,x6,1,63,8,x6,1,84,10,x6,1,115,10,x8,1,104,12,x6,0,138,12,x8,0,176,12,x10,0,213,12,x12,1,380,16,x16,0,158,18,x6,1,262,18,x10,1,323,18,x12,1,498,18,x18,1,438,24,x12,1,677,24,x18,1,907,24,x24,1,556,30,x12,1,844,30,x18,1,1143,30,x24,1,1440,30,x30,1,1022,36,x18,1,1394,36,x24,1,1757,36,x30,1,1881,48,x24,1,2160,48,x26,1,2333,48,x30
123.4,Transfer - Hard ,Metal,10,,Estimated Metal Supply Duct Size,6.22 in. Ø round @ 0.1 in. w.g.,"(5.7 in. x 5.7 in. square, equal friction)",0.42847222222222225,(≈61.7 in²),0.31636343474594486,(≈45.6 in²),[in]  x  width: 4.6 [in],7.6 in,0,"Duct = Grille Neck Size
LxW [in x in]",1,49,6,x6,1,63,8,x6,1,84,10,x6,1,115,10,x8,1,104,12,x6,0,138,12,x8,0,176,12,x10,0,213,12,x12,1,380,16,x16,0,158,18,x6,1,262,18,x10,1,323,18,x12,1,498,18,x18,1,438,24,x12,1,677,24,x18,1,907,24,x24,1,556,30,x12,1,844,30,x18,1,1143,30,x24,1,1440,30,x30,1,1022,36,x18,1,1394,36,x24,1,1757,36,x30,1,1881,48,x24,1,2160,48,x26,1,2333,48,x30
150,Pass Through,Flex,10,,Estimated Flex Supply Duct Size,7.55 in. Ø round @ 0.1 in. w.g.,"(6.9 in. x 6.9 in. square, equal friction)",0.52083333333333337,(≈75 in²),0.46655083024246052,(≈67.2 in²),[in]  x  width: 6.7 [in],9.2 in,0,"Duct = Grille Neck Size
LxW [in x in]",1,49,6,x6,1,63,8,x6,1,84,10,x6,1,115,10,x8,1,104,12,x6,1,138,12,x8,0,176,12,x10,0,213,12,x12,1,380,16,x16,0,158,18,x6,0,262,18,x10,1,323,18,x12,1,498,18,x18,1,438,24,x12,1,677,24,x18,1,907,24,x24,1,556,30,x12,1,844,30,x18,1,1143,30,x24,1,1440,30,x30,1,1022,36,x18,1,1394,36,x24,1,1757,36,x30,1,1881,48,x24,1,2160,48,x26,1,2333,48,x30
150,Pass Through,Duct board,10,,Estimated Duct Board Supply Duct Size,7.01 in. Ø round @ 0.1 in. w.g.,"(6.4 in. x 6.4 in. square, equal friction)",0.52083333333333337,(≈75 in²),0.40206562754347441,(≈57.9 in²),[in]  x  width: 5.8 [in],8.6 in,0,"Duct = Grille Neck Size
LxW [in x in]",1,49,6,x6,1,63,8,x6,1,84,10,x6,1,115,10,x8,1,104,12,x6,1,138,12,x8,0,176,12,x10,0,213,12,x12,1,380,16,x16,0,158,18,x6,0,262,18,x10,1,323,18,x12,1,498,18,x18,1,438,24,x12,1,677,24,x18,1,907,24,x24,1,556,30,x12,1,844,30,x18,1,1143,30,x24,1,1440,30,x30,1,1022,36,x18,1,1394,36,x24,1,1757,36,x30,1,1881,48,x24,1,2160,48,x26,1,2333,48,x30
150,Pass Through,Metal,10,,Estimated Metal Supply Duct Size,6.69 in. Ø round @ 0.1 in. w.g.,"(6.1 in. x 6.1 in. square, equal friction)",0.52083333333333337,(≈75 in²),0.36578082306678961,(≈52.7 in²),[in]  x  width: 5.3 [in],8.2 in,0,"Duct = Grille Neck Size
LxW [in x in]",1,49,6,x6,1,63,8,x6,1,84,10,x6,1,115,10,x8,1,104,12,x6,1,138,12,x8,0,176,12,x10,0,213,12,x12,1,380,16,x16,0,158,18,x6,0,262,18,x10,1,323,18,x12,1,498,18,x18,1,438,24,x12,1,677,24,x18,1,907,24,x24,1,556,30,x12,1,844,30,x18,1,1143,30,x24,1,1440,30,x30,1,1022,36,x18,1,1394,36,x24,1,1757,36,x30,1,1881,48,x24,1,2160,48,x26,1,2333,48,x30
150,Transfer - Flex,Flex,10,,Estimated Flex Supply Duct Size,7.55 in. Ø round @ 0.1 in. w.g.,"(6.9 in. x 6.9 in. square, equal friction)",0.52083333333333337,(≈75 in²),0.46655083024246052,(≈67.2 in²),[in]  x  width: 6.7 [in],9.2 in,1,"Min. Flex Duct
Diameter [in]",1,49,9.25,,1,63,9.25,,1,84,9.25,,1,115,9.25,,1,104,9.25,,1,138,9.25,,0,176,9.25,,0,213,9.25,,1,380,9.25,,0,158,9.25,,0,262,9.25,,1,323,9.25,,1,498,9.25,,1,438,9.25,,1,677,9.25,,1,907,9.25,,1,556,9.25,,1,844,9.25,,1,1143,9.25,,1,1440,9.25,,1,1022,9.25,,1,1394,9.25,,1,1757,9.25,,1,1881,9.25,,1,2160,9.25,,1,2333,9.25,
150,Transfer - Flex,Duct board,10,,Estimated Duct Board Supply Duct Size,7.01 in. Ø round @ 0.1 in. w.g.,"(6.4 in. x 6.4 in. square, equal friction)",0.52083333333333337,(≈75 in²),0.40206562754347441,(≈57.9 in²),[in]  x  width: 5.8 [in],8.6 in,1,"Min. Flex Duct
Diameter [in]",1,49,8.59,,1,63,8.59,,1,84,8.59,,1,115,8.59,,1,104,8.59,,1,138,8.59,,0,176,8.59,,0,213,8.59,,1,380,8.59,,0,158,8.59,,0,262,8.59,,1,323,8.59,,1,498,8.59,,1,438,8.59,,1,677,8.59,,1,907,8.59,,1,556,8.59,,1,844,8.59,,1,1143,8.59,,1,1440,8.59,,1,1022,8.59,,1,1394,8.59,,1,1757,8.59,,1,1881,8.59,,1,2160,8.59,,1,2333,8.59,
150,Transfer - Flex,Metal,10,,Estimated Metal Supply Duct Size,6.69 in. Ø round @ 0.1 in. w.g.,"(6.1 in. x 6.1 in. square, equal friction)",0.52083333333333337,(≈75 in²),0.36578082306678961,(≈52.7 in²),[in]  x  width: 5.3 [in],8.2 in,1,"Min. Flex Duct
Diameter [in]",1,49,8.19,,1,63,8.19,,1,84,8.19,,1,115,8.19,,1,104,8.19,,1,138,8.19,,0,176,8.19,,0,213,8.19,,1,380,8.19,,0,158,8.19,,0,262,8.19,,1,323,8.19,,1,498,8.19,,1,438,8.19,,1,677,8.19,,1,907,8.19,,1,556,8.19,,1,844,8.19,,1,1143,8.19,,1,1440,8.19,,1,1022,8.19,,1,1394,8.19,,1,1757,8.19,,1,1881,8.19,,1,2160,8.19,,1,2333,8.19,
150,Transfer - Hard ,Flex,10,,Estimated Flex Supply Duct Size,7.55 in. Ø round @ 0.1 in. w.g.,"(6.9 in. x 6.9 in. square, equal friction)",0.52083333333333337,(≈75 in²),0.46655083024246052,(≈67.2 in²),[in]  x  width: 6.7 [in],9.2 in,0,"Duct = Grille Neck Size
LxW [in x in]",1,49,6,x6,1,63,8,x6,1,84,10,x6,1,115,10,x8,1,104,12,x6,1,138,12,x8,0,176,12,x10,0,213,12,x12,1,380,16,x16,0,158,18,x6,0,262,18,x10,1,323,18,x12,1,498,18,x18,1,438,24,x12,1,677,24,x18,1,907,24,x24,1,556,30,x12,1,844,30,x18,1,1143,30,x24,1,1440,30,x30,1,1022,36,x18,1,1394,36,x24,1,1757,36,x30,1,1881,48,x24,1,2160,48,x26,1,2333,48,x30
150,Transfer - Hard ,Duct board,10,,Estimated Duct Board Supply Duct Size,7.01 in. Ø round @ 0.1 in. w.g.,"(6.4 in. x 6.4 in. square, equal friction)",0.52083333333333337,(≈75 in²),0.40206562754347441,(≈57.9 in²),[in]  x  width: 5.8 [in],8.6 in,0,"Duct = Grille Neck Size
LxW [in x in]",1,49,6,x6,1,63,8,x6,1,84,10,x6,1,115,10,x8,1,104,12,x6,1,138,12,x8,0,176,12,x10,0,213,12,x12,1,380,16,x16,0,158,18,x6,0,262,18,x10,1,323,18,x12,1,498,18,x18,1,438,24,x12,1,677,24,x18,1,907,24,x24,1,556,30,x12,1,844,30,x18,1,1143,30,x24,1,1440,30,x30,1,1022,36,x18,1,1394,36,x24,1,1757,36,x30,1,1881,48,x24,1,2160,48,x26,1,2333,48,x30
150,Transfer - Hard ,Metal,10,,Estimated Metal Supply Duct Size,6.69 in. Ø round @ 0.1 in. w.g.,"(6.1 in. x 6.1 in. square, equal friction)",0.52083333333333337,(≈75 in²),0.36578082306678961,(≈52.7 in²),[in]  x  width: 5.3 [in],8.2 in,0,"Duct = Grille Neck Size
LxW [in x in]",1,49,6,x6,1,63,8,x6,1,84,10,x6,1,115,10,x8,1,104,12,x6,1,138,12,x8,0,176,12,x10,0,213,12,x12,1,380,16,x16,0,158,18,x6,0,262,18,x10,1,323,18,x12,1,498,18,x18,1,438,24,x12,1,677,24,x18,1,907,24,x24,1,556,30,x12,1,844,30,x18,1,1143,30,x24,1,1440,30,x30,1,1022,36,x18,1,1394,36,x24,1,1757,36,x30,1,1881,48,x24,1,2160,48,x26,1,2333,48,x30
300,Pass Through,Flex,10,,Estimated Flex Supply Duct Size,9.77 in. Ø round @ 0.1 in. w.g.,"(8.9 in. x 8.9 in. square, equal friction)",1.0416666666666667,(≈150 in²),0.78114386322788543,(≈112.5 in²),[in]  x  width: 11.2 [in],12 in,0,"Duct = Grille Neck Size
LxW [in x in]",1,49,6,x6,1,63,8,x6,1,84,10,x6,1,115,10,x8,1,104,12,x6,1,138,12,x8,1,176,12,x10,1,213,12,x12,0,380,16,x16,1,158,18,x6,1,262,18,x10,0,323,18,x12,0,498,18,x18,0,438,24,x12,1,677,24,x18,1,907,24,x24,0,556,30,x12,1,844,30,x18,1,1143,30,x24,1,1440,30,x30,1,1022,36,x18,1,1394,36,x24,1,1757,36,x30,1,1881,48,x24,1,2160,48,x26,1,2333,48,x30
300,Pass Through,Duct board,10,,Estimated Duct Board Supply Duct Size,9.09 in. Ø round @ 0.1 in. w.g.,"(8.3 in. x 8.3 in. square, equal friction)",1.0416666666666667,(≈150 in²),0.6753595349031758,(≈97.3 in²),[in]  x  width: 9.7 [in],11.1 in,0,"Duct = Grille Neck Size
LxW [in x in]",1,49,6,x6,1,63,8,x6,1,84,10,x6,1,115,10,x8,1,104,12,x6,1,138,12,x8,1,176,12,x10,1,213,12,x12,0,380,16,x16,1,158,18,x6,1,262,18,x10,0,323,18,x12,0,498,18,x18,0,438,24,x12,1,677,24,x18,1,907,24,x24,0,556,30,x12,1,844,30,x18,1,1143,30,x24,1,1440,30,x30,1,1022,36,x18,1,1394,36,x24,1,1757,36,x30,1,1881,48,x24,1,2160,48,x26,1,2333,48,x30
300,Pass Through,Metal,10,,Estimated Metal Supply Duct Size,8.66 in. Ø round @ 0.1 in. w.g.,"(7.9 in. x 7.9 in. square, equal friction)",1.0416666666666667,(≈150 in²),0.61327281952993018,(≈88.3 in²),[in]  x  width: 8.8 [in],10.6 in,0,"Duct = Grille Neck Size
LxW [in x in]",1,49,6,x6,1,63,8,x6,1,84,10,x6,1,115,10,x8,1,104,12,x6,1,138,12,x8,1,176,12,x10,1,213,12,x12,0,380,16,x16,1,158,18,x6,1,262,18,x10,0,323,18,x12,0,498,18,x18,0,438,24,x12,1,677,24,x18,1,907,24,x24,0,556,30,x12,1,844,30,x18,1,1143,30,x24,1,1440,30,x30,1,1022,36,x18,1,1394,36,x24,1,1757,36,x30,1,1881,48,x24,1,2160,48,x26,1,2333,48,x30
300,Transfer - Flex,Flex,10,,Estimated Flex Supply Duct Size,9.77 in. Ø round @ 0.1 in. w.g.,"(8.9 in. x 8.9 in. square, equal friction)",1.0416666666666667,(≈150 in²),0.78114386322788543,(≈112.5 in²),[in]  x  width: 11.2 [in],12 in,1,"Min. Flex Duct
Diameter [in]",1,49,11.97,,1,63,11.97,,1,84,11.97,,1,115,11.97,,1,104,11.97,,1,138,11.97,,1,176,11.97,,1,213,11.97,,0,380,11.97,,1,158,11.97,,1,262,11.97,,0,323,11.97,,0,498,11.97,,0,438,11.97,,1,677,11.97,,1,907,11.97,,0,556,11.97,,1,844,11.97,,1,1143,11.97,,1,1440,11.97,,1,1022,11.97,,1,1394,11.97,,1,1757,11.97,,1,1881,11.97,,1,2160,11.97,,1,2333,11.97,
300,Transfer - Flex,Duct board,10,,Estimated Duct Board Supply Duct Size,9.09 in. Ø round @ 0.1 in. w.g.,"(8.3 in. x 8.3 in. square, equal friction)",1.0416666666666667,(≈150 in²),0.6753595349031758,(≈97.3 in²),[in]  x  width: 9.7 [in],11.1 in,1,"Min. Flex Duct
Diameter [in]",1,49,11.13,,1,63,11.13,,1,84,11.13,,1,115,11.13,,1,104,11.13,,1,138,11.13,,1,176,11.13,,1,213,11.13,,0,380,11.13,,1,158,11.13,,1,262,11.13,,0,323,11.13,,0,498,11.13,,0,438,11.13,,1,677,11.13,,1,907,11.13,,0,556,11.13,,1,844,11.13,,1,1143,11.13,,1,1440,11.13,,1,1022,11.13,,1,1394,11.13,,1,1757,11.13,,1,1881,11.13,,1,2160,11.13,,1,2333,11.13,
300,Transfer - Flex,Metal,10,,Estimated Metal Supply Duct Size,8.66 in. Ø round @ 0.1 in. w.g.,"(7.9 in. x 7.9 in. square, equal friction)",1.0416666666666667,(≈150 in²),0.61327281952993018,(≈88.3 in²),[in]  x  width: 8.8 [in],10.6 in,1,"Min. Flex Duct
Diameter [in]",1,49,10.6,,1,63,10.6,,1,84,10.6,,1,115,10.6,,1,104,10.6,,1,138,10.6,,1,176,10.6,,1,213,10.6,,0,380,10.6,,1,158,10.6,,1,262,10.6,,0,323,10.6,,0,498,10.6,,0,438,10.6,,1,677,10.6,,1,907,10.6,,0,556,10.6,,1,844,10.6,,1,1143,10.6,,1,1440,10.6,,1,1022,10.6,,1,1394,10.6,,1,1757,10.6,,1,1881,10.6,,1,2160,10.6,,1,2333,10.6,
300,Transfer - Hard ,Flex,10,,Estimated Flex Supply Duct Size,9.77 in. Ø round @ 0.1 in. w.g.,"(8.9 in. x 8.9 in. square, equal friction)",1.0416666666666667,(≈150 in²),0.78114386322788543,(≈112.5 in²),[in]  x  width: 11.2 [in],12 in,0,"Duct = Grille Neck Size
LxW [in x in]",1,49,6,x6,1,63,8,x6,1,84,10,x6,1,115,10,x8,1,104,12,x6,1,138,12,x8,1,176,12,x10,1,213,12,x12,0,380,16,x16,1,158,18,x6,1,262,18,x10,0,323,18,x12,0,498,18,x18,0,438,24,x12,1,677,24,x18,1,907,24,x24,0,556,30,x12,1,844,30,x18,1,1143,30,x24,1,1440,30,x30,1,1022,36,x18,1,1394,36,x24,1,1757,36,x30,1,1881,48,x24,1,2160,48,x26,1,2333,48,x30
300,Transfer - Hard ,Duct board,10,,Estimated Duct Board Supply Duct Size,9.09 in. Ø round @ 0.1 in. w.g.,"(8.3 in. x 8.3 in. square, equal friction)",1.0416666666666667,(≈150 in²),0.6753595349031758,(≈97.3 in²),[in]  x  width: 9.7 [in],11.1 in,0,"Duct = Grille Neck Size
LxW [in x in]",1,49,6,x6,1,63,8,x6,1,84,10,x6,1,115,10,x8,1,104,12,x6,1,138,12,x8,1,176,12,x10,1,213,12,x12,0,380,16,x16,1,158,18,x6,1,262,18,x10,0,323,18,x12,0,498,18,x18,0,438,24,x12,1,677,24,x18,1,907,24,x24,0,556,30,x12,1,844,30,x18,1,1143,30,x24,1,1440,30,x30,1,1022,36,x18,1,1394,36,x24,1,1757,36,x30,1,1881,48,x24,1,2160,48,x26,1,2333,48,x30
300,Transfer - Hard ,Metal,10,,Estimated Metal Supply Duct Size,8.66 in. Ø round @ 0.1 in. w.g.,"(7.9 in. x 7.9 in. square, equal friction)",1.0416666666666667,(≈150 in²),0.61327281952993018,(≈88.3 in²),[in]  x  width: 8.8 [in],10.6 in,0,"Duct = Grille Neck Size
LxW [in x in]",1,49,6,x6,1,63,8,x6,1,84,10,x6,1,115,10,x8,1,104,12,x6,1,138,12,x8,1,176,12,x10,1,213,12,x12,0,380,16,x16,1,158,18,x6,1,262,18,x10,0,323,18,x12,0,498,18,x18,0,438,24,x12,1,677,24,x18,1,907,24,x24,0,556,30,x12,1,844,30,x18,1,1143,30,x24,1,1440,30,x30,1,1022,36,x18,1,1394,36,x24,1,1757,36,x30,1,1881,48,x24,1,2160,48,x26,1,2333,48,x30
600,Pass Through,Flex,10,,Estimated Flex Supply Duct Size,12.66 in. Ø round @ 0.1 in. w.g.,"(11.6 in. x 11.6 in. square, equal friction)",2.0833333333333335,(≈300 in²),1.3105128187267632,(≈188.7 in²),[in]  x  width: 18.9 [in],15.5 in,0,"Duct = Grille Neck Size
LxW [in x in]",1,49,6,x6,1,63,8,x6,1,84,10,x6,1,115,10,x8,1,104,12,x6,1,138,12,x8,1,176,12,x10,1,213,12,x12,1,380,16,x16,1,158,18,x6,1,262,18,x10,1,323,18,x12,1,498,18,x18,1,438,24,x12,0,677,24,x18,0,907,24,x24,1,556,30,x12,0,844,30,x18,0,1143,30,x24,1,1440,30,x30,0,1022,36,x18,1,1394,36,x24,1,1757,36,x30,1,1881,48,x24,1,2160,48,x26,1,2333,48,x30
600,Pass Through,Duct board,10,,Estimated Duct Board Supply Duct Size,11.79 in. Ø round @ 0.1 in. w.g.,"(10.8 in. x 10.8 in. square, equal friction)",2.0833333333333335,(≈300 in²),1.1366219575229062,(≈163.7 in²),[in]  x  width: 16.4 [in],14.4 in,0,"Duct = Grille Neck Size
LxW [in x in]",1,49,6,x6,1,63,8,x6,1,84,10,x6,1,115,10,x8,1,104,12,x6,1,138,12,x8,1,176,12,x10,1,213,12,x12,1,380,16,x16,1,158,18,x6,1,262,18,x10,1,323,18,x12,1,498,18,x18,1,438,24,x12,0,677,24,x18,0,907,24,x24,1,556,30,x12,0,844,30,x18,0,1143,30,x24,1,1440,30,x30,0,1022,36,x18,1,1394,36,x24,1,1757,36,x30,1,1881,48,x24,1,2160,48,x26,1,2333,48,x30
600,Pass Through,Metal,10,,Estimated Metal Supply Duct Size,11.22 in. Ø round @ 0.1 in. w.g.,"(10.3 in. x 10.3 in. square, equal friction)",2.0833333333333335,(≈300 in²),1.0303070560959127,(≈148.4 in²),[in]  x  width: 14.8 [in],13.7 in,0,"Duct = Grille Neck Size
LxW [in x in]",1,49,6,x6,1,63,8,x6,1,84,10,x6,1,115,10,x8,1,104,12,x6,1,138,12,x8,1,176,12,x10,1,213,12,x12,1,380,16,x16,1,158,18,x6,1,262,18,x10,1,323,18,x12,1,498,18,x18,1,438,24,x12,0,677,24,x18,0,907,24,x24,1,556,30,x12,0,844,30,x18,0,1143,30,x24,1,1440,30,x30,0,1022,36,x18,1,1394,36,x24,1,1757,36,x30,1,1881,48,x24,1,2160,48,x26,1,2333,48,x30
600,Transfer - Flex,Flex,10,,Estimated Flex Supply Duct Size,12.66 in. Ø round @ 0.1 in. w.g.,"(11.6 in. x 11.6 in. square, equal friction)",2.0833333333333335,(≈300 in²),1.3105128187267632,(≈188.7 in²),[in]  x  width: 18.9 [in],15.5 in,1,"Min. Flex Duct
Diameter [in]",1,49,15.5,,1,63,15.5,,1,84,15.5,,1,115,15.5,,1,104,15.5,,1,138,15.5,,1,176,15.5,,1,213,15.5,,1,380,15.5,,1,158,15.5,,1,262,15.5,,1,323,15.5,,1,498,15.5,,1,438,15.5,,0,677,15.5,,0,907,15.5,,1,556,15.5,,0,844,15.5,,0,1143,15.5,,1,1440,15.5,,0,1022,15.5,,1,1394,15.5,,1,1757,15.5,,1,1881,15.5,,1,2160,15.5,,1,2333,15.5,
600,Transfer - Flex,Duct board,10,,Estimated Duct Board Supply Duct Size,11.79 in. Ø round @ 0.1 in. w.g.,"(10.8 in. x 10.8 in. square, equal friction)",2.0833333333333335,(≈300 in²),1.1366219575229062,(≈163.7 in²),[in]  x  width: 16.4 [in],14.4 in,1,"Min. Flex Duct
Diameter [in]",1,49,14.44,,1,63,14.44,,1,84,14.44,,1,115,14.44,,1,104,14.44,,1,138,14.44,,1,176,14.44,,1,213,14.44,,1,380,14.44,,1,158,14.44,,1,262,14.44,,1,323,14.44,,1,498,14.44,,1,438,14.44,,0,677,14.44,,0,907,14.44,,1,556,14.44,,0,844,14.44,,0,1143,14.44,,1,1440,14.44,,0,1022,14.44,,1,1394,14.44,,1,1757,14.44,,1,1881,14.44,,1,2160,14.44,,1,2333,14.44,
600,Transfer - Flex,Metal,10,,Estimated Metal Supply Duct Size,11.22 in. Ø round @ 0.1 in. w.g.,"(10.3 in. x 10.3 in. square, equal friction)",2.0833333333333335,(≈300 in²),1.0303070560959127,(≈148.4 in²),[in]  x  width: 14.8 [in],13.7 in,1,"Min. Flex Duct
Diameter [in]",1,49,13.74,,1,63,13.74,,1,84,13.74,,1,115,13.74,,1,104,13.74,,1,138,13.74,,1,176,13.74,,1,213,13.74,,1,380,13.74,,1,158,13.74,,1,262,13.74,,1,323,13.74,,1,498,13.74,,1,438,13.74,,0,677,13.74,,0,907,13.74,,1,556,13.74,,0,844,13.74,,0,1143,13.74,,1,1440,13.74,,0,1022,13.74,,1,1394,13.74,,1,1757,13.74,,1,1881,13.74,,1,2160,13.74,,1,2333,13.74,
600,Transfer - Hard ,Flex,10,,Estimated Flex Supply Duct Size,12.66 in. Ø round @ 0.1 in. w.g.,"(11.6 in. x 11.6 in. square, equal friction)",2.0833333333333335,(≈300 in²),1.3105128187267632,(≈188.7 in²),[in]  x  width: 18.9 [in],15.5 in,0,"Duct = Grille Neck Size
LxW [in x in]",1,49,6,x6,1,63,8,x6,1,84,10,x6,1,115,10,x8,1,104,12,x6,1,138,12,x8,1,176,12,x10,1,213,12,x12,1,380,16,x16,1,158,18,x6,1,262,18,x10,1,323,18,x12,1,498,18,x18,1,438,24,x12,0,677,24,x18,0,907,24,x24,1,556,30,x12,0,844,30,x18,0,1143,30,x24,1,1440,30,x30,0,1022,36,x18,1,1394,36,x24,1,1757,36,x30,1,1881,48,x24,1,2160,48,x26,1,2333,48,x30
600,Transfer - Hard ,Duct board,10,,Estimated Duct Board Supply Duct Size,11.79 in. Ø round @ 0.1 in. w.g.,"(10.8 in. x 10.8 in. square, equal friction)",2.0833333333333335,(≈300 in²),1.1366219575229062,(≈163.7 in²),[in]  x  width: 16.4 [in],14.4 in,0,"Duct = Grille Neck Size
LxW [in x in]",1,49,6,x6,1,63,8,x6,1,84,10,x6,1,115,10,x8,1,104,12,x6,1,138,12,x8,1,176,12,x10,1,213,12,x12,1,380,16,x16,1,158,18,x6,1,262,18,x10,1,323,18,x12,1,498,18,x18,1,438,24,x12,0,677,24,x18,0,907,24,x24,1,556,30,x12,0,844,30,x18,0,1143,30,x24,1,1440,30,x30,0,1022,36,x18,1,1394,36,x24,1,1757,36,x30,1,1881,48,x24,1,2160,48,x26,1,2333,48,x30
600,Transfer - Hard ,Metal,10,,Estimated Metal Supply Duct Size,11.22 in. Ø round @ 0.1 in. w.g.,"(10.3 in. x 10.3 in. square, equal friction)",2.0833333333333335,(≈300 in²),1.0303070560959127,(≈148.4 in²),[in]  x  width: 14.8 [in],13.7 in,0,"Duct = Grille Neck Size
LxW [in x in]",1,49,6,x6,1,63,8,x6,1,84,10,x6,1,115,10,x8,1,104,12,x6,1,138,12,x8,1,176,12,x10,1,213,12,x12,1,380,16,x16,1,158,18,x6,1,262,18,x10,1,323,18,x12,1,498,18,x18,1,438,24,x12,0,677,24,x18,0,907,24,x24,1,556,30,x12,0,844,30,x18,0,1143,30,x24,1,1440,30,x30,0,1022,36,x18,1,1394,36,x24,1,1757,36,x30,1,1881,48,x24,1,2160,48,x26,1,2333,48,x30
720,Pass Through,Flex,10,,Estimated Flex Supply Duct Size,13.55 in. Ø round @ 0.1 in. w.g.,"(12.4 in. x 12.4 in. square, equal friction)",2.5,(≈360 in²),1.502041980905884,(≈216.3 in²),[in]  x  width: 21.6 [in],16.6 in,0,"Duct = Grille Neck Size
LxW [in x in]",1,49,6,x6,1,63,8,x6,1,84,10,x6,1,115,10,x8,1,104,12,x6,1,138,12,x8,1,176,12,x10,1,213,12,x12,1,380,16,x16,1,158,18,x6,1,262,18,x10,1,323,18,x12,1,498,18,x18,1,438,24,x12,1,677,24,x18,0,907,24,x24,1,556,30,x12,0,844,30,x18,0,1143,30,x24,0,1440,30,x30,0,1022,36,x18,0,1394,36,x24,1,1757,36,x30,1,1881,48,x24,1,2160,48,x26,1,2333,48,x30
720,Pass Through,Duct board,10,,Estimated Duct Board Supply Duct Size,12.62 in. Ø round @ 0.1 in. w.g.,"(11.5 in. x 11.5 in. square, equal friction)",2.5,(≈360 in²),1.3038038535241725,(≈187.7 in²),[in]  x  width: 18.8 [in],15.5 in,0,"Duct = Grille Neck Size
LxW [in x in]",1,49,6,x6,1,63,8,x6,1,84,10,x6,1,115,10,x8,1,104,12,x6,1,138,12,x8,1,176,12,x10,1,213,12,x12,1,380,16,x16,1,158,18,x6,1,262,18,x10,1,323,18,x12,1,498,18,x18,1,438,24,x12,1,677,24,x18,0,907,24,x24,1,556,30,x12,0,844,30,x18,0,1143,30,x24,0,1440,30,x30,0,1022,36,x18,0,1394,36,x24,1,1757,36,x30,1,1881,48,x24,1,2160,48,x26,1,2333,48,x30
720,Pass Through,Metal,10,,Estimated Metal Supply Duct Size,12.02 in. Ø round @ 0.1 in. w.g.,"(11 in. x 11 in. square, equal friction)",2.5,(≈360 in²),1.1813226117137512,(≈170.1 in²),[in]  x  width: 17 [in],14.7 in,0,"Duct = Grille Neck Size
LxW [in x in]",1,49,6,x6,1,63,8,x6,1,84,10,x6,1,115,10,x8,1,104,12,x6,1,138,12,x8,1,176,12,x10,1,213,12,x12,1,380,16,x16,1,158,18,x6,1,262,18,x10,1,323,18,x12,1,498,18,x18,1,438,24,x12,1,677,24,x18,0,907,24,x24,1,556,30,x12,0,844,30,x18,0,1143,30,x24,0,1440,30,x30,0,1022,36,x18,0,1394,36,x24,1,1757,36,x30,1,1881,48,x24,1,2160,48,x26,1,2333,48,x30
720,Transfer - Flex,Flex,10,,Estimated Flex Supply Duct Size,13.55 in. Ø round @ 0.1 in. w.g.,"(12.4 in. x 12.4 in. square, equal friction)",2.5,(≈360 in²),1.502041980905884,(≈216.3 in²),[in]  x  width: 21.6 [in],16.6 in,1,"Min. Flex Duct
Diameter [in]",1,49,16.6,,1,63,16.6,,1,84,16.6,,1,115,16.6,,1,104,16.6,,1,138,16.6,,1,176,16.6,,1,213,16.6,,1,380,16.6,,1,158,16.6,,1,262,16.6,,1,323,16.6,,1,498,16.6,,1,438,16.6,,1,677,16.6,,0,907,16.6,,1,556,16.6,,0,844,16.6,,0,1143,16.6,,0,1440,16.6,,0,1022,16.6,,0,1394,16.6,,1,1757,16.6,,1,1881,16.6,,1,2160,16.6,,1,2333,16.6,
720,Transfer - Flex,Duct board,10,,Estimated Duct Board Supply Duct Size,12.62 in. Ø round @ 0.1 in. w.g.,"(11.5 in. x 11.5 in. square, equal friction)",2.5,(≈360 in²),1.3038038535241725,(≈187.7 in²),[in]  x  width: 18.8 [in],15.5 in,1,"Min. Flex Duct
Diameter [in]",1,49,15.46,,1,63,15.46,,1,84,15.46,,1,115,15.46,,1,104,15.46,,1,138,15.46,,1,176,15.46,,1,213,15.46,,1,380,15.46,,1,158,15.46,,1,262,15.46,,1,323,15.46,,1,498,15.46,,1,438,15.46,,1,677,15.46,,0,907,15.46,,1,556,15.46,,0,844,15.46,,0,1143,15.46,,0,1440,15.46,,0,1022,15.46,,0,1394,15.46,,1,1757,15.46,,1,1881,15.46,,1,2160,15.46,,1,2333,15.46,
720,Transfer - Flex,Metal,10,,Estimated Metal Supply Duct Size,12.02 in. Ø round @ 0.1 in. w.g.,"(11 in. x 11 in. square, equal friction)",2.5,(≈360 in²),1.1813226117137512,(≈170.1 in²),[in]  x  width: 17 [in],14.7 in,1,"Min. Flex Duct
Diameter [in]",1,49,14.72,,1,63,14.72,,1,84,14.72,,1,115,14.72,,1,104,14.72,,1,138,14.72,,1,176,14.72,,1,213,14.72,,1,380,14.72,,1,158,14.72,,1,262,14.72,,1,323,14.72,,1,498,14.72,,1,438,14.72,,1,677,14.72,,0,907,14.72,,1,556,14.72,,0,844,14.72,,0,1143,14.72,,0,1440,14.72,,0,1022,14.72,,0,1394,14.72,,1,1757,14.72,,1,1881,14.72,,1,2160,14.72,,1,2333,14.72,
720,Transfer - Hard ,Flex,10,,Estimated Flex Supply Duct Size,13.55 in. Ø round @ 0.1 in. w.g.,"(12.4 in. x 12.4 in. square, equal friction)",2.5,(≈360 in²),1.502041980905884,(≈216.3 in²),[in]  x  width: 21.6 [in],16.6 in,0,"Duct = Grille Neck Size
LxW [in x in]",1,49,6,x6,1,63,8,x6,1,84,10,x6,1,115,10,x8,1,104,12,x6,1,138,12,x8,1,176,12,x10,1,213,12,x12,1,380,16,x16,1,158,18,x6,1,262,18,x10,1,323,18,x12,1,498,18,x18,1,438,24,x12,1,677,24,x18,0,907,24,x24,1,556,30,x12,0,844,30,x18,0,1143,30,x24,0,1440,30,x30,0,1022,36,x18,0,1394,36,x24,1,1757,36,x30,1,1881,48,x24,1,2160,48,x26,1,2333,48,x30
720,Transfer - Hard ,Duct board,10,,Estimated Duct Board Supply Duct Size,12.62 in. Ø round @ 0.1 in. w.g.,"(11.5 in. x 11.5 in. square, equal friction)",2.5,(≈360 in²),1.3038038535241725,(≈187.7 in²),[in]  x  width: 18.8 [in],15.5 in,0,"Duct = Grille Neck Size
LxW [in x in]",1,49,6,x6,1,63,8,x6,1,84,10,x6,1,115,10,x8,1,104,12,x6,1,138,12,x8,1,176,12,x10,1,213,12,x12,1,380,16,x16,1,158,18,x6,1,262,18,x10,1,323,18,x12,1,498,18,x18,1,438,24,x12,1,677,24,x18,0,907,24,x24,1,556,30,x12,0,844,30,x18,0,1143,30,x24,0,1440,30,x30,0,1022,36,x18,0,1394,36,x24,1,1757,36,x30,1,1881,48,x24,1,2160,48,x26,1,2333,48,x30
720,Transfer - Hard ,Metal,10,,Estimated Metal Supply Duct Size,12.02 in. Ø round @ 0.1 in. w.g.,"(11 in. x 11 in. square, equal friction)",2.5,(≈360 in²),1.1813226117137512,(≈170.1 in²),[in]  x  width: 17 [in],14.7 in,0,"Duct = Grille Neck Size
LxW [in x in]",1,49,6,x6,1,63,8,x6,1,84,10,x6,1,115,10,x8,1,104,12,x6,1,138,12,x8,1,176,12,x10,1,213,12,x12,1,380,16,x16,1,158,18,x6,1,262,18,x10,1,323,18,x12,1,498,18,x18,1,438,24,x12,1,677,24,x18,0,907,24,x24,1,556,30,x12,0,844,30,x18,0,1143,30,x24,0,1440,30,x30,0,1022,36,x18,0,1394,36,x24,1,1757,36,x30,1,1881,48,x24,1,2160,48,x26,1,2333,48,x30
1200,Pass Through,Flex,6.5,,Estimated Flex Supply Duct Size,16.41 in. Ø round @ 0.1 in. w.g.,"(15 in. x 15 in. square, equal friction)",4.166666666666667,(≈600 in²),2.2026203109766187,(≈317.2 in²),[in]  x  width: 48.8 [in],20.1 in,0,"Duct = Grille Neck Size
LxW [in x in]",1,49,6,x6,1,63,8,x6,1,84,10,x6,1,115,10,x8,1,104,12,x6,1,138,12,x8,1,176,12,x10,1,213,12,x12,1,380,16,x16,1,158,18,x6,1,262,18,x10,1,323,18,x12,1,498,18,x18,1,438,24,x12,1,677,24,x18,1,907,24,x24,1,556,30,x12,1,844,30,x18,1,1143,30,x24,0,1440,30,x30,1,1022,36,x18,0,1394,36,x24,0,1757,36,x30,0,1881,48,x24,0,2160,48,x26,0,2333,48,x30
1200,Pass Through,Duct board,6.5,,Estimated Duct Board Supply Duct Size,15.3 in. Ø round @ 0.1 in. w.g.,"(14 in. x 14 in. square, equal friction)",4.166666666666667,(≈600 in²),1.9162634619434828,(≈275.9 in²),[in]  x  width: 42.5 [in],18.7 in,0,"Duct = Grille Neck Size
LxW [in x in]",1,49,6,x6,1,63,8,x6,1,84,10,x6,1,115,10,x8,1,104,12,x6,1,138,12,x8,1,176,12,x10,1,213,12,x12,1,380,16,x16,1,158,18,x6,1,262,18,x10,1,323,18,x12,1,498,18,x18,1,438,24,x12,1,677,24,x18,1,907,24,x24,1,556,30,x12,1,844,30,x18,1,1143,30,x24,0,1440,30,x30,1,1022,36,x18,0,1394,36,x24,0,1757,36,x30,0,1881,48,x24,0,2160,48,x26,0,2333,48,x30
1200,Pass Through,Metal,6.5,,Estimated Metal Supply Duct Size,14.56 in. Ø round @ 0.1 in. w.g.,"(13.3 in. x 13.3 in. square, equal friction)",4.166666666666667,(≈600 in²),1.7341489218779831,(≈249.7 in²),[in]  x  width: 38.4 [in],17.8 in,0,"Duct = Grille Neck Size
LxW [in x in]",1,49,6,x6,1,63,8,x6,1,84,10,x6,1,115,10,x8,1,104,12,x6,1,138,12,x8,1,176,12,x10,1,213,12,x12,1,380,16,x16,1,158,18,x6,1,262,18,x10,1,323,18,x12,1,498,18,x18,1,438,24,x12,1,677,24,x18,1,907,24,x24,1,556,30,x12,1,844,30,x18,1,1143,30,x24,0,1440,30,x30,1,1022,36,x18,0,1394,36,x24,0,1757,36,x30,0,1881,48,x24,0,2160,48,x26,0,2333,48,x30
1200,Transfer - Flex,Flex,6.5,,Estimated Flex Supply Duct Size,16.41 in. Ø round @ 0.1 in. w.g.,"(15 in. x 15 in. square, equal friction)",4.166666666666667,(≈600 in²),2.2026203109766187,(≈317.2 in²),[in]  x  width: 48.8 [in],20.1 in,1,"Min. Flex Duct
Diameter [in]",1,49,20.1,,1,63,20.1,,1,84,20.1,,1,115,20.1,,1,104,20.1,,1,138,20.1,,1,176,20.1,,1,213,20.1,,1,380,20.1,,1,158,20.1,,1,262,20.1,,1,323,20.1,,1,498,20.1,,1,438,20.1,,1,677,20.1,,1,907,20.1,,1,556,20.1,,1,844,20.1,,1,1143,20.1,,0,1440,20.1,,1,1022,20.1,,0,1394,20.1,,0,1757,20.1,,0,1881,20.1,,0,2160,20.1,,0,2333,20.1,
1200,Transfer - Flex,Duct board,6.5,,Estimated Duct Board Supply Duct Size,15.3 in. Ø round @ 0.1 in. w.g.,"(14 in. x 14 in. square, equal friction)",4.166666666666667,(≈600 in²),1.9162634619434828,(≈275.9 in²),[in]  x  width: 42.5 [in],18.7 in,1,"Min. Flex Duct
Diameter [in]",1,49,18.74,,1,63,18.74,,1,84,18.74,,1,115,18.74,,1,104,18.74,,1,138,18.74,,1,176,18.74,,1,213,18.74,,1,380,18.74,,1,158,18.74,,1,262,18.74,,1,323,18.74,,1,498,18.74,,1,438,18.74,,1,677,18.74,,1,907,18.74,,1,556,18.74,,1,844,18.74,,1,1143,18.74,,0,1440,18.74,,1,1022,18.74,,0,1394,18.74,,0,1757,18.74,,0,1881,18.74,,0,2160,18.74,,0,2333,18.74,
1200,Transfer - Flex,Metal,6.5,,Estimated Metal Supply Duct Size,14.56 in. Ø round @ 0.1 in. w.g.,"(13.3 in. x 13.3 in. square, equal friction)",4.166666666666667,(≈600 in²),1.7341489218779831,(≈249.7 in²),[in]  x  width: 38.4 [in],17.8 in,1,"Min. Flex Duct
Diameter [in]",1,49,17.83,,1,63,17.83,,1,84,17.83,,1,115,17.83,,1,104,17.83,,1,138,17.83,,1,176,17.83,,1,213,17.83,,1,380,17.83,,1,158,17.83,,1,262,17.83,,1,323,17.83,,1,498,17.83,,1,438,17.83,,1,677,17.83,,1,907,17.83,,1,556,17.83,,1,844,17.83,,1,1143,17.83,,0,1440,17.83,,1,1022,17.83,,0,1394,17.83,,0,1757,17.83,,0,1881,17.83,,0,2160,17.83,,0,2333,17.83,
1200,Transfer - Hard ,Flex,6.5,,Estimated Flex Supply Duct Size,16.41 in. Ø round @ 0.1 in. w.g.,"(15 in. x 15 in. square, equal friction)",4.166666666666667,(≈600 in²),2.2026203109766187,(≈317.2 in²),[in]  x  width: 48.8 [in],20.1 in,0,"Duct = Grille Neck Size
LxW [in x in]",1,49,6,x6,1,63,8,x6,1,84,10,x6,1,115,10,x8,1,104,12,x6,1,138,12,x8,1,176,12,x10,1,213,12,x12,1,380,16,x16,1,158,18,x6,1,262,18,x10,1,323,18,x12,1,498,18,x18,1,438,24,x12,1,677,24,x18,1,907,24,x24,1,556,30,x12,1,844,30,x18,1,1143,30,x24,0,1440,30,x30,1,1022,36,x18,0,1394,36,x24,0,1757,36,x30,0,1881,48,x24,0,2160,48,x26,0,2333,48,x30
1200,Transfer - Hard ,Duct board,6.5,,Estimated Duct Board Supply Duct Size,15.3 in. Ø round @ 0.1 in. w.g.,"(14 in. x 14 in. square, equal friction)",4.166666666666667,(≈600 in²),1.9162634619434828,(≈275.9 in²),[in]  x  width: 42.5 [in],18.7 in,0,"Duct = Grille Neck Size
LxW [in x in]",1,49,6,x6,1,63,8,x6,1,84,10,x6,1,115,10,x8,1,104,12,x6,1,138,12,x8,1,176,12,x10,1,213,12,x12,1,380,16,x16,1,158,18,x6,1,262,18,x10,1,323,18,x12,1,498,18,x18,1,438,24,x12,1,677,24,x18,1,907,24,x24,1,556,30,x12,1,844,30,x18,1,1143,30,x24,0,1440,30,x30,1,1022,36,x18,0,1394,36,x24,0,1757,36,x30,0,1881,48,x24,0,2160,48,x26,0,2333,48,x30
1200,Transfer - Hard ,Metal,6.5,,Estimated Metal Supply Duct Size,14.56 in. Ø round @ 0.1 in. w.g.,"(13.3 in. x 13.3 in. square, equal friction)",4.166666666666667,(≈600 in²),1.7341489218779831,(≈249.7 in²),[in]  x  width: 38.4 [in],17.8 in,0,"Duct = Grille Neck Size
LxW [in x in]",1,49,6,x6,1,63,8,x6,1,84,10,x6,1,115,10,x8,1,104,12,x6,1,138,12,x8,1,176,12,x10,1,213,12,x12,1,380,16,x16,1,158,18,x6,1,262,18,x10,1,323,18,x12,1,498,18,x18,1,438,24,x12,1,677,24,x18,1,907,24,x24,1,556,30,x12,1,844,30,x18,1,1143,30,x24,0,1440,30,x30,1,1022,36,x18,0,1394,36,x24,0,1757,36,x30,0,1881,48,x24,0,2160,48,x26,0,2333,48,x30
2332,Pass Through,Flex,6.5,,Estimated Flex Supply Duct Size,21.06 in. Ø round @ 0.1 in. w.g.,"(19.3 in. x 19.3 in. square, equal friction)",8.0972222222222214,(≈1166 in²),3.6287381138515054,(≈522.5 in²),[in]  x  width: 80.4 [in],25.8 in,0,"Duct = Grille Neck Size
LxW [in x in]",1,49,6,x6,1,63,8,x6,1,84,10,x6,1,115,10,x8,1,104,12,x6,1,138,12,x8,1,176,12,x10,1,213,12,x12,1,380,16,x16,1,158,18,x6,1,262,18,x10,1,323,18,x12,1,498,18,x18,1,438,24,x12,1,677,24,x18,1,907,24,x24,1,556,30,x12,1,844,30,x18,1,1143,30,x24,1,1440,30,x30,1,1022,36,x18,1,1394,36,x24,1,1757,36,x30,1,1881,48,x24,1,2160,48,x26,0,2333,48,x30
2332,Pass Through,Duct board,6.5,,Estimated Duct Board Supply Duct Size,19.67 in. Ø round @ 0.1 in. w.g.,"(18 in. x 18 in. square, equal friction)",8.0972222222222214,(≈1166 in²),3.1661480994608162,(≈455.9 in²),[in]  x  width: 70.1 [in],24.1 in,0,"Duct = Grille Neck Size
LxW [in x in]",1,49,6,x6,1,63,8,x6,1,84,10,x6,1,115,10,x8,1,104,12,x6,1,138,12,x8,1,176,12,x10,1,213,12,x12,1,380,16,x16,1,158,18,x6,1,262,18,x10,1,323,18,x12,1,498,18,x18,1,438,24,x12,1,677,24,x18,1,907,24,x24,1,556,30,x12,1,844,30,x18,1,1143,30,x24,1,1440,30,x30,1,1022,36,x18,1,1394,36,x24,1,1757,36,x30,1,1881,48,x24,1,2160,48,x26,0,2333,48,x30
2332,Pass Through,Metal,6.5,,Estimated Metal Supply Duct Size,18.7 in. Ø round @ 0.1 in. w.g.,"(17.1 in. x 17.1 in. square, equal friction)",8.0972222222222214,(≈1166 in²),2.8610623453194708,(≈412 in²),[in]  x  width: 63.4 [in],22.9 in,0,"Duct = Grille Neck Size
LxW [in x in]",1,49,6,x6,1,63,8,x6,1,84,10,x6,1,115,10,x8,1,104,12,x6,1,138,12,x8,1,176,12,x10,1,213,12,x12,1,380,16,x16,1,158,18,x6,1,262,18,x10,1,323,18,x12,1,498,18,x18,1,438,24,x12,1,677,24,x18,1,907,24,x24,1,556,30,x12,1,844,30,x18,1,1143,30,x24,1,1440,30,x30,1,1022,36,x18,1,1394,36,x24,1,1757,36,x30,1,1881,48,x24,1,2160,48,x26,0,2333,48,x30
2332,Transfer - Flex,Flex,6.5,,Estimated Flex Supply Duct Size,21.06 in. Ø round @ 0.1 in. w.g.,"(19.3 in. x 19.3 in. square, equal friction)",8.0972222222222214,(≈1166 in²),3.6287381138515054,(≈522.5 in²),[in]  x  width: 80.4 [in],25.8 in,1,"Min. Flex Duct
Diameter [in]",1,49,25.79,,1,63,25.79,,1,84,25.79,,1,115,25.79,,1,104,25.79,,1,138,25.79,,1,176,25.79,,1,213,25.79,,1,380,25.79,,1,158,25.79,,1,262,25.79,,1,323,25.79,,1,498,25.79,,1,438,25.79,,1,677,25.79,,1,907,25.79,,1,556,25.79,,1,844,25.79,,1,1143,25.79,,1,1440,25.79,,1,1022,25.79,,1,1394,25.79,,1,1757,25.79,,1,1881,25.79,,1,2160,25.79,,0,2333,25.79,
2332,Transfer - Flex,Duct board,6.5,,Estimated Duct Board Supply Duct Size,19.67 in. Ø round @ 0.1 in. w.g.,"(18 in. x 18 in. square, equal friction)",8.0972222222222214,(≈1166 in²),3.1661480994608162,(≈455.9 in²),[in]  x  width: 70.1 [in],24.1 in,1,"Min. Flex Duct
Diameter [in]",1,49,24.09,,1,63,24.09,,1,84,24.09,,1,115,24.09,,1,104,24.09,,1,138,24.09,,1,176,24.09,,1,213,24.09,,1,380,24.09,,1,158,24.09,,1,262,24.09,,1,323,24.09,,1,498,24.09,,1,438,24.09,,1,677,24.09,,1,907,24.09,,1,556,24.09,,1,844,24.09,,1,1143,24.09,,1,1440,24.09,,1,1022,24.09,,1,1394,24.09,,1,1757,24.09,,1,1881,24.09,,1,2160,24.09,,0,2333,24.09,
2332,Transfer - Flex,Metal,6.5,,Estimated Metal Supply Duct Size,18.7 in. Ø round @ 0.1 in. w.g.,"(17.1 in. x 17.1 in. square, equal friction)",8.0972222222222214,(≈1166 in²),2.8610623453194708,(≈412 in²),[in]  x  width: 63.4 [in],22.9 in,1,"Min. Flex Duct
Diameter [in]",1,49,22.9,,1,63,22.9,,1,84,22.9,,1,115,22.9,,1,104,22.9,,1,138,22.9,,1,176,22.9,,1,213,22.9,,1,380,22.9,,1,158,22.9,,1,262,22.9,,1,323,22.9,,1,498,22.9,,1,438,22.9,,1,677,22.9,,1,907,22.9,,1,556,22.9,,1,844,22.9,,1,1143,22.9,,1,1440,22.9,,1,1022,22.9,,1,1394,22.9,,1,1757,22.9,,1,1881,22.9,,1,2160,22.9,,0,2333,22.9,
2332,Transfer - Hard ,Flex,6.5,,Estimated Flex Supply Duct Size,21.06 in. Ø round @ 0.1 in. w.g.,"(19.3 in. x 19.3 in. square, equal friction)",8.0972222222222214,(≈1166 in²),3.6287381138515054,(≈522.5 in²),[in]  x  width: 80.4 [in],25.8 in,0,"Duct = Grille Neck Size
LxW [in x in]",1,49,6,x6,1,63,8,x6,1,84,10,x6,1,115,10,x8,1,104,12,x6,1,138,12,x8,1,176,12,x10,1,213,12,x12,1,380,16,x16,1,158,18,x6,1,262,18,x10,1,323,18,x12,1,498,18,x18,1,438,24,x12,1,677,24,x18,1,907,24,x24,1,556,30,x12,1,844,30,x18,1,1143,30,x24,1,1440,30,x30,1,1022,36,x18,1,1394,36,x24,1,1757,36,x30,1,1881,48,x24,1,2160,48,x26,0,2333,48,x30
2332,Transfer - Hard ,Duct board,6.5,,Estimated Duct Board Supply Duct Size,19.67 in. Ø round @ 0.1 in. w.g.,"(18 in. x 18 in. square, equal friction)",8.0972222222222214,(≈1166 in²),3.1661480994608162,(≈455.9 in²),[in]  x  width: 70.1 [in],24.1 in,0,"Duct = Grille Neck Size
LxW [in x in]",1,49,6,x6,1,63,8,x6,1,84,10,x6,1,115,10,x8,1,104,12,x6,1,138,12,x8,1,176,12,x10,1,213,12,x12,1,380,16,x16,1,158,18,x6,1,262,18,x10,1,323,18,x12,1,498,18,x18,1,438,24,x12,1,677,24,x18,1,907,24,x24,1,556,30,x12,1,844,30,x18,1,1143,30,x24,1,1440,30,x30,1,1022,36,x18,1,1394,36,x24,1,1757,36,x30,1,1881,48,x24,1,2160,48,x26,0,2333,48,x30
2332,Transfer - Hard ,Metal,6.5,,Estimated Metal Supply Duct Size,18.7 in. Ø round @ 0.1 in. w.g.,"(17.1 in. x 17.1 in. square, equal friction)",8.0972222222222214,(≈1166 in²),2.8610623453194708,(≈412 in²),[in]  x  width: 63.4 [in],22.9 in,0,"Duct = Grille Neck Size
LxW [in x in]",1,49,6,x6,1,63,8,x6,1,84,10,x6,1,115,10,x8,1,104,12,x6,1,138,12,x8,1,176,12,x10,1,213,12,x12,1,380,16,x16,1,158,18,x6,1,262,18,x10,1,323,18,x12,1,498,18,x18,1,438,24,x12,1,677,24,x18,1,907,24,x24,1,556,30,x12,1,844,30,x18,1,1143,30,x24,1,1440,30,x30,1,1022,36,x18,1,1394,36,x24,1,1757,36,x30,1,1881,48,x24,1,2160,48,x26,0,2333,48,x30
2332.5,Pass Through,Flex,6.5,,Estimated Flex Supply Duct Size,21.06 in. Ø round @ 0.1 in. w.g.,"(19.3 in. x 19.3 in. square, equal friction)",8.0989583333333339,(≈1166.3 in²),3.6293235415299234,(≈522.6 in²),[in]  x  width: 80.4 [in],25.8 in,0,"Duct = Grille Neck Size
LxW [in x in]",1,49,6,x6,1,63,8,x6,1,84,10,x6,1,115,10,x8,1,104,12,x6,1,138,12,x8,1,176,12,x10,1,213,12,x12,1,380,16,x16,1,158,18,x6,1,262,18,x10,1,323,18,x12,1,498,18,x18,1,438,24,x12,1,677,24,x18,1,907,24,x24,1,556,30,x12,1,844,30,x18,1,1143,30,x24,1,1440,30,x30,1,1022,36,x18,1,1394,36,x24,1,1757,36,x30,1,1881,48,x24,1,2160,48,x26,0,2333,48,x30
2332.5,Pass Through,Duct board,6.5,,Estimated Duct Board Supply Duct Size,19.67 in. Ø round @ 0.1 in. w.g.,"(18 in. x 18 in. square, equal friction)",8.0989583333333339,(≈1166.3 in²),3.1666618339403945,(≈456 in²),[in]  x  width: 70.2 [in],24.1 in,0,"Duct = Grille Neck Size
LxW [in x in]",1,49,6,x6,1,63,8,x6,1,84,10,x6,1,115,10,x8,1,104,12,x6,1,138,12,x8,1,176,12,x10,1,213,12,x12,1,380,16,x16,1,158,18,x6,1,262,18,x10,1,323,18,x12,1,498,18,x18,1,438,24,x12,1,677,24,x18,1,907,24,x24,1,556,30,x12,1,844,30,x18,1,1143,30,x24,1,1440,30,x30,1,1022,36,x18,1,1394,36,x24,1,1757,36,x30,1,1881,48,x24,1,2160,48,x26,0,2333,48,x30
2332.5,Pass Through,Metal,6.5,,Estimated Metal Supply Duct Size,18.7 in. Ø round @ 0.1 in. w.g.,"(17.1 in. x 17.1 in. square, equal friction)",8.0989583333333339,(≈1166.3 in²),2.86152528897272,(≈412.1 in²),[in]  x  width: 63.4 [in],22.9 in,0,"Duct = Grille Neck Size
LxW [in x in]",1,49,6,x6,1,63,8,x6,1,84,10,x6,1,115,10,x8,1,104,12,x6,1,138,12,x8,1,176,12,x10,1,213,12,x12,1,380,16,x16,1,158,18,x6,1,262,18,x10,1,323,18,x12,1,498,18,x18,1,438,24,x12,1,677,24,x18,1,907,24,x24,1,556,30,x12,1,844,30,x18,1,1143,30,x24,1,1440,30,x30,1,1022,36,x18,1,1394,36,x24,1,1757,36,x30,1,1881,48,x24,1,2160,48,x26,0,2333,48,x30
2332.5,Transfer - Flex,Flex,6.5,,Estimated Flex Supply Duct Size,21.06 in. Ø round @ 0.1 in. w.g.,"(19.3 in. x 19.3 in. square, equal friction)",8.0989583333333339,(≈1166.3 in²),3.6293235415299234,(≈522.6 in²),[in]  x  width: 80.4 [in],25.8 in,1,"Min. Flex Duct
Diameter [in]",1,49,25.8,,1,63,25.8,,1,84,25.8,,1,115,25.8,,1,104,25.8,,1,138,25.8,,1,176,25.8,,1,213,25.8,,1,380,25.8,,1,158,25.8,,1,262,25.8,,1,323,25.8,,1,498,25.8,,1,438,25.8,,1,677,25.8,,1,907,25.8,,1,556,25.8,,1,844,25.8,,1,1143,25.8,,1,1440,25.8,,1,1022,25.8,,1,1394,25.8,,1,1757,25.8,,1,1881,25.8,,1,2160,25.8,,0,2333,25.8,
2332.5,Transfer - Flex,Duct board,6.5,,Estimated Duct Board Supply Duct Size,19.67 in. Ø round @ 0.1 in. w.g.,"(18 in. x 18 in. square, equal friction)",8.0989583333333339,(≈1166.3 in²),3.1666618339403945,(≈456 in²),[in]  x  width: 70.2 [in],24.1 in,1,"Min. Flex Duct
Diameter [in]",1,49,24.1,,1,63,24.1,,1,84,24.1,,1,115,24.1,,1,104,24.1,,1,138,24.1,,1,176,24.1,,1,213,24.1,,1,380,24.1,,1,158,24.1,,1,262,24.1,,1,323,24.1,,1,498,24.1,,1,438,24.1,,1,677,24.1,,1,907,24.1,,1,556,24.1,,1,844,24.1,,1,1143,24.1,,1,1440,24.1,,1,1022,24.1,,1,1394,24.1,,1,1757,24.1,,1,1881,24.1,,1,2160,24.1,,0,2333,24.1,
2332.5,Transfer - Flex,Metal,6.5,,Estimated Metal Supply Duct Size,18.7 in. Ø round @ 0.1 in. w.g.,"(17.1 in. x 17.1 in. square, equal friction)",8.0989583333333339,(≈1166.3 in²),2.86152528897272,(≈412.1 in²),[in]  x  width: 63.4 [in],22.9 in,1,"Min. Flex Duct
Diameter [in]",1,49,22.91,,1,63,22.91,,1,84,22.91,,1,115,22.91,,1,104,22.91,,1,138,22.91,,1,176,22.91,,1,213,22.91,,1,380,22.91,,1,158,22.91,,1,262,22.91,,1,323,22.91,,1,498,22.91,,1,438,22.91,,1,677,22.91,,1,907,22.91,,1,556,22.91,,1,844,22.91,,1,1143,22.91,,1,1440,22.91,,1,1022,22.91,,1,1394,22.91,,1,1757,22.91,,1,1881,22.91,,1,2160,22.91,,0,2333,22.91,
2332.5,Transfer - Hard ,Flex,6.5,,Estimated Flex Supply Duct Size,21.06 in. Ø round @ 0.1 in. w.g.,"(19.3 in. x 19.3 in. square, equal friction)",8.0989583333333339,(≈1166.3 in²),3.6293235415299234,(≈522.6 in²),[in]  x  width: 80.4 [in],25.8 in,0,"Duct = Grille Neck Size
LxW [in x in]",1,49,6,x6,1,63,8,x6,1,84,10,x6,1,115,10,x8,1,104,12,x6,1,138,12,x8,1,176,12,x10,1,213,12,x12,1,380,16,x16,1,158,18,x6,1,262,18,x10,1,323,18,x12,1,498,18,x18,1,438,24,x12,1,677,24,x18,1,907,24,x24,1,556,30,x12,1,844,30,x18,1,1143,30,x24,1,1440,30,x30,1,1022,36,x18,1,1394,36,x24,1,1757,36,x30,1,1881,48,x24,1,2160,48,x26,0,2333,48,x30
2332.5,Transfer - Hard ,Duct board,6.5,,Estimated Duct Board Supply Duct Size,19.67 in. Ø round @ 0.1 in. w.g.,"(18 in. x 18 in. square, equal friction)",8.0989583333333339,(≈1166.3 in²),3.1666618339403945,(≈456 in²),[in]  x  width: 70.2 [in],24.1 in,0,"Duct = Grille Neck Size
LxW [in x in]",1,49,6,x6,1,63,8,x6,1,84,10,x6,1,115,10,x8,1,104,12,x6,1,138,12,x8,1,176,12,x10,1,213,12,x12,1,380,16,x16,1,158,18,x6,1,262,18,x10,1,323,18,x12,1,498,18,x18,1,438,24,x12,1,677,24,x18,1,907,24,x24,1,556,30,x12,1,844,30,x18,1,1143,30,x24,1,1440,30,x30,1,1022,36,x18,1,1394,36,x24,1,1757,36,x30,1,1881,48,x24,1,2160,48,x26,0,2333,48,x30
2332.5,Transfer - Hard ,Metal,6.5,,Estimated Metal Supply Duct Size,18.7 in. Ø round @ 0.1 in. w.g.,"(17.1 in. x 17.1 in. square, equal friction)",8.0989583333333339,(≈1166.3 in²),2.86152528897272,(≈412.1 in²),[in]  x  width: 63.4 [in],22.9 in,0,"Duct = Grille Neck Size
LxW [in x in]",1,49,6,x6,1,63,8,x6,1,84,10,x6,1,115,10,x8,1,104,12,x6,1,138,12,x8,1,176,12,x10,1,213,12,x12,1,380,16,x16,1,158,18,x6,1,262,18,x10,1,323,18,x12,1,498,18,x18,1,438,24,x12,1,677,24,x18,1,907,24,x24,1,556,30,x12,1,844,30,x18,1,1143,30,x24,1,1440,30,x30,1,1022,36,x18,1,1394,36,x24,1,1757,36,x30,1,1881,48,x24,1,2160,48,x26,0,2333,48,x30
2333,Pass Through,Flex,6.5,,Estimated Flex Supply Duct Size,21.06 in. Ø round @ 0.1 in. w.g.,"(19.3 in. x 19.3 in. square, equal friction)",8.1006944444444446,(≈1166.5 in²),3.6299089386620045,(≈522.7 in²),[in]  x  width: 80.4 [in],25.8 in,0,"Duct = Grille Neck Size
LxW [in x in]",1,49,6,x6,1,63,8,x6,1,84,10,x6,1,115,10,x8,1,104,12,x6,1,138,12,x8,1,176,12,x10,1,213,12,x12,1,380,16,x16,1,158,18,x6,1,262,18,x10,1,323,18,x12,1,498,18,x18,1,438,24,x12,1,677,24,x18,1,907,24,x24,1,556,30,x12,1,844,30,x18,1,1143,30,x24,1,1440,30,x30,1,1022,36,x18,1,1394,36,x24,1,1757,36,x30,1,1881,48,x24,1,2160,48,x26,0,2333,48,x30
2333,Pass Through,Duct board,6.5,,Estimated Duct Board Supply Duct Size,19.68 in. Ø round @ 0.1 in. w.g.,"(18 in. x 18 in. square, equal friction)",8.1006944444444446,(≈1166.5 in²),3.1671755420706718,(≈456.1 in²),[in]  x  width: 70.2 [in],24.1 in,0,"Duct = Grille Neck Size
LxW [in x in]",1,49,6,x6,1,63,8,x6,1,84,10,x6,1,115,10,x8,1,104,12,x6,1,138,12,x8,1,176,12,x10,1,213,12,x12,1,380,16,x16,1,158,18,x6,1,262,18,x10,1,323,18,x12,1,498,18,x18,1,438,24,x12,1,677,24,x18,1,907,24,x24,1,556,30,x12,1,844,30,x18,1,1143,30,x24,1,1440,30,x30,1,1022,36,x18,1,1394,36,x24,1,1757,36,x30,1,1881,48,x24,1,2160,48,x26,0,2333,48,x30
2333,Pass Through,Metal,6.5,,Estimated Metal Supply Duct Size,18.7 in. Ø round @ 0.1 in. w.g.,"(17.1 in. x 17.1 in. square, equal friction)",8.1006944444444446,(≈1166.5 in²),2.8619882087160442,(≈412.1 in²),[in]  x  width: 63.4 [in],22.9 in,0,"Duct = Grille Neck Size
LxW [in x in]",1,49,6,x6,1,63,8,x6,1,84,10,x6,1,115,10,x8,1,104,12,x6,1,138,12,x8,1,176,12,x10,1,213,12,x12,1,380,16,x16,1,158,18,x6,1,262,18,x10,1,323,18,x12,1,498,18,x18,1,438,24,x12,1,677,24,x18,1,907,24,x24,1,556,30,x12,1,844,30,x18,1,1143,30,x24,1,1440,30,x30,1,1022,36,x18,1,1394,36,x24,1,1757,36,x30,1,1881,48,x24,1,2160,48,x26,0,2333,48,x30
2333,Transfer - Flex,Flex,6.5,,Estimated Flex Supply Duct Size,21.06 in. Ø round @ 0.1 in. w.g.,"(19.3 in. x 19.3 in. square, equal friction)",8.1006944444444446,(≈1166.5 in²),3.6299089386620045,(≈522.7 in²),[in]  x  width: 80.4 [in],25.8 in,1,"Min. Flex Duct
Diameter [in]",1,49,25.8,,1,63,25.8,,1,84,25.8,,1,115,25.8,,1,104,25.8,,1,138,25.8,,1,176,25.8,,1,213,25.8,,1,380,25.8,,1,158,25.8,,1,262,25.8,,1,323,25.8,,1,498,25.8,,1,438,25.8,,1,677,25.8,,1,907,25.8,,1,556,25.8,,1,844,25.8,,1,1143,25.8,,1,1440,25.8,,1,1022,25.8,,1,1394,25.8,,1,1757,25.8,,1,1881,25.8,,1,2160,25.8,,0,2333,25.8,
2333,Transfer - Flex,Duct board,6.5,,Estimated Duct Board Supply Duct Size,19.68 in. Ø round @ 0.1 in. w.g.,"(18 in. x 18 in. square, equal friction)",8.1006944444444446,(≈1166.5 in²),3.1671755420706718,(≈456.1 in²),[in]  x  width: 70.2 [in],24.1 in,1,"Min. Flex Duct
Diameter [in]",1,49,24.1,,1,63,24.1,,1,84,24.1,,1,115,24.1,,1,104,24.1,,1,138,24.1,,1,176,24.1,,1,213,24.1,,1,380,24.1,,1,158,24.1,,1,262,24.1,,1,323,24.1,,1,498,24.1,,1,438,24.1,,1,677,24.1,,1,907,24.1,,1,556,24.1,,1,844,24.1,,1,1143,24.1,,1,1440,24.1,,1,1022,24.1,,1,1394,24.1,,1,1757,24.1,,1,1881,24.1,,1,2160,24.1,,0,2333,24.1,
2333,Transfer - Flex,Metal,6.5,,Estimated Metal Supply Duct Size,18.7 in. Ø round @ 0.1 in. w.g.,"(17.1 in. x 17.1 in. square, equal friction)",8.1006944444444446,(≈1166.5 in²),2.8619882087160442,(≈412.1 in²),[in]  x  width: 63.4 [in],22.9 in,1,"Min. Flex Duct
Diameter [in]",1,49,22.91,,1,63,22.91,,1,84,22.91,,1,115,22.91,,1,104,22.91,,1,138,22.91,,1,176,22.91,,1,213,22.91,,1,380,22.91,,1,158,22.91,,1,262,22.91,,1,323,22.91,,1,498,22.91,,1,438,22.91,,1,677,22.91,,1,907,22.91,,1,556,22.91,,1,844,22.91,,1,1143,22.91,,1,1440,22.91,,1,1022,22.91,,1,1394,22.91,,1,1757,22.91,,1,1881,22.91,,1,2160,22.91,,0,2333,22.91,
2333,Transfer - Hard ,Flex,6.5,,Estimated Flex Supply Duct Size,21.06 in. Ø round @ 0.1 in. w.g.,"(19.3 in. x 19.3 in. square, equal friction)",8.1006944444444446,(≈1166.5 in²),3.6299089386620045,(≈522.7 in²),[in]  x  width: 80.4 [in],25.8 in,0,"Duct = Grille Neck Size
LxW [in x in]",1,49,6,x6,1,63,8,x6,1,84,10,x6,1,115,10,x8,1,104,12,x6,1,138,12,x8,1,176,12,x10,1,213,12,x12,1,380,16,x16,1,158,18,x6,1,262,18,x10,1,323,18,x12,1,498,18,x18,1,438,24,x12,1,677,24,x18,1,907,24,x24,1,556,30,x12,1,844,30,x18,1,1143,30,x24,1,1440,30,x30,1,1022,36,x18,1,1394,36,x24,1,1757,36,x30,1,1881,48,x24,1,2160,48,x26,0,2333,48,x30
2333,Transfer - Hard ,Duct board,6.5,,Estimated Duct Board Supply Duct Size,19.68 in. Ø round @ 0.1 in. w.g.,"(18 in. x 18 in. square, equal friction)",8.1006944444444446,(≈1166.5 in²),3.1671755420706718,(≈456.1 in²),[in]  x  width: 70.2 [in],24.1 in,0,"Duct = Grille Neck Size
LxW [in x in]",1,49,6,x6,1,63,8,x6,1,84,10,x6,1,115,10,x8,1,104,12,x6,1,138,12,x8,1,176,12,x10,1,213,12,x12,1,380,16,x16,1,158,18,x6,1,262,18,x10,1,323,18,x12,1,498,18,x18,1,438,24,x12,1,677,24,x18,1,907,24,x24,1,556,30,x12,1,844,30,x18,1,1143,30,x24,1,1440,30,x30,1,1022,36,x18,1,1394,36,x24,1,1757,36,x30,1,1881,48,x24,1,2160,48,x26,0,2333,48,x30
2333,Transfer - Hard ,Metal,6.5,,Estimated Metal Supply Duct Size,18.7 in. Ø round @ 0.1 in. w.g.,"(17.1 in. x 17.1 in. square, equal friction)",8.1006944444444446,(≈1166.5 in²),2.8619882087160442,(≈412.1 in²),[in]  x  width: 63.4 [in],22.9 in,0,"Duct = Grille Neck Size
LxW [in x in]",1,49,6,x6,1,63,8,x6,1,84,10,x6,1,115,10,x8,1,104,12,x6,1,138,12,x8,1,176,12,x10,1,213,12,x12,1,380,16,x16,1,158,18,x6,1,262,18,x10,1,323,18,x12,1,498,18,x18,1,438,24,x12,1,677,24,x18,1,907,24,x24,1,556,30,x12,1,844,30,x18,1,1143,30,x24,1,1440,30,x30,1,1022,36,x18,1,1394,36,x24,1,1757,36,x30,1,1881,48,x24,1,2160,48,x26,0,2333,48,x30
2333.5,Pass Through,Flex,6.5,Inputs over 2333 CFM are invalid!,Estimated Flex Supply Duct Size,21.07 in. Ø round @ 0.1 in. w.g.,"(19.3 in. x 19.3 in. square, equal friction)",8.1024305555555554,(≈1166.8 in²),3.6304943052559775,(≈522.8 in²),[in]  x  width: 80.4 [in],25.8 in,0,"Duct = Grille Neck Size
LxW [in x in]",1,49,6,x6,1,63,8,x6,1,84,10,x6,1,115,10,x8,1,104,12,x6,1,138,12,x8,1,176,12,x10,1,213,12,x12,1,380,16,x16,1,158,18,x6,1,262,18,x10,1,323,18,x12,1,498,18,x18,1,438,24,x12,1,677,24,x18,1,907,24,x24,1,556,30,x12,1,844,30,x18,1,1143,30,x24,1,1440,30,x30,1,1022,36,x18,1,1394,36,x24,1,1757,36,x30,1,1881,48,x24,1,2160,48,x26,1,2333,48,x30
2333.5,Pass Through,Duct board,6.5,Inputs over 2333 CFM are invalid!,Estimated Duct Board Supply Duct Size,19.68 in. Ø round @ 0.1 in. w.g.,"(18 in. x 18 in. square, equal friction)",8.1024305555555554,(≈1166.8 in²),3.1676892238587078,(≈456.1 in²),[in]  x  width: 70.2 [in],24.1 in,0,"Duct = Grille Neck Size
LxW [in x in]",1,49,6,x6,1,63,8,x6,1,84,10,x6,1,115,10,x8,1,104,12,x6,1,138,12,x8,1,176,12,x10,1,213,12,x12,1,380,16,x16,1,158,18,x6,1,262,18,x10,1,323,18,x12,1,498,18,x18,1,438,24,x12,1,677,24,x18,1,907,24,x24,1,556,30,x12,1,844,30,x18,1,1143,30,x24,1,1440,30,x30,1,1022,36,x18,1,1394,36,x24,1,1757,36,x30,1,1881,48,x24,1,2160,48,x26,1,2333,48,x30
2333.5,Pass Through,Metal,6.5,Inputs over 2333 CFM are invalid!,Estimated Metal Supply Duct Size,18.71 in. Ø round @ 0.1 in. w.g.,"(17.1 in. x 17.1 in. square, equal friction)",8.1024305555555554,(≈1166.8 in²),2.8624511045558885,(≈412.2 in²),[in]  x  width: 63.4 [in],22.9 in,0,"Duct = Grille Neck Size
LxW [in x in]",1,49,6,x6,1,63,8,x6,1,84,10,x6,1,115,10,x8,1,104,12,x6,1,138,12,x8,1,176,12,x10,1,213,12,x12,1,380,16,x16,1,158,18,x6,1,262,18,x10,1,323,18,x12,1,498,18,x18,1,438,24,x12,1,677,24,x18,1,907,24,x24,1,556,30,x12,1,844,30,x18,1,1143,30,x24,1,1440,30,x30,1,1022,36,x18,1,1394,36,x24,1,1757,36,x30,1,1881,48,x24,1,2160,48,x26,1,2333,48,x30
2333.5,Transfer - Flex,Flex,6.5,Inputs over 2333 CFM are invalid!,Estimated Flex Supply Duct Size,21.07 in. Ø round @ 0.1 in. w.g.,"(19.3 in. x 19.3 in. square, equal friction)",8.1024305555555554,(≈1166.8 in²),3.6304943052559775,(≈522.8 in²),[in]  x  width: 80.4 [in],25.8 in,1,"Min. Flex Duct
Diameter [in]",1,49,25.8,,1,63,25.8,,1,84,25.8,,1,115,25.8,,1,104,25.8,,1,138,25.8,,1,176,25.8,,1,213,25.8,,1,380,25.8,,1,158,25.8,,1,262,25.8,,1,323,25.8,,1,498,25.8,,1,438,25.8,,1,677,25.8,,1,907,25.8,,1,556,25.8,,1,844,25.8,,1,1143,25.8,,1,1440,25.8,,1,1022,25.8,,1,1394,25.8,,1,1757,25.8,,1,1881,25.8,,1,2160,25.8,,1,2333,25.8,
2333.5,Transfer - Flex,Duct board,6.5,Inputs over 2333 CFM are invalid!,Estimated Duct Board Supply Duct Size,19.68 in. Ø round @ 0.1 in. w.g.,"(18 in. x 18 in. square, equal friction)",8.1024305555555554,(≈1166.8 in²),3.1676892238587078,(≈456.1 in²),[in]  x  width: 70.2 [in],24.1 in,1,"Min. Flex Duct
Diameter [in]",1,49,24.1,,1,63,24.1,,1,84,24.1,,1,115,24.1,,1,104,24.1,,1,138,24.1,,1,176,24.1,,1,213,24.1,,1,380,24.1,,1,158,24.1,,1,262,24.1,,1,323,24.1,,1,498,24.1,,1,438,24.1,,1,677,24.1,,1,907,24.1,,1,556,24.1,,1,844,24.1,,1,1143,24.1,,1,1440,24.1,,1,1022,24.1,,1,1394,24.1,,1,1757,24.1,,1,1881,24.1,,1,2160,24.1,,1,2333,24.1,
2333.5,Transfer - Flex,Metal,6.5,Inputs over 2333 CFM are invalid!,Estimated Metal Supply Duct Size,18.71 in. Ø round @ 0.1 in. w.g.,"(17.1 in. x 17.1 in. square, equal friction)",8.1024305555555554,(≈1166.8 in²),2.8624511045558885,(≈412.2 in²),[in]  x  width: 63.4 [in],22.9 in,1,"Min. Flex Duct
Diameter [in]",1,49,22.91,,1,63,22.91,,1,84,22.91,,1,115,22.91,,1,104,22.91,,1,138,22.91,,1,176,22.91,,1,213,22.91,,1,380,22.91,,1,158,22.91,,1,262,22.91,,1,323,22.91,,1,498,22.91,,1,438,22.91,,1,677,22.91,,1,907,22.91,,1,556,22.91,,1,844,22.91,,1,1143,22.91,,1,1440,22.91,,1,1022,22.91,,1,1394,22.91,,1,1757,22.91,,1,1881,22.91,,1,2160,22.91,,1,2333,22.91,
2333.5,Transfer - Hard ,Flex,6.5,Inputs over 2333 CFM are invalid!,Estimated Flex Supply Duct Size,21.07 in. Ø round @ 0.1 in. w.g.,"(19.3 in. x 19.3 in. square, equal friction)",8.1024305555555554,(≈1166.8 in²),3.6304943052559775,(≈522.8 in²),[in]  x  width: 80.4 [in],25.8 in,0,"Duct = Grille Neck Size
LxW [in x in]",1,49,6,x6,1,63,8,x6,1,84,10,x6,1,115,10,x8,1,104,12,x6,1,138,12,x8,1,176,12,x10,1,213,12,x12,1,380,16,x16,1,158,18,x6,1,262,18,x10,1,323,18,x12,1,498,18,x18,1,438,24,x12,1,677,24,x18,1,907,24,x24,1,556,30,x12,1,844,30,x18,1,1143,30,x24,1,1440,30,x30,1,1022,36,x18,1,1394,36,x24,1,1757,36,x30,1,1881,48,x24,1,2160,48,x26,1,2333,48,x30
2333.5,Transfer - Hard ,Duct board,6.5,Inputs over 2333 CFM are invalid!,Estimated Duct Board Supply Duct Size,19.68 in. Ø round @ 0.1 in. w.g.,"(18 in. x 18 in. square, equal friction)",8.1024305555555554,(≈1166.8 in²),3.1676892238587078,(≈456.1 in²),[in]  x  width: 70.2 [in],24.1 in,0,"Duct = Grille Neck Size
LxW [in x in]",1,49,6,x6,1,63,8,x6,1,84,10,x6,1,115,10,x8,1,104,12,x6,1,138,12,x8,1,176,12,x10,1,213,12,x12,1,380,16,x16,1,158,18,x6,1,262,18,x10,1,323,18,x12,1,498,18,x18,1,438,24,x12,1,677,24,x18,1,907,24,x24,1,556,30,x12,1,844,30,x18,1,1143,30,x24,1,1440,30,x30,1,1022,36,x18,1,1394,36,x24,1,1757,36,x30,1,1881,48,x24,1,2160,48,x26,1,2333,48,x30
2333.5,Transfer - Hard ,Metal,6.5,Inputs over 2333 CFM are invalid!,Estimated Metal Supply Duct Size,18.71 in. Ø round @ 0.1 in. w.g.,"(17.1 in. x 17.1 in. square, equal friction)",8.1024305555555554,(≈1166.8 in²),2.8624511045558885,(≈412.2 in²),[in]  x  width: 63.4 [in],22.9 in,0,"Duct = Grille Neck Size
LxW [in x in]",1,49,6,x6,1,63,8,x6,1,84,10,x6,1,115,10,x8,1,104,12,x6,1,138,12,x8,1,176,12,x10,1,213,12,x12,1,380,16,x16,1,158,18,x6,1,262,18,x10,1,323,18,x12,1,498,18,x18,1,438,24,x12,1,677,24,x18,1,907,24,x24,1,556,30,x12,1,844,30,x18,1,1143,30,x24,1,1440,30,x30,1,1022,36,x18,1,1394,36,x24,1,1757,36,x30,1,1881,48,x24,1,2160,48,x26,1,2333,48,x30
2400,Pass Through,Flex,6.5,Inputs over 2333 CFM are invalid!,Estimated Flex Supply Duct Size,21.29 in. Ø round @ 0.1 in. w.g.,"(19.5 in. x 19.5 in. square, equal friction)",8.3333333333333339,(≈1200 in²),3.7080791751452566,(≈534 in²),[in]  x  width: 82.1 [in],26.1 in,0,"Duct = Grille Neck Size
LxW [in x in]",1,49,6,x6,1,63,8,x6,1,84,10,x6,1,115,10,x8,1,104,12,x6,1,138,12,x8,1,176,12,x10,1,213,12,x12,1,380,16,x16,1,158,18,x6,1,262,18,x10,1,323,18,x12,1,498,18,x18,1,438,24,x12,1,677,24,x18,1,907,24,x24,1,556,30,x12,1,844,30,x18,1,1143,30,x24,1,1440,30,x30,1,1022,36,x18,1,1394,36,x24,1,1757,36,x30,1,1881,48,x24,1,2160,48,x26,1,2333,48,x30
2400,Pass Through,Duct board,6.5,Inputs over 2333 CFM are invalid!,Estimated Duct Board Supply Duct Size,19.89 in. Ø round @ 0.1 in. w.g.,"(18.2 in. x 18.2 in. square, equal friction)",8.3333333333333339,(≈1200 in²),3.2357769493229416,(≈466 in²),[in]  x  width: 71.7 [in],24.4 in,0,"Duct = Grille Neck Size
LxW [in x in]",1,49,6,x6,1,63,8,x6,1,84,10,x6,1,115,10,x8,1,104,12,x6,1,138,12,x8,1,176,12,x10,1,213,12,x12,1,380,16,x16,1,158,18,x6,1,262,18,x10,1,323,18,x12,1,498,18,x18,1,438,24,x12,1,677,24,x18,1,907,24,x24,1,556,30,x12,1,844,30,x18,1,1143,30,x24,1,1440,30,x30,1,1022,36,x18,1,1394,36,x24,1,1757,36,x30,1,1881,48,x24,1,2160,48,x26,1,2333,48,x30
2400,Pass Through,Metal,6.5,Inputs over 2333 CFM are invalid!,Estimated Metal Supply Duct Size,18.9 in. Ø round @ 0.1 in. w.g.,"(17.3 in. x 17.3 in. square, equal friction)",8.3333333333333339,(≈1200 in²),2.923805779282505,(≈421 in²),[in]  x  width: 64.8 [in],23.2 in,0,"Duct = Grille Neck Size
LxW [in x in]",1,49,6,x6,1,63,8,x6,1,84,10,x6,1,115,10,x8,1,104,12,x6,1,138,12,x8,1,176,12,x10,1,213,12,x12,1,380,16,x16,1,158,18,x6,1,262,18,x10,1,323,18,x12,1,498,18,x18,1,438,24,x12,1,677,24,x18,1,907,24,x24,1,556,30,x12,1,844,30,x18,1,1143,30,x24,1,1440,30,x30,1,1022,36,x18,1,1394,36,x24,1,1757,36,x30,1,1881,48,x24,1,2160,48,x26,1,2333,48,x30
2400,Transfer - Flex,Flex,6.5,Inputs over 2333 CFM are invalid!,Estimated Flex Supply Duct Size,21.29 in. Ø round @ 0.1 in. w.g.,"(19.5 in. x 19.5 in. square, equal friction)",8.3333333333333339,(≈1200 in²),3.7080791751452566,(≈534 in²),[in]  x  width: 82.1 [in],26.1 in,1,"Min. Flex Duct
Diameter [in]",1,49,26.07,,1,63,26.07,,1,84,26.07,,1,115,26.07,,1,104,26.07,,1,138,26.07,,1,176,26.07,,1,213,26.07,,1,380,26.07,,1,158,26.07,,1,262,26.07,,1,323,26.07,,1,498,26.07,,1,438,26.07,,1,677,26.07,,1,907,26.07,,1,556,26.07,,1,844,26.07,,1,1143,26.07,,1,1440,26.07,,1,1022,26.07,,1,1394,26.07,,1,1757,26.07,,1,1881,26.07,,1,2160,26.07,,1,2333,26.07,
2400,Transfer - Flex,Duct board,6.5,Inputs over 2333 CFM are invalid!,Estimated Duct Board Supply Duct Size,19.89 in. Ø round @ 0.1 in. w.g.,"(18.2 in. x 18.2 in. square, equal friction)",8.3333333333333339,(≈1200 in²),3.2357769493229416,(≈466 in²),[in]  x  width: 71.7 [in],24.4 in,1,"Min. Flex Duct
Diameter [in]",1,49,24.36,,1,63,24.36,,1,84,24.36,,1,115,24.36,,1,104,24.36,,1,138,24.36,,1,176,24.36,,1,213,24.36,,1,380,24.36,,1,158,24.36,,1,262,24.36,,1,323,24.36,,1,498,24.36,,1,438,24.36,,1,677,24.36,,1,907,24.36,,1,556,24.36,,1,844,24.36,,1,1143,24.36,,1,1440,24.36,,1,1022,24.36,,1,1394,24.36,,1,1757,24.36,,1,1881,24.36,,1,2160,24.36,,1,2333,24.36,
2400,Transfer - Flex,Metal,6.5,Inputs over 2333 CFM are invalid!,Estimated Metal Supply Duct Size,18.9 in. Ø round @ 0.1 in. w.g.,"(17.3 in. x 17.3 in. square, equal friction)",8.3333333333333339,(≈1200 in²),2.923805779282505,(≈421 in²),[in]  x  width: 64.8 [in],23.2 in,1,"Min. Flex Duct
Diameter [in]",1,49,23.15,,1,63,23.15,,1,84,23.15,,1,115,23.15,,1,104,23.15,,1,138,23.15,,1,176,23.15,,1,213,23.15,,1,380,23.15,,1,158,23.15,,1,262,23.15,,1,323,23.15,,1,498,23.15,,1,438,23.15,,1,677,23.15,,1,907,23.15,,1,556,23.15,,1,844,23.15,,1,1143,23.15,,1,1440,23.15,,1,1022,23.15,,1,1394,23.15,,1,1757,23.15,,1,1881,23.15,,1,2160,23.15,,1,2333,23.15,
2400,Transfer - Hard ,Flex,6.5,Inputs over 2333 CFM are invalid!,Estimated Flex Supply Duct Size,21.29 in. Ø round @ 0.1 in. w.g.,"(19.5 in. x 19.5 in. square, equal friction)",8.3333333333333339,(≈1200 in²),3.7080791751452566,(≈534 in²),[in]  x  width: 82.1 [in],26.1 in,0,"Duct = Grille Neck Size
LxW [in x in]",1,49,6,x6,1,63,8,x6,1,84,10,x6,1,115,10,x8,1,104,12,x6,1,138,12,x8,1,176,12,x10,1,213,12,x12,1,380,16,x16,1,158,18,x6,1,262,18,x10,1,323,18,x12,1,498,18,x18,1,438,24,x12,1,677,24,x18,1,907,24,x24,1,556,30,x12,1,844,30,x18,1,1143,30,x24,1,1440,30,x30,1,1022,36,x18,1,1394,36,x24,1,1757,36,x30,1,1881,48,x24,1,2160,48,x26,1,2333,48,x30
2400,Transfer - Hard ,Duct board,6.5,Inputs over 2333 CFM are invalid!,Estimated Duct Board Supply Duct Size,19.89 in. Ø round @ 0.1 in. w.g.,"(18.2 in. x 18.2 in. square, equal friction)",8.3333333333333339,(≈1200 in²),3.2357769493229416,(≈466 in²),[in]  x  width: 71.7 [in],24.4 in,0,"Duct = Grille Neck Size
LxW [in x in]",1,49,6,x6,1,63,8,x6,1,84,10,x6,1,115,10,x8,1,104,12,x6,1,138,12,x8,1,176,12,x10,1,213,12,x12,1,380,16,x16,1,158,18,x6,1,262,18,x10,1,323,18,x12,1,498,18,x18,1,438,24,x12,1,677,24,x18,1,907,24,x24,1,556,30,x12,1,844,30,x18,1,1143,30,x24,1,1440,30,x30,1,1022,36,x18,1,1394,36,x24,1,1757,36,x30,1,1881,48,x24,1,2160,48,x26,1,2333,48,x30
2400,Transfer - Hard ,Metal,6.5,Inputs over 2333 CFM are invalid!,Estimated Metal Supply Duct Size,18.9 in. Ø round @ 0.1 in. w.g.,"(17.3 in. x 17.3 in. square, equal friction)",8.3333333333333339,(≈1200 in²),2.923805779282505,(≈421 in²),[in]  x  width: 64.8 [in],23.2 in,0,"Duct = Grille Neck Size
LxW [in x in]",1,49,6,x6,1,63,8,x6,1,84,10,x6,1,115,10,x8,1,104,12,x6,1,138,12,x8,1,176,12,x10,1,213,12,x12,1,380,16,x16,1,158,18,x6,1,262,18,x10,1,323,18,x12,1,498,18,x18,1,438,24,x12,1,677,24,x18,1,907,24,x24,1,556,30,x12,1,844,30,x18,1,1143,30,x24,1,1440,30,x30,1,1022,36,x18,1,1394,36,x24,1,1757,36,x30,1,1881,48,x24,1,2160,48,x26,1,2333,48,x30
